solid OpenSCAD_Model
  facet normal -1 0 0
    outer loop
      vertex 0 3.5 0
      vertex 0 11.5 3.5
      vertex 0 11.5 0
    endloop
  endfacet
  facet normal -1 -0 0
    outer loop
      vertex 0 11.5 3.5
      vertex 0 3.5 0
      vertex 0 3.5 3.5
    endloop
  endfacet
  facet normal 0 0 1
    outer loop
      vertex 8 11.5 3.5
      vertex 6.5 7.5 3.5
      vertex 8 3.5 3.5
    endloop
  endfacet
  facet normal 0 0 1
    outer loop
      vertex 8 11.5 3.5
      vertex 6.49507 7.65698 3.5
      vertex 6.5 7.5 3.5
    endloop
  endfacet
  facet normal 0 0 1
    outer loop
      vertex 8 11.5 3.5
      vertex 6.48029 7.81333 3.5
      vertex 6.49507 7.65698 3.5
    endloop
  endfacet
  facet normal 0 0 1
    outer loop
      vertex 8 11.5 3.5
      vertex 6.45572 7.96845 3.5
      vertex 6.48029 7.81333 3.5
    endloop
  endfacet
  facet normal 0 0 1
    outer loop
      vertex 8 11.5 3.5
      vertex 6.42146 8.12172 3.5
      vertex 6.45572 7.96845 3.5
    endloop
  endfacet
  facet normal 0 0 1
    outer loop
      vertex 8 11.5 3.5
      vertex 6.37764 8.27254 3.5
      vertex 6.42146 8.12172 3.5
    endloop
  endfacet
  facet normal 0 0 1
    outer loop
      vertex 8 11.5 3.5
      vertex 6.32444 8.42031 3.5
      vertex 6.37764 8.27254 3.5
    endloop
  endfacet
  facet normal 0 0 1
    outer loop
      vertex 8 11.5 3.5
      vertex 6.26207 8.56445 3.5
      vertex 6.32444 8.42031 3.5
    endloop
  endfacet
  facet normal 0 0 1
    outer loop
      vertex 8 11.5 3.5
      vertex 6.19077 8.70438 3.5
      vertex 6.26207 8.56445 3.5
    endloop
  endfacet
  facet normal 0 0 1
    outer loop
      vertex 8 11.5 3.5
      vertex 6.11082 8.83957 3.5
      vertex 6.19077 8.70438 3.5
    endloop
  endfacet
  facet normal 0 0 1
    outer loop
      vertex 8 11.5 3.5
      vertex 6.02254 8.96946 3.5
      vertex 6.11082 8.83957 3.5
    endloop
  endfacet
  facet normal 0 0 1
    outer loop
      vertex 8 11.5 3.5
      vertex 5.92628 9.09356 3.5
      vertex 6.02254 8.96946 3.5
    endloop
  endfacet
  facet normal 0 0 1
    outer loop
      vertex 8 11.5 3.5
      vertex 5.82242 9.21137 3.5
      vertex 5.92628 9.09356 3.5
    endloop
  endfacet
  facet normal 0 0 1
    outer loop
      vertex 8 11.5 3.5
      vertex 5.71137 9.32242 3.5
      vertex 5.82242 9.21137 3.5
    endloop
  endfacet
  facet normal 0 0 1
    outer loop
      vertex 8 11.5 3.5
      vertex 5.59356 9.42628 3.5
      vertex 5.71137 9.32242 3.5
    endloop
  endfacet
  facet normal 0 0 1
    outer loop
      vertex 8 11.5 3.5
      vertex 5.46946 9.52254 3.5
      vertex 5.59356 9.42628 3.5
    endloop
  endfacet
  facet normal 0 0 1
    outer loop
      vertex 8 11.5 3.5
      vertex 5.33957 9.61082 3.5
      vertex 5.46946 9.52254 3.5
    endloop
  endfacet
  facet normal 0 0 1
    outer loop
      vertex 8 11.5 3.5
      vertex 5.20438 9.69077 3.5
      vertex 5.33957 9.61082 3.5
    endloop
  endfacet
  facet normal 0 0 1
    outer loop
      vertex 8 11.5 3.5
      vertex 5.06445 9.76207 3.5
      vertex 5.20438 9.69077 3.5
    endloop
  endfacet
  facet normal 0 0 1
    outer loop
      vertex 8 11.5 3.5
      vertex 4.92031 9.82444 3.5
      vertex 5.06445 9.76207 3.5
    endloop
  endfacet
  facet normal 0 0 1
    outer loop
      vertex 8 11.5 3.5
      vertex 4.77254 9.87764 3.5
      vertex 4.92031 9.82444 3.5
    endloop
  endfacet
  facet normal 0 0 1
    outer loop
      vertex 8 11.5 3.5
      vertex 4.62172 9.92146 3.5
      vertex 4.77254 9.87764 3.5
    endloop
  endfacet
  facet normal 0 0 1
    outer loop
      vertex 8 11.5 3.5
      vertex 4.46845 9.95572 3.5
      vertex 4.62172 9.92146 3.5
    endloop
  endfacet
  facet normal 0 0 1
    outer loop
      vertex 8 11.5 3.5
      vertex 4.31333 9.98029 3.5
      vertex 4.46845 9.95572 3.5
    endloop
  endfacet
  facet normal 0 0 1
    outer loop
      vertex 8 11.5 3.5
      vertex 4.15698 9.99507 3.5
      vertex 4.31333 9.98029 3.5
    endloop
  endfacet
  facet normal 0 0 1
    outer loop
      vertex 8 11.5 3.5
      vertex 4 10 3.5
      vertex 4.15698 9.99507 3.5
    endloop
  endfacet
  facet normal -0 0 1
    outer loop
      vertex 0 11.5 3.5
      vertex 4 10 3.5
      vertex 8 11.5 3.5
    endloop
  endfacet
  facet normal 0 0 1
    outer loop
      vertex 4 10 3.5
      vertex 0 11.5 3.5
      vertex 3.84302 9.99507 3.5
    endloop
  endfacet
  facet normal 0 0 1
    outer loop
      vertex 3.84302 9.99507 3.5
      vertex 0 11.5 3.5
      vertex 3.68667 9.98029 3.5
    endloop
  endfacet
  facet normal 0 0 1
    outer loop
      vertex 3.68667 9.98029 3.5
      vertex 0 11.5 3.5
      vertex 3.53155 9.95572 3.5
    endloop
  endfacet
  facet normal 0 0 1
    outer loop
      vertex 3.53155 9.95572 3.5
      vertex 0 11.5 3.5
      vertex 3.37827 9.92146 3.5
    endloop
  endfacet
  facet normal 0 0 1
    outer loop
      vertex 1.50493 7.65698 3.5
      vertex 0 11.5 3.5
      vertex 1.5 7.5 3.5
    endloop
  endfacet
  facet normal 0 0 1
    outer loop
      vertex 1.51971 7.81333 3.5
      vertex 0 11.5 3.5
      vertex 1.50493 7.65698 3.5
    endloop
  endfacet
  facet normal 0 0 1
    outer loop
      vertex 1.54428 7.96845 3.5
      vertex 0 11.5 3.5
      vertex 1.51971 7.81333 3.5
    endloop
  endfacet
  facet normal 0 0 1
    outer loop
      vertex 1.57854 8.12172 3.5
      vertex 0 11.5 3.5
      vertex 1.54428 7.96845 3.5
    endloop
  endfacet
  facet normal 0 0 1
    outer loop
      vertex 1.62236 8.27254 3.5
      vertex 0 11.5 3.5
      vertex 1.57854 8.12172 3.5
    endloop
  endfacet
  facet normal 0 0 1
    outer loop
      vertex 1.67556 8.42031 3.5
      vertex 0 11.5 3.5
      vertex 1.62236 8.27254 3.5
    endloop
  endfacet
  facet normal 0 0 1
    outer loop
      vertex 1.73793 8.56445 3.5
      vertex 0 11.5 3.5
      vertex 1.67556 8.42031 3.5
    endloop
  endfacet
  facet normal 0 0 1
    outer loop
      vertex 1.80923 8.70438 3.5
      vertex 0 11.5 3.5
      vertex 1.73793 8.56445 3.5
    endloop
  endfacet
  facet normal 0 0 1
    outer loop
      vertex 1.88918 8.83957 3.5
      vertex 0 11.5 3.5
      vertex 1.80923 8.70438 3.5
    endloop
  endfacet
  facet normal 0 0 1
    outer loop
      vertex 1.97746 8.96946 3.5
      vertex 0 11.5 3.5
      vertex 1.88918 8.83957 3.5
    endloop
  endfacet
  facet normal 0 0 1
    outer loop
      vertex 2.07372 9.09356 3.5
      vertex 0 11.5 3.5
      vertex 1.97746 8.96946 3.5
    endloop
  endfacet
  facet normal 0 0 1
    outer loop
      vertex 2.17758 9.21137 3.5
      vertex 0 11.5 3.5
      vertex 2.07372 9.09356 3.5
    endloop
  endfacet
  facet normal 0 0 1
    outer loop
      vertex 2.28863 9.32242 3.5
      vertex 0 11.5 3.5
      vertex 2.17758 9.21137 3.5
    endloop
  endfacet
  facet normal 0 0 1
    outer loop
      vertex 2.40644 9.42628 3.5
      vertex 0 11.5 3.5
      vertex 2.28863 9.32242 3.5
    endloop
  endfacet
  facet normal 0 0 1
    outer loop
      vertex 2.53054 9.52254 3.5
      vertex 0 11.5 3.5
      vertex 2.40644 9.42628 3.5
    endloop
  endfacet
  facet normal 0 0 1
    outer loop
      vertex 2.66043 9.61082 3.5
      vertex 0 11.5 3.5
      vertex 2.53054 9.52254 3.5
    endloop
  endfacet
  facet normal 0 0 1
    outer loop
      vertex 2.79562 9.69077 3.5
      vertex 0 11.5 3.5
      vertex 2.66043 9.61082 3.5
    endloop
  endfacet
  facet normal 0 0 1
    outer loop
      vertex 2.93555 9.76207 3.5
      vertex 0 11.5 3.5
      vertex 2.79562 9.69077 3.5
    endloop
  endfacet
  facet normal 0 0 1
    outer loop
      vertex 3.07969 9.82444 3.5
      vertex 0 11.5 3.5
      vertex 2.93555 9.76207 3.5
    endloop
  endfacet
  facet normal 0 0 1
    outer loop
      vertex 3.22746 9.87764 3.5
      vertex 0 11.5 3.5
      vertex 3.07969 9.82444 3.5
    endloop
  endfacet
  facet normal 0 0 1
    outer loop
      vertex 3.37827 9.92146 3.5
      vertex 0 11.5 3.5
      vertex 3.22746 9.87764 3.5
    endloop
  endfacet
  facet normal -0 0 1
    outer loop
      vertex 6.49507 7.34302 3.5
      vertex 8 3.5 3.5
      vertex 6.5 7.5 3.5
    endloop
  endfacet
  facet normal -0 0 1
    outer loop
      vertex 6.48029 7.18667 3.5
      vertex 8 3.5 3.5
      vertex 6.49507 7.34302 3.5
    endloop
  endfacet
  facet normal -0 0 1
    outer loop
      vertex 6.45572 7.03155 3.5
      vertex 8 3.5 3.5
      vertex 6.48029 7.18667 3.5
    endloop
  endfacet
  facet normal -0 0 1
    outer loop
      vertex 6.42146 6.87827 3.5
      vertex 8 3.5 3.5
      vertex 6.45572 7.03155 3.5
    endloop
  endfacet
  facet normal -0 0 1
    outer loop
      vertex 6.37764 6.72746 3.5
      vertex 8 3.5 3.5
      vertex 6.42146 6.87827 3.5
    endloop
  endfacet
  facet normal -0 0 1
    outer loop
      vertex 6.32444 6.57969 3.5
      vertex 8 3.5 3.5
      vertex 6.37764 6.72746 3.5
    endloop
  endfacet
  facet normal -0 0 1
    outer loop
      vertex 6.26207 6.43555 3.5
      vertex 8 3.5 3.5
      vertex 6.32444 6.57969 3.5
    endloop
  endfacet
  facet normal -0 0 1
    outer loop
      vertex 6.19077 6.29562 3.5
      vertex 8 3.5 3.5
      vertex 6.26207 6.43555 3.5
    endloop
  endfacet
  facet normal -0 0 1
    outer loop
      vertex 6.11082 6.16043 3.5
      vertex 8 3.5 3.5
      vertex 6.19077 6.29562 3.5
    endloop
  endfacet
  facet normal -0 0 1
    outer loop
      vertex 6.02254 6.03054 3.5
      vertex 8 3.5 3.5
      vertex 6.11082 6.16043 3.5
    endloop
  endfacet
  facet normal -0 0 1
    outer loop
      vertex 5.92628 5.90644 3.5
      vertex 8 3.5 3.5
      vertex 6.02254 6.03054 3.5
    endloop
  endfacet
  facet normal -0 0 1
    outer loop
      vertex 5.82242 5.78863 3.5
      vertex 8 3.5 3.5
      vertex 5.92628 5.90644 3.5
    endloop
  endfacet
  facet normal -0 0 1
    outer loop
      vertex 5.71137 5.67758 3.5
      vertex 8 3.5 3.5
      vertex 5.82242 5.78863 3.5
    endloop
  endfacet
  facet normal -0 0 1
    outer loop
      vertex 5.59356 5.57372 3.5
      vertex 8 3.5 3.5
      vertex 5.71137 5.67758 3.5
    endloop
  endfacet
  facet normal -0 0 1
    outer loop
      vertex 5.46946 5.47746 3.5
      vertex 8 3.5 3.5
      vertex 5.59356 5.57372 3.5
    endloop
  endfacet
  facet normal -0 0 1
    outer loop
      vertex 5.33957 5.38918 3.5
      vertex 8 3.5 3.5
      vertex 5.46946 5.47746 3.5
    endloop
  endfacet
  facet normal -0 0 1
    outer loop
      vertex 5.20438 5.30923 3.5
      vertex 8 3.5 3.5
      vertex 5.33957 5.38918 3.5
    endloop
  endfacet
  facet normal -0 0 1
    outer loop
      vertex 5.06445 5.23793 3.5
      vertex 8 3.5 3.5
      vertex 5.20438 5.30923 3.5
    endloop
  endfacet
  facet normal -0 0 1
    outer loop
      vertex 4.92031 5.17556 3.5
      vertex 8 3.5 3.5
      vertex 5.06445 5.23793 3.5
    endloop
  endfacet
  facet normal -0 0 1
    outer loop
      vertex 4.77254 5.12236 3.5
      vertex 8 3.5 3.5
      vertex 4.92031 5.17556 3.5
    endloop
  endfacet
  facet normal -0 0 1
    outer loop
      vertex 4.62172 5.07854 3.5
      vertex 8 3.5 3.5
      vertex 4.77254 5.12236 3.5
    endloop
  endfacet
  facet normal -0 0 1
    outer loop
      vertex 4.46845 5.04428 3.5
      vertex 8 3.5 3.5
      vertex 4.62172 5.07854 3.5
    endloop
  endfacet
  facet normal -0 0 1
    outer loop
      vertex 4.31333 5.01971 3.5
      vertex 8 3.5 3.5
      vertex 4.46845 5.04428 3.5
    endloop
  endfacet
  facet normal -0 0 1
    outer loop
      vertex 4.15698 5.00493 3.5
      vertex 8 3.5 3.5
      vertex 4.31333 5.01971 3.5
    endloop
  endfacet
  facet normal -0 0 1
    outer loop
      vertex 4 5 3.5
      vertex 8 3.5 3.5
      vertex 4.15698 5.00493 3.5
    endloop
  endfacet
  facet normal 0 0 1
    outer loop
      vertex 0 3.5 3.5
      vertex 4 5 3.5
      vertex 3.84302 5.00493 3.5
    endloop
  endfacet
  facet normal 0 0 1
    outer loop
      vertex 0 3.5 3.5
      vertex 3.84302 5.00493 3.5
      vertex 3.68667 5.01971 3.5
    endloop
  endfacet
  facet normal 0 0 1
    outer loop
      vertex 0 3.5 3.5
      vertex 3.68667 5.01971 3.5
      vertex 3.53155 5.04428 3.5
    endloop
  endfacet
  facet normal 0 0 1
    outer loop
      vertex 0 3.5 3.5
      vertex 3.53155 5.04428 3.5
      vertex 3.37827 5.07854 3.5
    endloop
  endfacet
  facet normal 0 0 1
    outer loop
      vertex 0 3.5 3.5
      vertex 3.37827 5.07854 3.5
      vertex 3.22746 5.12236 3.5
    endloop
  endfacet
  facet normal 0 0 1
    outer loop
      vertex 0 3.5 3.5
      vertex 1.5 7.5 3.5
      vertex 0 11.5 3.5
    endloop
  endfacet
  facet normal 0 0 1
    outer loop
      vertex 1.5 7.5 3.5
      vertex 0 3.5 3.5
      vertex 1.50493 7.34302 3.5
    endloop
  endfacet
  facet normal 0 0 1
    outer loop
      vertex 1.50493 7.34302 3.5
      vertex 0 3.5 3.5
      vertex 1.51971 7.18667 3.5
    endloop
  endfacet
  facet normal 0 0 1
    outer loop
      vertex 1.51971 7.18667 3.5
      vertex 0 3.5 3.5
      vertex 1.54428 7.03155 3.5
    endloop
  endfacet
  facet normal 0 0 1
    outer loop
      vertex 1.54428 7.03155 3.5
      vertex 0 3.5 3.5
      vertex 1.57854 6.87827 3.5
    endloop
  endfacet
  facet normal 0 0 1
    outer loop
      vertex 4 5 3.5
      vertex 0 3.5 3.5
      vertex 8 3.5 3.5
    endloop
  endfacet
  facet normal 0 0 1
    outer loop
      vertex 3.07969 5.17556 3.5
      vertex 0 3.5 3.5
      vertex 3.22746 5.12236 3.5
    endloop
  endfacet
  facet normal 0 0 1
    outer loop
      vertex 2.93555 5.23793 3.5
      vertex 0 3.5 3.5
      vertex 3.07969 5.17556 3.5
    endloop
  endfacet
  facet normal 0 0 1
    outer loop
      vertex 2.79562 5.30923 3.5
      vertex 0 3.5 3.5
      vertex 2.93555 5.23793 3.5
    endloop
  endfacet
  facet normal 0 0 1
    outer loop
      vertex 2.66043 5.38918 3.5
      vertex 0 3.5 3.5
      vertex 2.79562 5.30923 3.5
    endloop
  endfacet
  facet normal 0 0 1
    outer loop
      vertex 2.53054 5.47746 3.5
      vertex 0 3.5 3.5
      vertex 2.66043 5.38918 3.5
    endloop
  endfacet
  facet normal 0 0 1
    outer loop
      vertex 2.40644 5.57372 3.5
      vertex 0 3.5 3.5
      vertex 2.53054 5.47746 3.5
    endloop
  endfacet
  facet normal 0 0 1
    outer loop
      vertex 2.28863 5.67758 3.5
      vertex 0 3.5 3.5
      vertex 2.40644 5.57372 3.5
    endloop
  endfacet
  facet normal 0 0 1
    outer loop
      vertex 2.17758 5.78863 3.5
      vertex 0 3.5 3.5
      vertex 2.28863 5.67758 3.5
    endloop
  endfacet
  facet normal 0 0 1
    outer loop
      vertex 2.07372 5.90644 3.5
      vertex 0 3.5 3.5
      vertex 2.17758 5.78863 3.5
    endloop
  endfacet
  facet normal 0 0 1
    outer loop
      vertex 1.97746 6.03054 3.5
      vertex 0 3.5 3.5
      vertex 2.07372 5.90644 3.5
    endloop
  endfacet
  facet normal 0 0 1
    outer loop
      vertex 1.88918 6.16043 3.5
      vertex 0 3.5 3.5
      vertex 1.97746 6.03054 3.5
    endloop
  endfacet
  facet normal 0 0 1
    outer loop
      vertex 1.80923 6.29562 3.5
      vertex 0 3.5 3.5
      vertex 1.88918 6.16043 3.5
    endloop
  endfacet
  facet normal 0 0 1
    outer loop
      vertex 1.73793 6.43555 3.5
      vertex 0 3.5 3.5
      vertex 1.80923 6.29562 3.5
    endloop
  endfacet
  facet normal 0 0 1
    outer loop
      vertex 1.67556 6.57969 3.5
      vertex 0 3.5 3.5
      vertex 1.73793 6.43555 3.5
    endloop
  endfacet
  facet normal 0 0 1
    outer loop
      vertex 1.62236 6.72746 3.5
      vertex 0 3.5 3.5
      vertex 1.67556 6.57969 3.5
    endloop
  endfacet
  facet normal 0 0 1
    outer loop
      vertex 1.57854 6.87827 3.5
      vertex 0 3.5 3.5
      vertex 1.62236 6.72746 3.5
    endloop
  endfacet
  facet normal 1 -0 0
    outer loop
      vertex 8 3.5 3.5
      vertex 8 11.5 0
      vertex 8 11.5 3.5
    endloop
  endfacet
  facet normal 1 0 0
    outer loop
      vertex 8 11.5 0
      vertex 8 3.5 3.5
      vertex 8 3.5 0
    endloop
  endfacet
  facet normal 0 1 -0
    outer loop
      vertex 8 11.5 0
      vertex 0 11.5 3.5
      vertex 8 11.5 3.5
    endloop
  endfacet
  facet normal 0 1 0
    outer loop
      vertex 0 11.5 3.5
      vertex 8 11.5 0
      vertex 0 11.5 0
    endloop
  endfacet
  facet normal 0 0 -1
    outer loop
      vertex 0 3.5 0
      vertex 8 11.5 0
      vertex 8 3.5 0
    endloop
  endfacet
  facet normal -0 0 -1
    outer loop
      vertex 8 11.5 0
      vertex 0 3.5 0
      vertex 0 11.5 0
    endloop
  endfacet
  facet normal 0 -1 0
    outer loop
      vertex 0 3.5 0
      vertex 8 3.5 3.5
      vertex 0 3.5 3.5
    endloop
  endfacet
  facet normal 0 -1 -0
    outer loop
      vertex 8 3.5 3.5
      vertex 0 3.5 0
      vertex 8 3.5 0
    endloop
  endfacet
  facet normal -0.338735 -0.940882 0
    outer loop
      vertex 3.07969 5.17556 3.5
      vertex 3.22746 5.12236 8
      vertex 3.07969 5.17556 8
    endloop
  endfacet
  facet normal -0.338735 -0.940882 -0
    outer loop
      vertex 3.22746 5.12236 8
      vertex 3.07969 5.17556 3.5
      vertex 3.22746 5.12236 3.5
    endloop
  endfacet
  facet normal 0.562113 0.82706 -0
    outer loop
      vertex 5.46946 9.52254 3.5
      vertex 5.33957 9.61082 8
      vertex 5.46946 9.52254 8
    endloop
  endfacet
  facet normal 0.562113 0.82706 0
    outer loop
      vertex 5.33957 9.61082 8
      vertex 5.46946 9.52254 3.5
      vertex 5.33957 9.61082 3.5
    endloop
  endfacet
  facet normal -0.397121 0.917766 0
    outer loop
      vertex 3.07969 9.82444 3.5
      vertex 2.93555 9.76207 8
      vertex 3.07969 9.82444 8
    endloop
  endfacet
  facet normal -0.397121 0.917766 0
    outer loop
      vertex 2.93555 9.76207 8
      vertex 3.07969 9.82444 3.5
      vertex 2.93555 9.76207 3.5
    endloop
  endfacet
  facet normal -0.891001 -0.454001 0
    outer loop
      vertex 1.80923 6.29562 3.5
      vertex 1.73793 6.43555 8
      vertex 1.73793 6.43555 3.5
    endloop
  endfacet
  facet normal -0.891001 -0.454001 0
    outer loop
      vertex 1.73793 6.43555 8
      vertex 1.80923 6.29562 3.5
      vertex 1.80923 6.29562 8
    endloop
  endfacet
  facet normal 0.975917 0.218144 0
    outer loop
      vertex 6.45572 7.96845 8
      vertex 6.42146 8.12172 3.5
      vertex 6.42146 8.12172 8
    endloop
  endfacet
  facet normal 0.975917 0.218144 0
    outer loop
      vertex 6.42146 8.12172 3.5
      vertex 6.45572 7.96845 8
      vertex 6.45572 7.96845 3.5
    endloop
  endfacet
  facet normal 0.960289 0.279007 0
    outer loop
      vertex 6.42146 8.12172 8
      vertex 6.37764 8.27254 3.5
      vertex 6.37764 8.27254 8
    endloop
  endfacet
  facet normal 0.960289 0.279007 0
    outer loop
      vertex 6.37764 8.27254 3.5
      vertex 6.42146 8.12172 8
      vertex 6.42146 8.12172 3.5
    endloop
  endfacet
  facet normal 0.790161 0.6129 0
    outer loop
      vertex 6.02254 8.96946 8
      vertex 5.92628 9.09356 3.5
      vertex 5.92628 9.09356 8
    endloop
  endfacet
  facet normal 0.790161 0.6129 0
    outer loop
      vertex 5.92628 9.09356 3.5
      vertex 6.02254 8.96946 8
      vertex 6.02254 8.96946 3.5
    endloop
  endfacet
  facet normal 0.509036 0.860745 -0
    outer loop
      vertex 5.33957 9.61082 3.5
      vertex 5.20438 9.69077 8
      vertex 5.33957 9.61082 8
    endloop
  endfacet
  facet normal 0.509036 0.860745 0
    outer loop
      vertex 5.20438 9.69077 8
      vertex 5.33957 9.61082 3.5
      vertex 5.20438 9.69077 3.5
    endloop
  endfacet
  facet normal -0.999507 0.0313898 0
    outer loop
      vertex 1.5 7.5 3.5
      vertex 1.50493 7.65698 8
      vertex 1.50493 7.65698 3.5
    endloop
  endfacet
  facet normal -0.999507 0.0313898 0
    outer loop
      vertex 1.50493 7.65698 8
      vertex 1.5 7.5 3.5
      vertex 1.5 7.5 8
    endloop
  endfacet
  facet normal -0.891001 0.454001 0
    outer loop
      vertex 1.73793 8.56445 3.5
      vertex 1.80923 8.70438 8
      vertex 1.80923 8.70438 3.5
    endloop
  endfacet
  facet normal -0.891001 0.454001 0
    outer loop
      vertex 1.80923 8.70438 8
      vertex 1.73793 8.56445 3.5
      vertex 1.73793 8.56445 8
    endloop
  endfacet
  facet normal -0.6129 0.790161 0
    outer loop
      vertex 2.53054 9.52254 3.5
      vertex 2.40644 9.42628 8
      vertex 2.53054 9.52254 8
    endloop
  endfacet
  facet normal -0.6129 0.790161 0
    outer loop
      vertex 2.40644 9.42628 8
      vertex 2.53054 9.52254 3.5
      vertex 2.40644 9.42628 3.5
    endloop
  endfacet
  facet normal 0.891001 -0.454001 0
    outer loop
      vertex 6.19077 6.29562 8
      vertex 6.26207 6.43555 3.5
      vertex 6.26207 6.43555 8
    endloop
  endfacet
  facet normal 0.891001 -0.454001 0
    outer loop
      vertex 6.26207 6.43555 3.5
      vertex 6.19077 6.29562 8
      vertex 6.19077 6.29562 3.5
    endloop
  endfacet
  facet normal 0.279007 -0.960289 0
    outer loop
      vertex 4.62172 5.07854 3.5
      vertex 4.77254 5.12236 8
      vertex 4.62172 5.07854 8
    endloop
  endfacet
  facet normal 0.279007 -0.960289 0
    outer loop
      vertex 4.77254 5.12236 8
      vertex 4.62172 5.07854 3.5
      vertex 4.77254 5.12236 3.5
    endloop
  endfacet
  facet normal 0.707107 -0.707107 0
    outer loop
      vertex 5.71137 5.67758 8
      vertex 5.82242 5.78863 3.5
      vertex 5.82242 5.78863 8
    endloop
  endfacet
  facet normal 0.707107 -0.707107 0
    outer loop
      vertex 5.82242 5.78863 3.5
      vertex 5.71137 5.67758 8
      vertex 5.71137 5.67758 3.5
    endloop
  endfacet
  facet normal 0.917766 0.397121 0
    outer loop
      vertex 6.32444 8.42031 8
      vertex 6.26207 8.56445 3.5
      vertex 6.26207 8.56445 8
    endloop
  endfacet
  facet normal 0.917766 0.397121 0
    outer loop
      vertex 6.26207 8.56445 3.5
      vertex 6.32444 8.42031 8
      vertex 6.32444 8.42031 3.5
    endloop
  endfacet
  facet normal 0.891001 0.454001 0
    outer loop
      vertex 6.26207 8.56445 8
      vertex 6.19077 8.70438 3.5
      vertex 6.19077 8.70438 8
    endloop
  endfacet
  facet normal 0.891001 0.454001 0
    outer loop
      vertex 6.19077 8.70438 3.5
      vertex 6.26207 8.56445 8
      vertex 6.26207 8.56445 3.5
    endloop
  endfacet
  facet normal 0.707107 0.707107 0
    outer loop
      vertex 5.82242 9.21137 8
      vertex 5.71137 9.32242 3.5
      vertex 5.71137 9.32242 8
    endloop
  endfacet
  facet normal 0.707107 0.707107 0
    outer loop
      vertex 5.71137 9.32242 3.5
      vertex 5.82242 9.21137 8
      vertex 5.82242 9.21137 3.5
    endloop
  endfacet
  facet normal 0.218144 0.975917 -0
    outer loop
      vertex 4.62172 9.92146 3.5
      vertex 4.46845 9.95572 8
      vertex 4.62172 9.92146 8
    endloop
  endfacet
  facet normal 0.218144 0.975917 0
    outer loop
      vertex 4.46845 9.95572 8
      vertex 4.62172 9.92146 3.5
      vertex 4.46845 9.95572 3.5
    endloop
  endfacet
  facet normal 0.338735 0.940882 -0
    outer loop
      vertex 4.92031 9.82444 3.5
      vertex 4.77254 9.87764 8
      vertex 4.92031 9.82444 8
    endloop
  endfacet
  facet normal 0.338735 0.940882 0
    outer loop
      vertex 4.77254 9.87764 8
      vertex 4.92031 9.82444 3.5
      vertex 4.77254 9.87764 3.5
    endloop
  endfacet
  facet normal 0.0941119 0.995562 -0
    outer loop
      vertex 4.31333 9.98029 3.5
      vertex 4.15698 9.99507 8
      vertex 4.31333 9.98029 8
    endloop
  endfacet
  facet normal 0.0941119 0.995562 0
    outer loop
      vertex 4.15698 9.99507 8
      vertex 4.31333 9.98029 3.5
      vertex 4.15698 9.99507 3.5
    endloop
  endfacet
  facet normal -0.975917 0.218144 0
    outer loop
      vertex 1.54428 7.96845 3.5
      vertex 1.57854 8.12172 8
      vertex 1.57854 8.12172 3.5
    endloop
  endfacet
  facet normal -0.975917 0.218144 0
    outer loop
      vertex 1.57854 8.12172 8
      vertex 1.54428 7.96845 3.5
      vertex 1.54428 7.96845 8
    endloop
  endfacet
  facet normal -0.940882 0.338735 0
    outer loop
      vertex 1.62236 8.27254 3.5
      vertex 1.67556 8.42031 8
      vertex 1.67556 8.42031 3.5
    endloop
  endfacet
  facet normal -0.940882 0.338735 0
    outer loop
      vertex 1.67556 8.42031 8
      vertex 1.62236 8.27254 3.5
      vertex 1.62236 8.27254 8
    endloop
  endfacet
  facet normal -0.995562 0.0941119 0
    outer loop
      vertex 1.50493 7.65698 3.5
      vertex 1.51971 7.81333 8
      vertex 1.51971 7.81333 3.5
    endloop
  endfacet
  facet normal -0.995562 0.0941119 0
    outer loop
      vertex 1.51971 7.81333 8
      vertex 1.50493 7.65698 3.5
      vertex 1.50493 7.65698 8
    endloop
  endfacet
  facet normal -0.790161 0.6129 0
    outer loop
      vertex 1.97746 8.96946 3.5
      vertex 2.07372 9.09356 8
      vertex 2.07372 9.09356 3.5
    endloop
  endfacet
  facet normal -0.790161 0.6129 0
    outer loop
      vertex 2.07372 9.09356 8
      vertex 1.97746 8.96946 3.5
      vertex 1.97746 8.96946 8
    endloop
  endfacet
  facet normal -0.82706 0.562113 0
    outer loop
      vertex 1.88918 8.83957 3.5
      vertex 1.97746 8.96946 8
      vertex 1.97746 8.96946 3.5
    endloop
  endfacet
  facet normal -0.82706 0.562113 0
    outer loop
      vertex 1.97746 8.96946 8
      vertex 1.88918 8.83957 3.5
      vertex 1.88918 8.83957 8
    endloop
  endfacet
  facet normal -0.156443 0.987687 0
    outer loop
      vertex 3.68667 9.98029 3.5
      vertex 3.53155 9.95572 8
      vertex 3.68667 9.98029 8
    endloop
  endfacet
  facet normal -0.156443 0.987687 0
    outer loop
      vertex 3.53155 9.95572 8
      vertex 3.68667 9.98029 3.5
      vertex 3.53155 9.95572 3.5
    endloop
  endfacet
  facet normal -0.338735 0.940882 0
    outer loop
      vertex 3.22746 9.87764 3.5
      vertex 3.07969 9.82444 8
      vertex 3.22746 9.87764 8
    endloop
  endfacet
  facet normal -0.338735 0.940882 0
    outer loop
      vertex 3.07969 9.82444 8
      vertex 3.22746 9.87764 3.5
      vertex 3.07969 9.82444 3.5
    endloop
  endfacet
  facet normal -0.21813 0.97592 0
    outer loop
      vertex 3.53155 9.95572 3.5
      vertex 3.37827 9.92146 8
      vertex 3.53155 9.95572 8
    endloop
  endfacet
  facet normal -0.21813 0.97592 0
    outer loop
      vertex 3.37827 9.92146 8
      vertex 3.53155 9.95572 3.5
      vertex 3.37827 9.92146 3.5
    endloop
  endfacet
  facet normal -0.454001 0.891001 0
    outer loop
      vertex 2.93555 9.76207 3.5
      vertex 2.79562 9.69077 8
      vertex 2.93555 9.76207 8
    endloop
  endfacet
  facet normal -0.454001 0.891001 0
    outer loop
      vertex 2.79562 9.69077 8
      vertex 2.93555 9.76207 3.5
      vertex 2.79562 9.69077 3.5
    endloop
  endfacet
  facet normal -0.707107 0.707107 0
    outer loop
      vertex 2.17758 9.21137 3.5
      vertex 2.28863 9.32242 8
      vertex 2.28863 9.32242 3.5
    endloop
  endfacet
  facet normal -0.707107 0.707107 0
    outer loop
      vertex 2.28863 9.32242 8
      vertex 2.17758 9.21137 3.5
      vertex 2.17758 9.21137 8
    endloop
  endfacet
  facet normal 0.999507 -0.0313898 0
    outer loop
      vertex 6.49507 7.34302 8
      vertex 6.5 7.5 3.5
      vertex 6.5 7.5 8
    endloop
  endfacet
  facet normal 0.999507 -0.0313898 0
    outer loop
      vertex 6.5 7.5 3.5
      vertex 6.49507 7.34302 8
      vertex 6.49507 7.34302 3.5
    endloop
  endfacet
  facet normal 0.940882 -0.338735 0
    outer loop
      vertex 6.32444 6.57969 8
      vertex 6.37764 6.72746 3.5
      vertex 6.37764 6.72746 8
    endloop
  endfacet
  facet normal 0.940882 -0.338735 0
    outer loop
      vertex 6.37764 6.72746 3.5
      vertex 6.32444 6.57969 8
      vertex 6.32444 6.57969 3.5
    endloop
  endfacet
  facet normal 0.218144 -0.975917 0
    outer loop
      vertex 4.46845 5.04428 3.5
      vertex 4.62172 5.07854 8
      vertex 4.46845 5.04428 8
    endloop
  endfacet
  facet normal 0.218144 -0.975917 0
    outer loop
      vertex 4.62172 5.07854 8
      vertex 4.46845 5.04428 3.5
      vertex 4.62172 5.07854 3.5
    endloop
  endfacet
  facet normal 0.454001 -0.891001 0
    outer loop
      vertex 5.06445 5.23793 3.5
      vertex 5.20438 5.30923 8
      vertex 5.06445 5.23793 8
    endloop
  endfacet
  facet normal 0.454001 -0.891001 0
    outer loop
      vertex 5.20438 5.30923 8
      vertex 5.06445 5.23793 3.5
      vertex 5.20438 5.30923 3.5
    endloop
  endfacet
  facet normal 0.790161 -0.6129 0
    outer loop
      vertex 5.92628 5.90644 8
      vertex 6.02254 6.03054 3.5
      vertex 6.02254 6.03054 8
    endloop
  endfacet
  facet normal 0.790161 -0.6129 0
    outer loop
      vertex 6.02254 6.03054 3.5
      vertex 5.92628 5.90644 8
      vertex 5.92628 5.90644 3.5
    endloop
  endfacet
  facet normal 0.860745 -0.509036 0
    outer loop
      vertex 6.11082 6.16043 8
      vertex 6.19077 6.29562 3.5
      vertex 6.19077 6.29562 8
    endloop
  endfacet
  facet normal 0.860745 -0.509036 0
    outer loop
      vertex 6.19077 6.29562 3.5
      vertex 6.11082 6.16043 8
      vertex 6.11082 6.16043 3.5
    endloop
  endfacet
  facet normal 0.82706 -0.562113 0
    outer loop
      vertex 6.02254 6.03054 8
      vertex 6.11082 6.16043 3.5
      vertex 6.11082 6.16043 8
    endloop
  endfacet
  facet normal 0.82706 -0.562113 0
    outer loop
      vertex 6.11082 6.16043 3.5
      vertex 6.02254 6.03054 8
      vertex 6.02254 6.03054 3.5
    endloop
  endfacet
  facet normal 0.0313898 -0.999507 0
    outer loop
      vertex 4 5 3.5
      vertex 4.15698 5.00493 8
      vertex 4 5 8
    endloop
  endfacet
  facet normal 0.0313898 -0.999507 0
    outer loop
      vertex 4.15698 5.00493 8
      vertex 4 5 3.5
      vertex 4.15698 5.00493 3.5
    endloop
  endfacet
  facet normal -0.0313898 -0.999507 0
    outer loop
      vertex 3.84302 5.00493 3.5
      vertex 4 5 8
      vertex 3.84302 5.00493 8
    endloop
  endfacet
  facet normal -0.0313898 -0.999507 -0
    outer loop
      vertex 4 5 8
      vertex 3.84302 5.00493 3.5
      vertex 4 5 3.5
    endloop
  endfacet
  facet normal -0.509036 -0.860745 0
    outer loop
      vertex 2.66043 5.38918 3.5
      vertex 2.79562 5.30923 8
      vertex 2.66043 5.38918 8
    endloop
  endfacet
  facet normal -0.509036 -0.860745 -0
    outer loop
      vertex 2.79562 5.30923 8
      vertex 2.66043 5.38918 3.5
      vertex 2.79562 5.30923 3.5
    endloop
  endfacet
  facet normal -0.707107 -0.707107 0
    outer loop
      vertex 2.28863 5.67758 3.5
      vertex 2.17758 5.78863 8
      vertex 2.17758 5.78863 3.5
    endloop
  endfacet
  facet normal -0.707107 -0.707107 0
    outer loop
      vertex 2.17758 5.78863 8
      vertex 2.28863 5.67758 3.5
      vertex 2.28863 5.67758 8
    endloop
  endfacet
  facet normal 0.987687 0.156443 0
    outer loop
      vertex 6.48029 7.81333 8
      vertex 6.45572 7.96845 3.5
      vertex 6.45572 7.96845 8
    endloop
  endfacet
  facet normal 0.987687 0.156443 0
    outer loop
      vertex 6.45572 7.96845 3.5
      vertex 6.48029 7.81333 8
      vertex 6.48029 7.81333 3.5
    endloop
  endfacet
  facet normal 0.940882 0.338735 0
    outer loop
      vertex 6.37764 8.27254 8
      vertex 6.32444 8.42031 3.5
      vertex 6.32444 8.42031 8
    endloop
  endfacet
  facet normal 0.940882 0.338735 0
    outer loop
      vertex 6.32444 8.42031 3.5
      vertex 6.37764 8.27254 8
      vertex 6.37764 8.27254 3.5
    endloop
  endfacet
  facet normal 0.860745 0.509036 0
    outer loop
      vertex 6.19077 8.70438 8
      vertex 6.11082 8.83957 3.5
      vertex 6.11082 8.83957 8
    endloop
  endfacet
  facet normal 0.860745 0.509036 0
    outer loop
      vertex 6.11082 8.83957 3.5
      vertex 6.19077 8.70438 8
      vertex 6.19077 8.70438 3.5
    endloop
  endfacet
  facet normal 0.82706 0.562113 0
    outer loop
      vertex 6.11082 8.83957 8
      vertex 6.02254 8.96946 3.5
      vertex 6.02254 8.96946 8
    endloop
  endfacet
  facet normal 0.82706 0.562113 0
    outer loop
      vertex 6.02254 8.96946 3.5
      vertex 6.11082 8.83957 8
      vertex 6.11082 8.83957 3.5
    endloop
  endfacet
  facet normal 0.750122 0.661299 0
    outer loop
      vertex 5.92628 9.09356 8
      vertex 5.82242 9.21137 3.5
      vertex 5.82242 9.21137 8
    endloop
  endfacet
  facet normal 0.750122 0.661299 0
    outer loop
      vertex 5.82242 9.21137 3.5
      vertex 5.92628 9.09356 8
      vertex 5.92628 9.09356 3.5
    endloop
  endfacet
  facet normal 0.661299 0.750122 -0
    outer loop
      vertex 5.71137 9.32242 3.5
      vertex 5.59356 9.42628 8
      vertex 5.71137 9.32242 8
    endloop
  endfacet
  facet normal 0.661299 0.750122 0
    outer loop
      vertex 5.59356 9.42628 8
      vertex 5.71137 9.32242 3.5
      vertex 5.59356 9.42628 3.5
    endloop
  endfacet
  facet normal -0.0313898 0.999507 0
    outer loop
      vertex 4 10 3.5
      vertex 3.84302 9.99507 8
      vertex 4 10 8
    endloop
  endfacet
  facet normal -0.0313898 0.999507 0
    outer loop
      vertex 3.84302 9.99507 8
      vertex 4 10 3.5
      vertex 3.84302 9.99507 3.5
    endloop
  endfacet
  facet normal 0.6129 0.790161 -0
    outer loop
      vertex 5.59356 9.42628 3.5
      vertex 5.46946 9.52254 8
      vertex 5.59356 9.42628 8
    endloop
  endfacet
  facet normal 0.6129 0.790161 0
    outer loop
      vertex 5.46946 9.52254 8
      vertex 5.59356 9.42628 3.5
      vertex 5.46946 9.52254 3.5
    endloop
  endfacet
  facet normal 0.397121 0.917766 -0
    outer loop
      vertex 5.06445 9.76207 3.5
      vertex 4.92031 9.82444 8
      vertex 5.06445 9.76207 8
    endloop
  endfacet
  facet normal 0.397121 0.917766 0
    outer loop
      vertex 4.92031 9.82444 8
      vertex 5.06445 9.76207 3.5
      vertex 4.92031 9.82444 3.5
    endloop
  endfacet
  facet normal 0.279007 0.960289 -0
    outer loop
      vertex 4.77254 9.87764 3.5
      vertex 4.62172 9.92146 8
      vertex 4.77254 9.87764 8
    endloop
  endfacet
  facet normal 0.279007 0.960289 0
    outer loop
      vertex 4.62172 9.92146 8
      vertex 4.77254 9.87764 3.5
      vertex 4.62172 9.92146 3.5
    endloop
  endfacet
  facet normal 0.156443 0.987687 -0
    outer loop
      vertex 4.46845 9.95572 3.5
      vertex 4.31333 9.98029 8
      vertex 4.46845 9.95572 8
    endloop
  endfacet
  facet normal 0.156443 0.987687 0
    outer loop
      vertex 4.31333 9.98029 8
      vertex 4.46845 9.95572 3.5
      vertex 4.31333 9.98029 3.5
    endloop
  endfacet
  facet normal -0.999507 -0.0313898 0
    outer loop
      vertex 1.50493 7.34302 3.5
      vertex 1.5 7.5 8
      vertex 1.5 7.5 3.5
    endloop
  endfacet
  facet normal -0.999507 -0.0313898 0
    outer loop
      vertex 1.5 7.5 8
      vertex 1.50493 7.34302 3.5
      vertex 1.50493 7.34302 8
    endloop
  endfacet
  facet normal -0.960289 0.279007 0
    outer loop
      vertex 1.57854 8.12172 3.5
      vertex 1.62236 8.27254 8
      vertex 1.62236 8.27254 3.5
    endloop
  endfacet
  facet normal -0.960289 0.279007 0
    outer loop
      vertex 1.62236 8.27254 8
      vertex 1.57854 8.12172 3.5
      vertex 1.57854 8.12172 8
    endloop
  endfacet
  facet normal -0.987687 0.156443 0
    outer loop
      vertex 1.51971 7.81333 3.5
      vertex 1.54428 7.96845 8
      vertex 1.54428 7.96845 3.5
    endloop
  endfacet
  facet normal -0.987687 0.156443 0
    outer loop
      vertex 1.54428 7.96845 8
      vertex 1.51971 7.81333 3.5
      vertex 1.51971 7.81333 8
    endloop
  endfacet
  facet normal -0.917766 0.397121 0
    outer loop
      vertex 1.67556 8.42031 3.5
      vertex 1.73793 8.56445 8
      vertex 1.73793 8.56445 3.5
    endloop
  endfacet
  facet normal -0.917766 0.397121 0
    outer loop
      vertex 1.73793 8.56445 8
      vertex 1.67556 8.42031 3.5
      vertex 1.67556 8.42031 8
    endloop
  endfacet
  facet normal -0.860745 0.509036 0
    outer loop
      vertex 1.80923 8.70438 3.5
      vertex 1.88918 8.83957 8
      vertex 1.88918 8.83957 3.5
    endloop
  endfacet
  facet normal -0.860745 0.509036 0
    outer loop
      vertex 1.88918 8.83957 8
      vertex 1.80923 8.70438 3.5
      vertex 1.80923 8.70438 8
    endloop
  endfacet
  facet normal -0.750122 0.661299 0
    outer loop
      vertex 2.07372 9.09356 3.5
      vertex 2.17758 9.21137 8
      vertex 2.17758 9.21137 3.5
    endloop
  endfacet
  facet normal -0.750122 0.661299 0
    outer loop
      vertex 2.17758 9.21137 8
      vertex 2.07372 9.09356 3.5
      vertex 2.07372 9.09356 8
    endloop
  endfacet
  facet normal -0.279024 0.960284 0
    outer loop
      vertex 3.37827 9.92146 3.5
      vertex 3.22746 9.87764 8
      vertex 3.37827 9.92146 8
    endloop
  endfacet
  facet normal -0.279024 0.960284 0
    outer loop
      vertex 3.22746 9.87764 8
      vertex 3.37827 9.92146 3.5
      vertex 3.22746 9.87764 3.5
    endloop
  endfacet
  facet normal -0.0941119 0.995562 0
    outer loop
      vertex 3.84302 9.99507 3.5
      vertex 3.68667 9.98029 8
      vertex 3.84302 9.99507 8
    endloop
  endfacet
  facet normal -0.0941119 0.995562 0
    outer loop
      vertex 3.68667 9.98029 8
      vertex 3.84302 9.99507 3.5
      vertex 3.68667 9.98029 3.5
    endloop
  endfacet
  facet normal -0.509036 0.860745 0
    outer loop
      vertex 2.79562 9.69077 3.5
      vertex 2.66043 9.61082 8
      vertex 2.79562 9.69077 8
    endloop
  endfacet
  facet normal -0.509036 0.860745 0
    outer loop
      vertex 2.66043 9.61082 8
      vertex 2.79562 9.69077 3.5
      vertex 2.66043 9.61082 3.5
    endloop
  endfacet
  facet normal -0.562113 0.82706 0
    outer loop
      vertex 2.66043 9.61082 3.5
      vertex 2.53054 9.52254 8
      vertex 2.66043 9.61082 8
    endloop
  endfacet
  facet normal -0.562113 0.82706 0
    outer loop
      vertex 2.53054 9.52254 8
      vertex 2.66043 9.61082 3.5
      vertex 2.53054 9.52254 3.5
    endloop
  endfacet
  facet normal -0.661299 0.750122 0
    outer loop
      vertex 2.40644 9.42628 3.5
      vertex 2.28863 9.32242 8
      vertex 2.40644 9.42628 8
    endloop
  endfacet
  facet normal -0.661299 0.750122 0
    outer loop
      vertex 2.28863 9.32242 8
      vertex 2.40644 9.42628 3.5
      vertex 2.28863 9.32242 3.5
    endloop
  endfacet
  facet normal 0.999507 0.0313898 0
    outer loop
      vertex 6.5 7.5 8
      vertex 6.49507 7.65698 3.5
      vertex 6.49507 7.65698 8
    endloop
  endfacet
  facet normal 0.999507 0.0313898 0
    outer loop
      vertex 6.49507 7.65698 3.5
      vertex 6.5 7.5 8
      vertex 6.5 7.5 3.5
    endloop
  endfacet
  facet normal 0.0941119 -0.995562 0
    outer loop
      vertex 4.15698 5.00493 3.5
      vertex 4.31333 5.01971 8
      vertex 4.15698 5.00493 8
    endloop
  endfacet
  facet normal 0.0941119 -0.995562 0
    outer loop
      vertex 4.31333 5.01971 8
      vertex 4.15698 5.00493 3.5
      vertex 4.31333 5.01971 3.5
    endloop
  endfacet
  facet normal 0.960284 -0.279024 0
    outer loop
      vertex 6.37764 6.72746 8
      vertex 6.42146 6.87827 3.5
      vertex 6.42146 6.87827 8
    endloop
  endfacet
  facet normal 0.960284 -0.279024 0
    outer loop
      vertex 6.42146 6.87827 3.5
      vertex 6.37764 6.72746 8
      vertex 6.37764 6.72746 3.5
    endloop
  endfacet
  facet normal 0.156443 -0.987687 0
    outer loop
      vertex 4.31333 5.01971 3.5
      vertex 4.46845 5.04428 8
      vertex 4.31333 5.01971 8
    endloop
  endfacet
  facet normal 0.156443 -0.987687 0
    outer loop
      vertex 4.46845 5.04428 8
      vertex 4.31333 5.01971 3.5
      vertex 4.46845 5.04428 3.5
    endloop
  endfacet
  facet normal 0.397121 -0.917766 0
    outer loop
      vertex 4.92031 5.17556 3.5
      vertex 5.06445 5.23793 8
      vertex 4.92031 5.17556 8
    endloop
  endfacet
  facet normal 0.397121 -0.917766 0
    outer loop
      vertex 5.06445 5.23793 8
      vertex 4.92031 5.17556 3.5
      vertex 5.06445 5.23793 3.5
    endloop
  endfacet
  facet normal 0.6129 -0.790161 0
    outer loop
      vertex 5.46946 5.47746 3.5
      vertex 5.59356 5.57372 8
      vertex 5.46946 5.47746 8
    endloop
  endfacet
  facet normal 0.6129 -0.790161 0
    outer loop
      vertex 5.59356 5.57372 8
      vertex 5.46946 5.47746 3.5
      vertex 5.59356 5.57372 3.5
    endloop
  endfacet
  facet normal 0.509036 -0.860745 0
    outer loop
      vertex 5.20438 5.30923 3.5
      vertex 5.33957 5.38918 8
      vertex 5.20438 5.30923 8
    endloop
  endfacet
  facet normal 0.509036 -0.860745 0
    outer loop
      vertex 5.33957 5.38918 8
      vertex 5.20438 5.30923 3.5
      vertex 5.33957 5.38918 3.5
    endloop
  endfacet
  facet normal 0.562113 -0.82706 0
    outer loop
      vertex 5.33957 5.38918 3.5
      vertex 5.46946 5.47746 8
      vertex 5.33957 5.38918 8
    endloop
  endfacet
  facet normal 0.562113 -0.82706 0
    outer loop
      vertex 5.46946 5.47746 8
      vertex 5.33957 5.38918 3.5
      vertex 5.46946 5.47746 3.5
    endloop
  endfacet
  facet normal 0.917766 -0.397121 0
    outer loop
      vertex 6.26207 6.43555 8
      vertex 6.32444 6.57969 3.5
      vertex 6.32444 6.57969 8
    endloop
  endfacet
  facet normal 0.917766 -0.397121 0
    outer loop
      vertex 6.32444 6.57969 3.5
      vertex 6.26207 6.43555 8
      vertex 6.26207 6.43555 3.5
    endloop
  endfacet
  facet normal 0.750122 -0.661299 0
    outer loop
      vertex 5.82242 5.78863 8
      vertex 5.92628 5.90644 3.5
      vertex 5.92628 5.90644 8
    endloop
  endfacet
  facet normal 0.750122 -0.661299 0
    outer loop
      vertex 5.92628 5.90644 3.5
      vertex 5.82242 5.78863 8
      vertex 5.82242 5.78863 3.5
    endloop
  endfacet
  facet normal -0.279024 -0.960284 0
    outer loop
      vertex 3.22746 5.12236 3.5
      vertex 3.37827 5.07854 8
      vertex 3.22746 5.12236 8
    endloop
  endfacet
  facet normal -0.279024 -0.960284 -0
    outer loop
      vertex 3.37827 5.07854 8
      vertex 3.22746 5.12236 3.5
      vertex 3.37827 5.07854 3.5
    endloop
  endfacet
  facet normal -0.156443 -0.987687 0
    outer loop
      vertex 3.53155 5.04428 3.5
      vertex 3.68667 5.01971 8
      vertex 3.53155 5.04428 8
    endloop
  endfacet
  facet normal -0.156443 -0.987687 -0
    outer loop
      vertex 3.68667 5.01971 8
      vertex 3.53155 5.04428 3.5
      vertex 3.68667 5.01971 3.5
    endloop
  endfacet
  facet normal -0.562113 -0.82706 0
    outer loop
      vertex 2.53054 5.47746 3.5
      vertex 2.66043 5.38918 8
      vertex 2.53054 5.47746 8
    endloop
  endfacet
  facet normal -0.562113 -0.82706 -0
    outer loop
      vertex 2.66043 5.38918 8
      vertex 2.53054 5.47746 3.5
      vertex 2.66043 5.38918 3.5
    endloop
  endfacet
  facet normal -0.661299 -0.750122 0
    outer loop
      vertex 2.28863 5.67758 3.5
      vertex 2.40644 5.57372 8
      vertex 2.28863 5.67758 8
    endloop
  endfacet
  facet normal -0.661299 -0.750122 -0
    outer loop
      vertex 2.40644 5.57372 8
      vertex 2.28863 5.67758 3.5
      vertex 2.40644 5.57372 3.5
    endloop
  endfacet
  facet normal -0.454001 -0.891001 0
    outer loop
      vertex 2.79562 5.30923 3.5
      vertex 2.93555 5.23793 8
      vertex 2.79562 5.30923 8
    endloop
  endfacet
  facet normal -0.454001 -0.891001 -0
    outer loop
      vertex 2.93555 5.23793 8
      vertex 2.79562 5.30923 3.5
      vertex 2.93555 5.23793 3.5
    endloop
  endfacet
  facet normal -0.397121 -0.917766 0
    outer loop
      vertex 2.93555 5.23793 3.5
      vertex 3.07969 5.17556 8
      vertex 2.93555 5.23793 8
    endloop
  endfacet
  facet normal -0.397121 -0.917766 -0
    outer loop
      vertex 3.07969 5.17556 8
      vertex 2.93555 5.23793 3.5
      vertex 3.07969 5.17556 3.5
    endloop
  endfacet
  facet normal -0.97592 -0.21813 0
    outer loop
      vertex 1.57854 6.87827 3.5
      vertex 1.54428 7.03155 8
      vertex 1.54428 7.03155 3.5
    endloop
  endfacet
  facet normal -0.97592 -0.21813 0
    outer loop
      vertex 1.54428 7.03155 8
      vertex 1.57854 6.87827 3.5
      vertex 1.57854 6.87827 8
    endloop
  endfacet
  facet normal -0.995562 -0.0941119 0
    outer loop
      vertex 1.51971 7.18667 3.5
      vertex 1.50493 7.34302 8
      vertex 1.50493 7.34302 3.5
    endloop
  endfacet
  facet normal -0.995562 -0.0941119 0
    outer loop
      vertex 1.50493 7.34302 8
      vertex 1.51971 7.18667 3.5
      vertex 1.51971 7.18667 8
    endloop
  endfacet
  facet normal -0.917766 -0.397121 0
    outer loop
      vertex 1.73793 6.43555 3.5
      vertex 1.67556 6.57969 8
      vertex 1.67556 6.57969 3.5
    endloop
  endfacet
  facet normal -0.917766 -0.397121 0
    outer loop
      vertex 1.67556 6.57969 8
      vertex 1.73793 6.43555 3.5
      vertex 1.73793 6.43555 8
    endloop
  endfacet
  facet normal -0.960284 -0.279024 0
    outer loop
      vertex 1.62236 6.72746 3.5
      vertex 1.57854 6.87827 8
      vertex 1.57854 6.87827 3.5
    endloop
  endfacet
  facet normal -0.960284 -0.279024 0
    outer loop
      vertex 1.57854 6.87827 8
      vertex 1.62236 6.72746 3.5
      vertex 1.62236 6.72746 8
    endloop
  endfacet
  facet normal -0.860745 -0.509036 0
    outer loop
      vertex 1.88918 6.16043 3.5
      vertex 1.80923 6.29562 8
      vertex 1.80923 6.29562 3.5
    endloop
  endfacet
  facet normal -0.860745 -0.509036 0
    outer loop
      vertex 1.80923 6.29562 8
      vertex 1.88918 6.16043 3.5
      vertex 1.88918 6.16043 8
    endloop
  endfacet
  facet normal -0.790161 -0.6129 0
    outer loop
      vertex 2.07372 5.90644 3.5
      vertex 1.97746 6.03054 8
      vertex 1.97746 6.03054 3.5
    endloop
  endfacet
  facet normal -0.790161 -0.6129 0
    outer loop
      vertex 1.97746 6.03054 8
      vertex 2.07372 5.90644 3.5
      vertex 2.07372 5.90644 8
    endloop
  endfacet
  facet normal 0.995562 0.0941119 0
    outer loop
      vertex 6.49507 7.65698 8
      vertex 6.48029 7.81333 3.5
      vertex 6.48029 7.81333 8
    endloop
  endfacet
  facet normal 0.995562 0.0941119 0
    outer loop
      vertex 6.48029 7.81333 3.5
      vertex 6.49507 7.65698 8
      vertex 6.49507 7.65698 3.5
    endloop
  endfacet
  facet normal 0.454001 0.891001 -0
    outer loop
      vertex 5.20438 9.69077 3.5
      vertex 5.06445 9.76207 8
      vertex 5.20438 9.69077 8
    endloop
  endfacet
  facet normal 0.454001 0.891001 0
    outer loop
      vertex 5.06445 9.76207 8
      vertex 5.20438 9.69077 3.5
      vertex 5.06445 9.76207 3.5
    endloop
  endfacet
  facet normal 0.0313898 0.999507 -0
    outer loop
      vertex 4.15698 9.99507 3.5
      vertex 4 10 8
      vertex 4.15698 9.99507 8
    endloop
  endfacet
  facet normal 0.0313898 0.999507 0
    outer loop
      vertex 4 10 8
      vertex 4.15698 9.99507 3.5
      vertex 4 10 3.5
    endloop
  endfacet
  facet normal 0 0 1
    outer loop
      vertex 6.49507 7.65698 8
      vertex 6.49507 7.34302 8
      vertex 6.5 7.5 8
    endloop
  endfacet
  facet normal 0 0 1
    outer loop
      vertex 6.48029 7.81333 8
      vertex 6.49507 7.34302 8
      vertex 6.49507 7.65698 8
    endloop
  endfacet
  facet normal 0 0 1
    outer loop
      vertex 6.48029 7.81333 8
      vertex 6.48029 7.18667 8
      vertex 6.49507 7.34302 8
    endloop
  endfacet
  facet normal 0 0 1
    outer loop
      vertex 6.45572 7.96845 8
      vertex 6.48029 7.18667 8
      vertex 6.48029 7.81333 8
    endloop
  endfacet
  facet normal 0 0 1
    outer loop
      vertex 6.45572 7.96845 8
      vertex 6.45572 7.03155 8
      vertex 6.48029 7.18667 8
    endloop
  endfacet
  facet normal 0 0 1
    outer loop
      vertex 6.42146 8.12172 8
      vertex 6.45572 7.03155 8
      vertex 6.45572 7.96845 8
    endloop
  endfacet
  facet normal 0 0 1
    outer loop
      vertex 6.42146 8.12172 8
      vertex 6.42146 6.87827 8
      vertex 6.45572 7.03155 8
    endloop
  endfacet
  facet normal 0 0 1
    outer loop
      vertex 6.37764 8.27254 8
      vertex 6.42146 6.87827 8
      vertex 6.42146 8.12172 8
    endloop
  endfacet
  facet normal 0 0 1
    outer loop
      vertex 6.37764 8.27254 8
      vertex 6.37764 6.72746 8
      vertex 6.42146 6.87827 8
    endloop
  endfacet
  facet normal 0 0 1
    outer loop
      vertex 6.32444 8.42031 8
      vertex 6.37764 6.72746 8
      vertex 6.37764 8.27254 8
    endloop
  endfacet
  facet normal 0 0 1
    outer loop
      vertex 6.32444 8.42031 8
      vertex 6.32444 6.57969 8
      vertex 6.37764 6.72746 8
    endloop
  endfacet
  facet normal 0 0 1
    outer loop
      vertex 6.26207 8.56445 8
      vertex 6.32444 6.57969 8
      vertex 6.32444 8.42031 8
    endloop
  endfacet
  facet normal 0 0 1
    outer loop
      vertex 6.26207 8.56445 8
      vertex 6.26207 6.43555 8
      vertex 6.32444 6.57969 8
    endloop
  endfacet
  facet normal 0 0 1
    outer loop
      vertex 6.19077 8.70438 8
      vertex 6.26207 6.43555 8
      vertex 6.26207 8.56445 8
    endloop
  endfacet
  facet normal 0 0 1
    outer loop
      vertex 6.19077 8.70438 8
      vertex 6.19077 6.29562 8
      vertex 6.26207 6.43555 8
    endloop
  endfacet
  facet normal 0 0 1
    outer loop
      vertex 6.11082 8.83957 8
      vertex 6.19077 6.29562 8
      vertex 6.19077 8.70438 8
    endloop
  endfacet
  facet normal 0 0 1
    outer loop
      vertex 6.11082 8.83957 8
      vertex 6.11082 6.16043 8
      vertex 6.19077 6.29562 8
    endloop
  endfacet
  facet normal 0 0 1
    outer loop
      vertex 6.02254 8.96946 8
      vertex 6.11082 6.16043 8
      vertex 6.11082 8.83957 8
    endloop
  endfacet
  facet normal 0 0 1
    outer loop
      vertex 6.02254 8.96946 8
      vertex 6.02254 6.03054 8
      vertex 6.11082 6.16043 8
    endloop
  endfacet
  facet normal 0 0 1
    outer loop
      vertex 5.92628 9.09356 8
      vertex 6.02254 6.03054 8
      vertex 6.02254 8.96946 8
    endloop
  endfacet
  facet normal 0 0 1
    outer loop
      vertex 5.92628 9.09356 8
      vertex 5.92628 5.90644 8
      vertex 6.02254 6.03054 8
    endloop
  endfacet
  facet normal 0 0 1
    outer loop
      vertex 5.82242 9.21137 8
      vertex 5.92628 5.90644 8
      vertex 5.92628 9.09356 8
    endloop
  endfacet
  facet normal 0 0 1
    outer loop
      vertex 5.82242 9.21137 8
      vertex 5.82242 5.78863 8
      vertex 5.92628 5.90644 8
    endloop
  endfacet
  facet normal 0 0 1
    outer loop
      vertex 5.71137 9.32242 8
      vertex 5.82242 5.78863 8
      vertex 5.82242 9.21137 8
    endloop
  endfacet
  facet normal 0 0 1
    outer loop
      vertex 5.71137 9.32242 8
      vertex 5.71137 5.67758 8
      vertex 5.82242 5.78863 8
    endloop
  endfacet
  facet normal 0 0 1
    outer loop
      vertex 5.59356 9.42628 8
      vertex 5.71137 5.67758 8
      vertex 5.71137 9.32242 8
    endloop
  endfacet
  facet normal 0 0 1
    outer loop
      vertex 5.59356 9.42628 8
      vertex 5.59356 5.57372 8
      vertex 5.71137 5.67758 8
    endloop
  endfacet
  facet normal 0 0 1
    outer loop
      vertex 5.46946 9.52254 8
      vertex 5.59356 5.57372 8
      vertex 5.59356 9.42628 8
    endloop
  endfacet
  facet normal 0 0 1
    outer loop
      vertex 5.46946 9.52254 8
      vertex 5.46946 5.47746 8
      vertex 5.59356 5.57372 8
    endloop
  endfacet
  facet normal 0 0 1
    outer loop
      vertex 5.33957 9.61082 8
      vertex 5.46946 5.47746 8
      vertex 5.46946 9.52254 8
    endloop
  endfacet
  facet normal 0 0 1
    outer loop
      vertex 5.33957 9.61082 8
      vertex 5.33957 5.38918 8
      vertex 5.46946 5.47746 8
    endloop
  endfacet
  facet normal 0 0 1
    outer loop
      vertex 5.20438 9.69077 8
      vertex 5.33957 5.38918 8
      vertex 5.33957 9.61082 8
    endloop
  endfacet
  facet normal 0 0 1
    outer loop
      vertex 5.20438 9.69077 8
      vertex 5.20438 5.30923 8
      vertex 5.33957 5.38918 8
    endloop
  endfacet
  facet normal 0 0 1
    outer loop
      vertex 5.06445 9.76207 8
      vertex 5.20438 5.30923 8
      vertex 5.20438 9.69077 8
    endloop
  endfacet
  facet normal 0 0 1
    outer loop
      vertex 5.06445 9.76207 8
      vertex 5.06445 5.23793 8
      vertex 5.20438 5.30923 8
    endloop
  endfacet
  facet normal 0 0 1
    outer loop
      vertex 4.92031 9.82444 8
      vertex 5.06445 5.23793 8
      vertex 5.06445 9.76207 8
    endloop
  endfacet
  facet normal 0 0 1
    outer loop
      vertex 4.92031 9.82444 8
      vertex 4.92031 5.17556 8
      vertex 5.06445 5.23793 8
    endloop
  endfacet
  facet normal 0 0 1
    outer loop
      vertex 4.77254 9.87764 8
      vertex 4.92031 5.17556 8
      vertex 4.92031 9.82444 8
    endloop
  endfacet
  facet normal 0 0 1
    outer loop
      vertex 4.77254 9.87764 8
      vertex 4.77254 5.12236 8
      vertex 4.92031 5.17556 8
    endloop
  endfacet
  facet normal 0 0 1
    outer loop
      vertex 4.62172 9.92146 8
      vertex 4.77254 5.12236 8
      vertex 4.77254 9.87764 8
    endloop
  endfacet
  facet normal 0 0 1
    outer loop
      vertex 4.62172 9.92146 8
      vertex 4.62172 5.07854 8
      vertex 4.77254 5.12236 8
    endloop
  endfacet
  facet normal 0 0 1
    outer loop
      vertex 4.46845 9.95572 8
      vertex 4.62172 5.07854 8
      vertex 4.62172 9.92146 8
    endloop
  endfacet
  facet normal 0 0 1
    outer loop
      vertex 4.46845 9.95572 8
      vertex 4.46845 5.04428 8
      vertex 4.62172 5.07854 8
    endloop
  endfacet
  facet normal 0 0 1
    outer loop
      vertex 4.31333 9.98029 8
      vertex 4.46845 5.04428 8
      vertex 4.46845 9.95572 8
    endloop
  endfacet
  facet normal 0 0 1
    outer loop
      vertex 4.31333 9.98029 8
      vertex 4.31333 5.01971 8
      vertex 4.46845 5.04428 8
    endloop
  endfacet
  facet normal 0 0 1
    outer loop
      vertex 4.15698 9.99507 8
      vertex 4.31333 5.01971 8
      vertex 4.31333 9.98029 8
    endloop
  endfacet
  facet normal 0 0 1
    outer loop
      vertex 4.15698 9.99507 8
      vertex 4.15698 5.00493 8
      vertex 4.31333 5.01971 8
    endloop
  endfacet
  facet normal 0 0 1
    outer loop
      vertex 4 10 8
      vertex 4.15698 5.00493 8
      vertex 4.15698 9.99507 8
    endloop
  endfacet
  facet normal 0 0 1
    outer loop
      vertex 4 10 8
      vertex 4 5 8
      vertex 4.15698 5.00493 8
    endloop
  endfacet
  facet normal -0 0 1
    outer loop
      vertex 3.84302 9.99507 8
      vertex 4 5 8
      vertex 4 10 8
    endloop
  endfacet
  facet normal 0 0 1
    outer loop
      vertex 3.84302 9.99507 8
      vertex 3.84302 5.00493 8
      vertex 4 5 8
    endloop
  endfacet
  facet normal -0 0 1
    outer loop
      vertex 3.68667 9.98029 8
      vertex 3.84302 5.00493 8
      vertex 3.84302 9.99507 8
    endloop
  endfacet
  facet normal 0 0 1
    outer loop
      vertex 3.68667 9.98029 8
      vertex 3.68667 5.01971 8
      vertex 3.84302 5.00493 8
    endloop
  endfacet
  facet normal -0 0 1
    outer loop
      vertex 3.53155 9.95572 8
      vertex 3.68667 5.01971 8
      vertex 3.68667 9.98029 8
    endloop
  endfacet
  facet normal 0 0 1
    outer loop
      vertex 3.53155 9.95572 8
      vertex 3.53155 5.04428 8
      vertex 3.68667 5.01971 8
    endloop
  endfacet
  facet normal -0 0 1
    outer loop
      vertex 3.37827 9.92146 8
      vertex 3.53155 5.04428 8
      vertex 3.53155 9.95572 8
    endloop
  endfacet
  facet normal 0 0 1
    outer loop
      vertex 3.37827 9.92146 8
      vertex 3.37827 5.07854 8
      vertex 3.53155 5.04428 8
    endloop
  endfacet
  facet normal -0 0 1
    outer loop
      vertex 3.22746 9.87764 8
      vertex 3.37827 5.07854 8
      vertex 3.37827 9.92146 8
    endloop
  endfacet
  facet normal 0 0 1
    outer loop
      vertex 3.22746 9.87764 8
      vertex 3.22746 5.12236 8
      vertex 3.37827 5.07854 8
    endloop
  endfacet
  facet normal -0 0 1
    outer loop
      vertex 3.07969 9.82444 8
      vertex 3.22746 5.12236 8
      vertex 3.22746 9.87764 8
    endloop
  endfacet
  facet normal 0 0 1
    outer loop
      vertex 3.07969 9.82444 8
      vertex 3.07969 5.17556 8
      vertex 3.22746 5.12236 8
    endloop
  endfacet
  facet normal -0 0 1
    outer loop
      vertex 2.93555 9.76207 8
      vertex 3.07969 5.17556 8
      vertex 3.07969 9.82444 8
    endloop
  endfacet
  facet normal 0 0 1
    outer loop
      vertex 2.93555 9.76207 8
      vertex 2.93555 5.23793 8
      vertex 3.07969 5.17556 8
    endloop
  endfacet
  facet normal -0 0 1
    outer loop
      vertex 2.79562 9.69077 8
      vertex 2.93555 5.23793 8
      vertex 2.93555 9.76207 8
    endloop
  endfacet
  facet normal 0 0 1
    outer loop
      vertex 2.79562 9.69077 8
      vertex 2.79562 5.30923 8
      vertex 2.93555 5.23793 8
    endloop
  endfacet
  facet normal -0 0 1
    outer loop
      vertex 2.66043 9.61082 8
      vertex 2.79562 5.30923 8
      vertex 2.79562 9.69077 8
    endloop
  endfacet
  facet normal 0 0 1
    outer loop
      vertex 2.66043 9.61082 8
      vertex 2.66043 5.38918 8
      vertex 2.79562 5.30923 8
    endloop
  endfacet
  facet normal -0 0 1
    outer loop
      vertex 2.53054 9.52254 8
      vertex 2.66043 5.38918 8
      vertex 2.66043 9.61082 8
    endloop
  endfacet
  facet normal 0 0 1
    outer loop
      vertex 2.53054 9.52254 8
      vertex 2.53054 5.47746 8
      vertex 2.66043 5.38918 8
    endloop
  endfacet
  facet normal -0 0 1
    outer loop
      vertex 2.40644 9.42628 8
      vertex 2.53054 5.47746 8
      vertex 2.53054 9.52254 8
    endloop
  endfacet
  facet normal 0 0 1
    outer loop
      vertex 2.40644 9.42628 8
      vertex 2.40644 5.57372 8
      vertex 2.53054 5.47746 8
    endloop
  endfacet
  facet normal -0 0 1
    outer loop
      vertex 2.28863 9.32242 8
      vertex 2.40644 5.57372 8
      vertex 2.40644 9.42628 8
    endloop
  endfacet
  facet normal 0 0 1
    outer loop
      vertex 2.28863 9.32242 8
      vertex 2.28863 5.67758 8
      vertex 2.40644 5.57372 8
    endloop
  endfacet
  facet normal -0 0 1
    outer loop
      vertex 2.17758 9.21137 8
      vertex 2.28863 5.67758 8
      vertex 2.28863 9.32242 8
    endloop
  endfacet
  facet normal 0 0 1
    outer loop
      vertex 2.17758 9.21137 8
      vertex 2.17758 5.78863 8
      vertex 2.28863 5.67758 8
    endloop
  endfacet
  facet normal -0 0 1
    outer loop
      vertex 2.07372 9.09356 8
      vertex 2.17758 5.78863 8
      vertex 2.17758 9.21137 8
    endloop
  endfacet
  facet normal 0 0 1
    outer loop
      vertex 2.07372 9.09356 8
      vertex 2.07372 5.90644 8
      vertex 2.17758 5.78863 8
    endloop
  endfacet
  facet normal -0 0 1
    outer loop
      vertex 1.97746 8.96946 8
      vertex 2.07372 5.90644 8
      vertex 2.07372 9.09356 8
    endloop
  endfacet
  facet normal 0 0 1
    outer loop
      vertex 1.97746 8.96946 8
      vertex 1.97746 6.03054 8
      vertex 2.07372 5.90644 8
    endloop
  endfacet
  facet normal -0 0 1
    outer loop
      vertex 1.88918 8.83957 8
      vertex 1.97746 6.03054 8
      vertex 1.97746 8.96946 8
    endloop
  endfacet
  facet normal 0 0 1
    outer loop
      vertex 1.88918 8.83957 8
      vertex 1.88918 6.16043 8
      vertex 1.97746 6.03054 8
    endloop
  endfacet
  facet normal -0 0 1
    outer loop
      vertex 1.80923 8.70438 8
      vertex 1.88918 6.16043 8
      vertex 1.88918 8.83957 8
    endloop
  endfacet
  facet normal 0 0 1
    outer loop
      vertex 1.80923 8.70438 8
      vertex 1.80923 6.29562 8
      vertex 1.88918 6.16043 8
    endloop
  endfacet
  facet normal -0 0 1
    outer loop
      vertex 1.73793 8.56445 8
      vertex 1.80923 6.29562 8
      vertex 1.80923 8.70438 8
    endloop
  endfacet
  facet normal 0 0 1
    outer loop
      vertex 1.73793 8.56445 8
      vertex 1.73793 6.43555 8
      vertex 1.80923 6.29562 8
    endloop
  endfacet
  facet normal -0 0 1
    outer loop
      vertex 1.67556 8.42031 8
      vertex 1.73793 6.43555 8
      vertex 1.73793 8.56445 8
    endloop
  endfacet
  facet normal 0 0 1
    outer loop
      vertex 1.67556 8.42031 8
      vertex 1.67556 6.57969 8
      vertex 1.73793 6.43555 8
    endloop
  endfacet
  facet normal -0 0 1
    outer loop
      vertex 1.62236 8.27254 8
      vertex 1.67556 6.57969 8
      vertex 1.67556 8.42031 8
    endloop
  endfacet
  facet normal 0 0 1
    outer loop
      vertex 1.62236 8.27254 8
      vertex 1.62236 6.72746 8
      vertex 1.67556 6.57969 8
    endloop
  endfacet
  facet normal -0 0 1
    outer loop
      vertex 1.57854 8.12172 8
      vertex 1.62236 6.72746 8
      vertex 1.62236 8.27254 8
    endloop
  endfacet
  facet normal 0 0 1
    outer loop
      vertex 1.57854 8.12172 8
      vertex 1.57854 6.87827 8
      vertex 1.62236 6.72746 8
    endloop
  endfacet
  facet normal -0 0 1
    outer loop
      vertex 1.54428 7.96845 8
      vertex 1.57854 6.87827 8
      vertex 1.57854 8.12172 8
    endloop
  endfacet
  facet normal 0 0 1
    outer loop
      vertex 1.54428 7.96845 8
      vertex 1.54428 7.03155 8
      vertex 1.57854 6.87827 8
    endloop
  endfacet
  facet normal -0 0 1
    outer loop
      vertex 1.51971 7.81333 8
      vertex 1.54428 7.03155 8
      vertex 1.54428 7.96845 8
    endloop
  endfacet
  facet normal 0 0 1
    outer loop
      vertex 1.51971 7.81333 8
      vertex 1.51971 7.18667 8
      vertex 1.54428 7.03155 8
    endloop
  endfacet
  facet normal -0 0 1
    outer loop
      vertex 1.50493 7.65698 8
      vertex 1.51971 7.18667 8
      vertex 1.51971 7.81333 8
    endloop
  endfacet
  facet normal 0 0 1
    outer loop
      vertex 1.50493 7.65698 8
      vertex 1.50493 7.34302 8
      vertex 1.51971 7.18667 8
    endloop
  endfacet
  facet normal 0 -0 1
    outer loop
      vertex 1.50493 7.34302 8
      vertex 1.50493 7.65698 8
      vertex 1.5 7.5 8
    endloop
  endfacet
  facet normal 0.987687 -0.156443 0
    outer loop
      vertex 6.45572 7.03155 8
      vertex 6.48029 7.18667 3.5
      vertex 6.48029 7.18667 8
    endloop
  endfacet
  facet normal 0.987687 -0.156443 0
    outer loop
      vertex 6.48029 7.18667 3.5
      vertex 6.45572 7.03155 8
      vertex 6.45572 7.03155 3.5
    endloop
  endfacet
  facet normal 0.338735 -0.940882 0
    outer loop
      vertex 4.77254 5.12236 3.5
      vertex 4.92031 5.17556 8
      vertex 4.77254 5.12236 8
    endloop
  endfacet
  facet normal 0.338735 -0.940882 0
    outer loop
      vertex 4.92031 5.17556 8
      vertex 4.77254 5.12236 3.5
      vertex 4.92031 5.17556 3.5
    endloop
  endfacet
  facet normal 0.661299 -0.750122 0
    outer loop
      vertex 5.59356 5.57372 3.5
      vertex 5.71137 5.67758 8
      vertex 5.59356 5.57372 8
    endloop
  endfacet
  facet normal 0.661299 -0.750122 0
    outer loop
      vertex 5.71137 5.67758 8
      vertex 5.59356 5.57372 3.5
      vertex 5.71137 5.67758 3.5
    endloop
  endfacet
  facet normal -0.21813 -0.97592 0
    outer loop
      vertex 3.37827 5.07854 3.5
      vertex 3.53155 5.04428 8
      vertex 3.37827 5.07854 8
    endloop
  endfacet
  facet normal -0.21813 -0.97592 -0
    outer loop
      vertex 3.53155 5.04428 8
      vertex 3.37827 5.07854 3.5
      vertex 3.53155 5.04428 3.5
    endloop
  endfacet
  facet normal -0.0941119 -0.995562 0
    outer loop
      vertex 3.68667 5.01971 3.5
      vertex 3.84302 5.00493 8
      vertex 3.68667 5.01971 8
    endloop
  endfacet
  facet normal -0.0941119 -0.995562 -0
    outer loop
      vertex 3.84302 5.00493 8
      vertex 3.68667 5.01971 3.5
      vertex 3.84302 5.00493 3.5
    endloop
  endfacet
  facet normal -0.6129 -0.790161 0
    outer loop
      vertex 2.40644 5.57372 3.5
      vertex 2.53054 5.47746 8
      vertex 2.40644 5.57372 8
    endloop
  endfacet
  facet normal -0.6129 -0.790161 -0
    outer loop
      vertex 2.53054 5.47746 8
      vertex 2.40644 5.57372 3.5
      vertex 2.53054 5.47746 3.5
    endloop
  endfacet
  facet normal -0.987687 -0.156443 0
    outer loop
      vertex 1.54428 7.03155 3.5
      vertex 1.51971 7.18667 8
      vertex 1.51971 7.18667 3.5
    endloop
  endfacet
  facet normal -0.987687 -0.156443 0
    outer loop
      vertex 1.51971 7.18667 8
      vertex 1.54428 7.03155 3.5
      vertex 1.54428 7.03155 8
    endloop
  endfacet
  facet normal -0.940882 -0.338735 0
    outer loop
      vertex 1.67556 6.57969 3.5
      vertex 1.62236 6.72746 8
      vertex 1.62236 6.72746 3.5
    endloop
  endfacet
  facet normal -0.940882 -0.338735 0
    outer loop
      vertex 1.62236 6.72746 8
      vertex 1.67556 6.57969 3.5
      vertex 1.67556 6.57969 8
    endloop
  endfacet
  facet normal -0.82706 -0.562113 0
    outer loop
      vertex 1.97746 6.03054 3.5
      vertex 1.88918 6.16043 8
      vertex 1.88918 6.16043 3.5
    endloop
  endfacet
  facet normal -0.82706 -0.562113 0
    outer loop
      vertex 1.88918 6.16043 8
      vertex 1.97746 6.03054 3.5
      vertex 1.97746 6.03054 8
    endloop
  endfacet
  facet normal -0.750122 -0.661299 0
    outer loop
      vertex 2.17758 5.78863 3.5
      vertex 2.07372 5.90644 8
      vertex 2.07372 5.90644 3.5
    endloop
  endfacet
  facet normal -0.750122 -0.661299 0
    outer loop
      vertex 2.07372 5.90644 8
      vertex 2.17758 5.78863 3.5
      vertex 2.17758 5.78863 8
    endloop
  endfacet
  facet normal 0.995562 -0.0941119 0
    outer loop
      vertex 6.48029 7.18667 8
      vertex 6.49507 7.34302 3.5
      vertex 6.49507 7.34302 8
    endloop
  endfacet
  facet normal 0.995562 -0.0941119 0
    outer loop
      vertex 6.49507 7.34302 3.5
      vertex 6.48029 7.18667 8
      vertex 6.48029 7.18667 3.5
    endloop
  endfacet
  facet normal 0.97592 -0.21813 0
    outer loop
      vertex 6.42146 6.87827 8
      vertex 6.45572 7.03155 3.5
      vertex 6.45572 7.03155 8
    endloop
  endfacet
  facet normal 0.97592 -0.21813 0
    outer loop
      vertex 6.45572 7.03155 3.5
      vertex 6.42146 6.87827 8
      vertex 6.42146 6.87827 3.5
    endloop
  endfacet
  facet normal -1 0 0
    outer loop
      vertex 9.5 3 0
      vertex 9.5 11 3.5
      vertex 9.5 11 0
    endloop
  endfacet
  facet normal -1 -0 0
    outer loop
      vertex 9.5 11 3.5
      vertex 9.5 3 0
      vertex 9.5 3 3.5
    endloop
  endfacet
  facet normal 0 0 1
    outer loop
      vertex 17.5 11 3.5
      vertex 16 7 3.5
      vertex 17.5 3 3.5
    endloop
  endfacet
  facet normal 0 0 1
    outer loop
      vertex 17.5 11 3.5
      vertex 15.9951 7.15698 3.5
      vertex 16 7 3.5
    endloop
  endfacet
  facet normal 0 0 1
    outer loop
      vertex 17.5 11 3.5
      vertex 15.9803 7.31333 3.5
      vertex 15.9951 7.15698 3.5
    endloop
  endfacet
  facet normal 0 0 1
    outer loop
      vertex 17.5 11 3.5
      vertex 15.9557 7.46845 3.5
      vertex 15.9803 7.31333 3.5
    endloop
  endfacet
  facet normal 0 0 1
    outer loop
      vertex 17.5 11 3.5
      vertex 15.9215 7.62172 3.5
      vertex 15.9557 7.46845 3.5
    endloop
  endfacet
  facet normal 0 0 1
    outer loop
      vertex 17.5 11 3.5
      vertex 15.8776 7.77254 3.5
      vertex 15.9215 7.62172 3.5
    endloop
  endfacet
  facet normal 0 0 1
    outer loop
      vertex 17.5 11 3.5
      vertex 15.8244 7.92031 3.5
      vertex 15.8776 7.77254 3.5
    endloop
  endfacet
  facet normal 0 0 1
    outer loop
      vertex 17.5 11 3.5
      vertex 15.7621 8.06445 3.5
      vertex 15.8244 7.92031 3.5
    endloop
  endfacet
  facet normal 0 0 1
    outer loop
      vertex 17.5 11 3.5
      vertex 15.6908 8.20438 3.5
      vertex 15.7621 8.06445 3.5
    endloop
  endfacet
  facet normal 0 0 1
    outer loop
      vertex 17.5 11 3.5
      vertex 15.6108 8.33957 3.5
      vertex 15.6908 8.20438 3.5
    endloop
  endfacet
  facet normal 0 0 1
    outer loop
      vertex 17.5 11 3.5
      vertex 15.5225 8.46946 3.5
      vertex 15.6108 8.33957 3.5
    endloop
  endfacet
  facet normal 0 0 1
    outer loop
      vertex 17.5 11 3.5
      vertex 15.4263 8.59356 3.5
      vertex 15.5225 8.46946 3.5
    endloop
  endfacet
  facet normal 0 0 1
    outer loop
      vertex 17.5 11 3.5
      vertex 15.3224 8.71137 3.5
      vertex 15.4263 8.59356 3.5
    endloop
  endfacet
  facet normal 0 0 1
    outer loop
      vertex 17.5 11 3.5
      vertex 15.2114 8.82242 3.5
      vertex 15.3224 8.71137 3.5
    endloop
  endfacet
  facet normal 0 0 1
    outer loop
      vertex 17.5 11 3.5
      vertex 15.0936 8.92628 3.5
      vertex 15.2114 8.82242 3.5
    endloop
  endfacet
  facet normal 0 0 1
    outer loop
      vertex 17.5 11 3.5
      vertex 14.9695 9.02254 3.5
      vertex 15.0936 8.92628 3.5
    endloop
  endfacet
  facet normal 0 0 1
    outer loop
      vertex 17.5 11 3.5
      vertex 14.8396 9.11082 3.5
      vertex 14.9695 9.02254 3.5
    endloop
  endfacet
  facet normal 0 0 1
    outer loop
      vertex 17.5 11 3.5
      vertex 14.7044 9.19077 3.5
      vertex 14.8396 9.11082 3.5
    endloop
  endfacet
  facet normal 0 0 1
    outer loop
      vertex 17.5 11 3.5
      vertex 14.5644 9.26207 3.5
      vertex 14.7044 9.19077 3.5
    endloop
  endfacet
  facet normal 0 0 1
    outer loop
      vertex 17.5 11 3.5
      vertex 14.4203 9.32444 3.5
      vertex 14.5644 9.26207 3.5
    endloop
  endfacet
  facet normal 0 0 1
    outer loop
      vertex 17.5 11 3.5
      vertex 14.2725 9.37764 3.5
      vertex 14.4203 9.32444 3.5
    endloop
  endfacet
  facet normal 0 0 1
    outer loop
      vertex 17.5 11 3.5
      vertex 14.1217 9.42146 3.5
      vertex 14.2725 9.37764 3.5
    endloop
  endfacet
  facet normal 0 0 1
    outer loop
      vertex 17.5 11 3.5
      vertex 13.9685 9.45572 3.5
      vertex 14.1217 9.42146 3.5
    endloop
  endfacet
  facet normal 0 0 1
    outer loop
      vertex 17.5 11 3.5
      vertex 13.8133 9.48029 3.5
      vertex 13.9685 9.45572 3.5
    endloop
  endfacet
  facet normal 0 0 1
    outer loop
      vertex 17.5 11 3.5
      vertex 13.657 9.49507 3.5
      vertex 13.8133 9.48029 3.5
    endloop
  endfacet
  facet normal 0 0 1
    outer loop
      vertex 17.5 11 3.5
      vertex 13.5 9.5 3.5
      vertex 13.657 9.49507 3.5
    endloop
  endfacet
  facet normal -0 0 1
    outer loop
      vertex 9.5 11 3.5
      vertex 13.5 9.5 3.5
      vertex 17.5 11 3.5
    endloop
  endfacet
  facet normal 0 0 1
    outer loop
      vertex 13.5 9.5 3.5
      vertex 9.5 11 3.5
      vertex 13.343 9.49507 3.5
    endloop
  endfacet
  facet normal 0 0 1
    outer loop
      vertex 13.343 9.49507 3.5
      vertex 9.5 11 3.5
      vertex 13.1867 9.48029 3.5
    endloop
  endfacet
  facet normal 0 0 1
    outer loop
      vertex 13.1867 9.48029 3.5
      vertex 9.5 11 3.5
      vertex 13.0315 9.45572 3.5
    endloop
  endfacet
  facet normal 0 0 1
    outer loop
      vertex 13.0315 9.45572 3.5
      vertex 9.5 11 3.5
      vertex 12.8783 9.42146 3.5
    endloop
  endfacet
  facet normal 0 0 1
    outer loop
      vertex 11.0049 7.15698 3.5
      vertex 9.5 11 3.5
      vertex 11 7 3.5
    endloop
  endfacet
  facet normal 0 0 1
    outer loop
      vertex 11.0197 7.31333 3.5
      vertex 9.5 11 3.5
      vertex 11.0049 7.15698 3.5
    endloop
  endfacet
  facet normal 0 0 1
    outer loop
      vertex 11.0443 7.46845 3.5
      vertex 9.5 11 3.5
      vertex 11.0197 7.31333 3.5
    endloop
  endfacet
  facet normal 0 0 1
    outer loop
      vertex 11.0785 7.62172 3.5
      vertex 9.5 11 3.5
      vertex 11.0443 7.46845 3.5
    endloop
  endfacet
  facet normal 0 0 1
    outer loop
      vertex 11.1224 7.77254 3.5
      vertex 9.5 11 3.5
      vertex 11.0785 7.62172 3.5
    endloop
  endfacet
  facet normal 0 0 1
    outer loop
      vertex 11.1756 7.92031 3.5
      vertex 9.5 11 3.5
      vertex 11.1224 7.77254 3.5
    endloop
  endfacet
  facet normal 0 0 1
    outer loop
      vertex 11.2379 8.06445 3.5
      vertex 9.5 11 3.5
      vertex 11.1756 7.92031 3.5
    endloop
  endfacet
  facet normal 0 0 1
    outer loop
      vertex 11.3092 8.20438 3.5
      vertex 9.5 11 3.5
      vertex 11.2379 8.06445 3.5
    endloop
  endfacet
  facet normal 0 0 1
    outer loop
      vertex 11.3892 8.33957 3.5
      vertex 9.5 11 3.5
      vertex 11.3092 8.20438 3.5
    endloop
  endfacet
  facet normal 0 0 1
    outer loop
      vertex 11.4775 8.46946 3.5
      vertex 9.5 11 3.5
      vertex 11.3892 8.33957 3.5
    endloop
  endfacet
  facet normal 0 0 1
    outer loop
      vertex 11.5737 8.59356 3.5
      vertex 9.5 11 3.5
      vertex 11.4775 8.46946 3.5
    endloop
  endfacet
  facet normal 0 0 1
    outer loop
      vertex 11.6776 8.71137 3.5
      vertex 9.5 11 3.5
      vertex 11.5737 8.59356 3.5
    endloop
  endfacet
  facet normal 0 0 1
    outer loop
      vertex 11.7886 8.82242 3.5
      vertex 9.5 11 3.5
      vertex 11.6776 8.71137 3.5
    endloop
  endfacet
  facet normal 0 0 1
    outer loop
      vertex 11.9064 8.92628 3.5
      vertex 9.5 11 3.5
      vertex 11.7886 8.82242 3.5
    endloop
  endfacet
  facet normal 0 0 1
    outer loop
      vertex 12.0305 9.02254 3.5
      vertex 9.5 11 3.5
      vertex 11.9064 8.92628 3.5
    endloop
  endfacet
  facet normal 0 0 1
    outer loop
      vertex 12.1604 9.11082 3.5
      vertex 9.5 11 3.5
      vertex 12.0305 9.02254 3.5
    endloop
  endfacet
  facet normal 0 0 1
    outer loop
      vertex 12.2956 9.19077 3.5
      vertex 9.5 11 3.5
      vertex 12.1604 9.11082 3.5
    endloop
  endfacet
  facet normal 0 0 1
    outer loop
      vertex 12.4356 9.26207 3.5
      vertex 9.5 11 3.5
      vertex 12.2956 9.19077 3.5
    endloop
  endfacet
  facet normal 0 0 1
    outer loop
      vertex 12.5797 9.32444 3.5
      vertex 9.5 11 3.5
      vertex 12.4356 9.26207 3.5
    endloop
  endfacet
  facet normal 0 0 1
    outer loop
      vertex 12.7275 9.37764 3.5
      vertex 9.5 11 3.5
      vertex 12.5797 9.32444 3.5
    endloop
  endfacet
  facet normal 0 0 1
    outer loop
      vertex 12.8783 9.42146 3.5
      vertex 9.5 11 3.5
      vertex 12.7275 9.37764 3.5
    endloop
  endfacet
  facet normal -0 0 1
    outer loop
      vertex 15.9951 6.84302 3.5
      vertex 17.5 3 3.5
      vertex 16 7 3.5
    endloop
  endfacet
  facet normal -0 0 1
    outer loop
      vertex 15.9803 6.68667 3.5
      vertex 17.5 3 3.5
      vertex 15.9951 6.84302 3.5
    endloop
  endfacet
  facet normal -0 0 1
    outer loop
      vertex 15.9557 6.53155 3.5
      vertex 17.5 3 3.5
      vertex 15.9803 6.68667 3.5
    endloop
  endfacet
  facet normal -0 0 1
    outer loop
      vertex 15.9215 6.37827 3.5
      vertex 17.5 3 3.5
      vertex 15.9557 6.53155 3.5
    endloop
  endfacet
  facet normal -0 0 1
    outer loop
      vertex 15.8776 6.22746 3.5
      vertex 17.5 3 3.5
      vertex 15.9215 6.37827 3.5
    endloop
  endfacet
  facet normal -0 0 1
    outer loop
      vertex 15.8244 6.07969 3.5
      vertex 17.5 3 3.5
      vertex 15.8776 6.22746 3.5
    endloop
  endfacet
  facet normal -0 0 1
    outer loop
      vertex 15.7621 5.93555 3.5
      vertex 17.5 3 3.5
      vertex 15.8244 6.07969 3.5
    endloop
  endfacet
  facet normal -0 0 1
    outer loop
      vertex 15.6908 5.79562 3.5
      vertex 17.5 3 3.5
      vertex 15.7621 5.93555 3.5
    endloop
  endfacet
  facet normal -0 0 1
    outer loop
      vertex 15.6108 5.66043 3.5
      vertex 17.5 3 3.5
      vertex 15.6908 5.79562 3.5
    endloop
  endfacet
  facet normal -0 0 1
    outer loop
      vertex 15.5225 5.53054 3.5
      vertex 17.5 3 3.5
      vertex 15.6108 5.66043 3.5
    endloop
  endfacet
  facet normal -0 0 1
    outer loop
      vertex 15.4263 5.40644 3.5
      vertex 17.5 3 3.5
      vertex 15.5225 5.53054 3.5
    endloop
  endfacet
  facet normal -0 0 1
    outer loop
      vertex 15.3224 5.28863 3.5
      vertex 17.5 3 3.5
      vertex 15.4263 5.40644 3.5
    endloop
  endfacet
  facet normal -0 0 1
    outer loop
      vertex 15.2114 5.17758 3.5
      vertex 17.5 3 3.5
      vertex 15.3224 5.28863 3.5
    endloop
  endfacet
  facet normal -0 0 1
    outer loop
      vertex 15.0936 5.07372 3.5
      vertex 17.5 3 3.5
      vertex 15.2114 5.17758 3.5
    endloop
  endfacet
  facet normal -0 0 1
    outer loop
      vertex 14.9695 4.97746 3.5
      vertex 17.5 3 3.5
      vertex 15.0936 5.07372 3.5
    endloop
  endfacet
  facet normal -0 0 1
    outer loop
      vertex 14.8396 4.88918 3.5
      vertex 17.5 3 3.5
      vertex 14.9695 4.97746 3.5
    endloop
  endfacet
  facet normal -0 0 1
    outer loop
      vertex 14.7044 4.80923 3.5
      vertex 17.5 3 3.5
      vertex 14.8396 4.88918 3.5
    endloop
  endfacet
  facet normal -0 0 1
    outer loop
      vertex 14.5644 4.73793 3.5
      vertex 17.5 3 3.5
      vertex 14.7044 4.80923 3.5
    endloop
  endfacet
  facet normal -0 0 1
    outer loop
      vertex 14.4203 4.67556 3.5
      vertex 17.5 3 3.5
      vertex 14.5644 4.73793 3.5
    endloop
  endfacet
  facet normal -0 0 1
    outer loop
      vertex 14.2725 4.62236 3.5
      vertex 17.5 3 3.5
      vertex 14.4203 4.67556 3.5
    endloop
  endfacet
  facet normal -0 0 1
    outer loop
      vertex 14.1217 4.57854 3.5
      vertex 17.5 3 3.5
      vertex 14.2725 4.62236 3.5
    endloop
  endfacet
  facet normal -0 0 1
    outer loop
      vertex 13.9685 4.54428 3.5
      vertex 17.5 3 3.5
      vertex 14.1217 4.57854 3.5
    endloop
  endfacet
  facet normal -0 0 1
    outer loop
      vertex 13.8133 4.51971 3.5
      vertex 17.5 3 3.5
      vertex 13.9685 4.54428 3.5
    endloop
  endfacet
  facet normal -0 0 1
    outer loop
      vertex 13.657 4.50493 3.5
      vertex 17.5 3 3.5
      vertex 13.8133 4.51971 3.5
    endloop
  endfacet
  facet normal -0 0 1
    outer loop
      vertex 13.5 4.5 3.5
      vertex 17.5 3 3.5
      vertex 13.657 4.50493 3.5
    endloop
  endfacet
  facet normal 0 0 1
    outer loop
      vertex 9.5 3 3.5
      vertex 13.5 4.5 3.5
      vertex 13.343 4.50493 3.5
    endloop
  endfacet
  facet normal 0 0 1
    outer loop
      vertex 9.5 3 3.5
      vertex 13.343 4.50493 3.5
      vertex 13.1867 4.51971 3.5
    endloop
  endfacet
  facet normal 0 0 1
    outer loop
      vertex 9.5 3 3.5
      vertex 13.1867 4.51971 3.5
      vertex 13.0315 4.54428 3.5
    endloop
  endfacet
  facet normal 0 0 1
    outer loop
      vertex 9.5 3 3.5
      vertex 13.0315 4.54428 3.5
      vertex 12.8783 4.57854 3.5
    endloop
  endfacet
  facet normal 0 0 1
    outer loop
      vertex 9.5 3 3.5
      vertex 12.8783 4.57854 3.5
      vertex 12.7275 4.62236 3.5
    endloop
  endfacet
  facet normal 0 0 1
    outer loop
      vertex 9.5 3 3.5
      vertex 11 7 3.5
      vertex 9.5 11 3.5
    endloop
  endfacet
  facet normal 0 0 1
    outer loop
      vertex 11 7 3.5
      vertex 9.5 3 3.5
      vertex 11.0049 6.84302 3.5
    endloop
  endfacet
  facet normal 0 0 1
    outer loop
      vertex 11.0049 6.84302 3.5
      vertex 9.5 3 3.5
      vertex 11.0197 6.68667 3.5
    endloop
  endfacet
  facet normal 0 0 1
    outer loop
      vertex 11.0197 6.68667 3.5
      vertex 9.5 3 3.5
      vertex 11.0443 6.53155 3.5
    endloop
  endfacet
  facet normal 0 0 1
    outer loop
      vertex 11.0443 6.53155 3.5
      vertex 9.5 3 3.5
      vertex 11.0785 6.37827 3.5
    endloop
  endfacet
  facet normal 0 0 1
    outer loop
      vertex 13.5 4.5 3.5
      vertex 9.5 3 3.5
      vertex 17.5 3 3.5
    endloop
  endfacet
  facet normal 0 0 1
    outer loop
      vertex 12.5797 4.67556 3.5
      vertex 9.5 3 3.5
      vertex 12.7275 4.62236 3.5
    endloop
  endfacet
  facet normal 0 0 1
    outer loop
      vertex 12.4356 4.73793 3.5
      vertex 9.5 3 3.5
      vertex 12.5797 4.67556 3.5
    endloop
  endfacet
  facet normal 0 0 1
    outer loop
      vertex 12.2956 4.80923 3.5
      vertex 9.5 3 3.5
      vertex 12.4356 4.73793 3.5
    endloop
  endfacet
  facet normal 0 0 1
    outer loop
      vertex 12.1604 4.88918 3.5
      vertex 9.5 3 3.5
      vertex 12.2956 4.80923 3.5
    endloop
  endfacet
  facet normal 0 0 1
    outer loop
      vertex 12.0305 4.97746 3.5
      vertex 9.5 3 3.5
      vertex 12.1604 4.88918 3.5
    endloop
  endfacet
  facet normal 0 0 1
    outer loop
      vertex 11.9064 5.07372 3.5
      vertex 9.5 3 3.5
      vertex 12.0305 4.97746 3.5
    endloop
  endfacet
  facet normal 0 0 1
    outer loop
      vertex 11.7886 5.17758 3.5
      vertex 9.5 3 3.5
      vertex 11.9064 5.07372 3.5
    endloop
  endfacet
  facet normal 0 0 1
    outer loop
      vertex 11.6776 5.28863 3.5
      vertex 9.5 3 3.5
      vertex 11.7886 5.17758 3.5
    endloop
  endfacet
  facet normal 0 0 1
    outer loop
      vertex 11.5737 5.40644 3.5
      vertex 9.5 3 3.5
      vertex 11.6776 5.28863 3.5
    endloop
  endfacet
  facet normal 0 0 1
    outer loop
      vertex 11.4775 5.53054 3.5
      vertex 9.5 3 3.5
      vertex 11.5737 5.40644 3.5
    endloop
  endfacet
  facet normal 0 0 1
    outer loop
      vertex 11.3892 5.66043 3.5
      vertex 9.5 3 3.5
      vertex 11.4775 5.53054 3.5
    endloop
  endfacet
  facet normal 0 0 1
    outer loop
      vertex 11.3092 5.79562 3.5
      vertex 9.5 3 3.5
      vertex 11.3892 5.66043 3.5
    endloop
  endfacet
  facet normal 0 0 1
    outer loop
      vertex 11.2379 5.93555 3.5
      vertex 9.5 3 3.5
      vertex 11.3092 5.79562 3.5
    endloop
  endfacet
  facet normal 0 0 1
    outer loop
      vertex 11.1756 6.07969 3.5
      vertex 9.5 3 3.5
      vertex 11.2379 5.93555 3.5
    endloop
  endfacet
  facet normal 0 0 1
    outer loop
      vertex 11.1224 6.22746 3.5
      vertex 9.5 3 3.5
      vertex 11.1756 6.07969 3.5
    endloop
  endfacet
  facet normal 0 0 1
    outer loop
      vertex 11.0785 6.37827 3.5
      vertex 9.5 3 3.5
      vertex 11.1224 6.22746 3.5
    endloop
  endfacet
  facet normal 1 -0 0
    outer loop
      vertex 17.5 3 3.5
      vertex 17.5 11 0
      vertex 17.5 11 3.5
    endloop
  endfacet
  facet normal 1 0 0
    outer loop
      vertex 17.5 11 0
      vertex 17.5 3 3.5
      vertex 17.5 3 0
    endloop
  endfacet
  facet normal 0 1 -0
    outer loop
      vertex 17.5 11 0
      vertex 9.5 11 3.5
      vertex 17.5 11 3.5
    endloop
  endfacet
  facet normal 0 1 0
    outer loop
      vertex 9.5 11 3.5
      vertex 17.5 11 0
      vertex 9.5 11 0
    endloop
  endfacet
  facet normal 0 0 -1
    outer loop
      vertex 9.5 3 0
      vertex 17.5 11 0
      vertex 17.5 3 0
    endloop
  endfacet
  facet normal -0 0 -1
    outer loop
      vertex 17.5 11 0
      vertex 9.5 3 0
      vertex 9.5 11 0
    endloop
  endfacet
  facet normal 0 -1 0
    outer loop
      vertex 9.5 3 0
      vertex 17.5 3 3.5
      vertex 9.5 3 3.5
    endloop
  endfacet
  facet normal 0 -1 -0
    outer loop
      vertex 17.5 3 3.5
      vertex 9.5 3 0
      vertex 17.5 3 0
    endloop
  endfacet
  facet normal -0.338674 -0.940904 0
    outer loop
      vertex 12.5797 4.67556 3.5
      vertex 12.7275 4.62236 8
      vertex 12.5797 4.67556 8
    endloop
  endfacet
  facet normal -0.338674 -0.940904 -0
    outer loop
      vertex 12.7275 4.62236 8
      vertex 12.5797 4.67556 3.5
      vertex 12.7275 4.62236 3.5
    endloop
  endfacet
  facet normal 0.562084 0.82708 -0
    outer loop
      vertex 14.9695 9.02254 3.5
      vertex 14.8396 9.11082 8
      vertex 14.9695 9.02254 8
    endloop
  endfacet
  facet normal 0.562084 0.82708 0
    outer loop
      vertex 14.8396 9.11082 8
      vertex 14.9695 9.02254 3.5
      vertex 14.8396 9.11082 3.5
    endloop
  endfacet
  facet normal -0.397214 0.917726 0
    outer loop
      vertex 12.5797 9.32444 3.5
      vertex 12.4356 9.26207 8
      vertex 12.5797 9.32444 8
    endloop
  endfacet
  facet normal -0.397214 0.917726 0
    outer loop
      vertex 12.4356 9.26207 8
      vertex 12.5797 9.32444 3.5
      vertex 12.4356 9.26207 3.5
    endloop
  endfacet
  facet normal -0.891001 -0.454001 0
    outer loop
      vertex 11.3092 5.79562 3.5
      vertex 11.2379 5.93555 8
      vertex 11.2379 5.93555 3.5
    endloop
  endfacet
  facet normal -0.891001 -0.454001 0
    outer loop
      vertex 11.2379 5.93555 8
      vertex 11.3092 5.79562 3.5
      vertex 11.3092 5.79562 8
    endloop
  endfacet
  facet normal 0.975998 0.21778 0
    outer loop
      vertex 15.9557 7.46845 8
      vertex 15.9215 7.62172 3.5
      vertex 15.9215 7.62172 8
    endloop
  endfacet
  facet normal 0.975998 0.21778 0
    outer loop
      vertex 15.9215 7.62172 3.5
      vertex 15.9557 7.46845 8
      vertex 15.9557 7.46845 3.5
    endloop
  endfacet
  facet normal 0.960152 0.279477 0
    outer loop
      vertex 15.9215 7.62172 8
      vertex 15.8776 7.77254 3.5
      vertex 15.8776 7.77254 8
    endloop
  endfacet
  facet normal 0.960152 0.279477 0
    outer loop
      vertex 15.8776 7.77254 3.5
      vertex 15.9215 7.62172 8
      vertex 15.9215 7.62172 3.5
    endloop
  endfacet
  facet normal 0.790346 0.612661 0
    outer loop
      vertex 15.5225 8.46946 8
      vertex 15.4263 8.59356 3.5
      vertex 15.4263 8.59356 8
    endloop
  endfacet
  facet normal 0.790346 0.612661 0
    outer loop
      vertex 15.4263 8.59356 3.5
      vertex 15.5225 8.46946 8
      vertex 15.5225 8.46946 3.5
    endloop
  endfacet
  facet normal 0.509008 0.860762 -0
    outer loop
      vertex 14.8396 9.11082 3.5
      vertex 14.7044 9.19077 8
      vertex 14.8396 9.11082 8
    endloop
  endfacet
  facet normal 0.509008 0.860762 0
    outer loop
      vertex 14.7044 9.19077 8
      vertex 14.8396 9.11082 3.5
      vertex 14.7044 9.19077 3.5
    endloop
  endfacet
  facet normal -0.999513 0.031199 0
    outer loop
      vertex 11 7 3.5
      vertex 11.0049 7.15698 8
      vertex 11.0049 7.15698 3.5
    endloop
  endfacet
  facet normal -0.999513 0.031199 0
    outer loop
      vertex 11.0049 7.15698 8
      vertex 11 7 3.5
      vertex 11 7 8
    endloop
  endfacet
  facet normal -0.891001 0.454001 0
    outer loop
      vertex 11.2379 8.06445 3.5
      vertex 11.3092 8.20438 8
      vertex 11.3092 8.20438 3.5
    endloop
  endfacet
  facet normal -0.891001 0.454001 0
    outer loop
      vertex 11.3092 8.20438 8
      vertex 11.2379 8.06445 3.5
      vertex 11.2379 8.06445 8
    endloop
  endfacet
  facet normal -0.6129 0.790161 0
    outer loop
      vertex 12.0305 9.02254 3.5
      vertex 11.9064 8.92628 8
      vertex 12.0305 9.02254 8
    endloop
  endfacet
  facet normal -0.6129 0.790161 0
    outer loop
      vertex 11.9064 8.92628 8
      vertex 12.0305 9.02254 3.5
      vertex 11.9064 8.92628 3.5
    endloop
  endfacet
  facet normal 0.891001 -0.454001 0
    outer loop
      vertex 15.6908 5.79562 8
      vertex 15.7621 5.93555 3.5
      vertex 15.7621 5.93555 8
    endloop
  endfacet
  facet normal 0.891001 -0.454001 0
    outer loop
      vertex 15.7621 5.93555 3.5
      vertex 15.6908 5.79562 8
      vertex 15.6908 5.79562 3.5
    endloop
  endfacet
  facet normal 0.279041 -0.960279 0
    outer loop
      vertex 14.1217 4.57854 3.5
      vertex 14.2725 4.62236 8
      vertex 14.1217 4.57854 8
    endloop
  endfacet
  facet normal 0.279041 -0.960279 0
    outer loop
      vertex 14.2725 4.62236 8
      vertex 14.1217 4.57854 3.5
      vertex 14.2725 4.62236 3.5
    endloop
  endfacet
  facet normal 0.707266 -0.706948 0
    outer loop
      vertex 15.2114 5.17758 8
      vertex 15.3224 5.28863 3.5
      vertex 15.3224 5.28863 8
    endloop
  endfacet
  facet normal 0.707266 -0.706948 0
    outer loop
      vertex 15.3224 5.28863 3.5
      vertex 15.2114 5.17758 8
      vertex 15.2114 5.17758 3.5
    endloop
  endfacet
  facet normal 0.917929 0.396746 0
    outer loop
      vertex 15.8244 7.92031 8
      vertex 15.7621 8.06445 3.5
      vertex 15.7621 8.06445 8
    endloop
  endfacet
  facet normal 0.917929 0.396746 0
    outer loop
      vertex 15.7621 8.06445 3.5
      vertex 15.8244 7.92031 8
      vertex 15.8244 7.92031 3.5
    endloop
  endfacet
  facet normal 0.891001 0.454001 0
    outer loop
      vertex 15.7621 8.06445 8
      vertex 15.6908 8.20438 3.5
      vertex 15.6908 8.20438 8
    endloop
  endfacet
  facet normal 0.891001 0.454001 0
    outer loop
      vertex 15.6908 8.20438 3.5
      vertex 15.7621 8.06445 8
      vertex 15.7621 8.06445 3.5
    endloop
  endfacet
  facet normal 0.707266 0.706948 0
    outer loop
      vertex 15.3224 8.71137 8
      vertex 15.2114 8.82242 3.5
      vertex 15.2114 8.82242 8
    endloop
  endfacet
  facet normal 0.707266 0.706948 0
    outer loop
      vertex 15.2114 8.82242 3.5
      vertex 15.3224 8.71137 8
      vertex 15.3224 8.71137 3.5
    endloop
  endfacet
  facet normal 0.218239 0.975895 -0
    outer loop
      vertex 14.1217 9.42146 3.5
      vertex 13.9685 9.45572 8
      vertex 14.1217 9.42146 8
    endloop
  endfacet
  facet normal 0.218239 0.975895 0
    outer loop
      vertex 13.9685 9.45572 8
      vertex 14.1217 9.42146 3.5
      vertex 13.9685 9.45572 3.5
    endloop
  endfacet
  facet normal 0.338674 0.940904 -0
    outer loop
      vertex 14.4203 9.32444 3.5
      vertex 14.2725 9.37764 8
      vertex 14.4203 9.32444 8
    endloop
  endfacet
  facet normal 0.338674 0.940904 0
    outer loop
      vertex 14.2725 9.37764 8
      vertex 14.4203 9.32444 3.5
      vertex 14.2725 9.37764 3.5
    endloop
  endfacet
  facet normal 0.0941418 0.995559 -0
    outer loop
      vertex 13.8133 9.48029 3.5
      vertex 13.657 9.49507 8
      vertex 13.8133 9.48029 8
    endloop
  endfacet
  facet normal 0.0941418 0.995559 0
    outer loop
      vertex 13.657 9.49507 8
      vertex 13.8133 9.48029 3.5
      vertex 13.657 9.49507 3.5
    endloop
  endfacet
  facet normal -0.975998 0.21778 0
    outer loop
      vertex 11.0443 7.46845 3.5
      vertex 11.0785 7.62172 8
      vertex 11.0785 7.62172 3.5
    endloop
  endfacet
  facet normal -0.975998 0.21778 0
    outer loop
      vertex 11.0785 7.62172 8
      vertex 11.0443 7.46845 3.5
      vertex 11.0443 7.46845 8
    endloop
  endfacet
  facet normal -0.940882 0.338735 0
    outer loop
      vertex 11.1224 7.77254 3.5
      vertex 11.1756 7.92031 8
      vertex 11.1756 7.92031 3.5
    endloop
  endfacet
  facet normal -0.940882 0.338735 0
    outer loop
      vertex 11.1756 7.92031 8
      vertex 11.1224 7.77254 3.5
      vertex 11.1224 7.77254 8
    endloop
  endfacet
  facet normal -0.99555 0.0942382 0
    outer loop
      vertex 11.0049 7.15698 3.5
      vertex 11.0197 7.31333 8
      vertex 11.0197 7.31333 3.5
    endloop
  endfacet
  facet normal -0.99555 0.0942382 0
    outer loop
      vertex 11.0197 7.31333 8
      vertex 11.0049 7.15698 3.5
      vertex 11.0049 7.15698 8
    endloop
  endfacet
  facet normal -0.790346 0.612661 0
    outer loop
      vertex 11.4775 8.46946 3.5
      vertex 11.5737 8.59356 8
      vertex 11.5737 8.59356 3.5
    endloop
  endfacet
  facet normal -0.790346 0.612661 0
    outer loop
      vertex 11.5737 8.59356 8
      vertex 11.4775 8.46946 3.5
      vertex 11.4775 8.46946 8
    endloop
  endfacet
  facet normal -0.827001 0.5622 0
    outer loop
      vertex 11.3892 8.33957 3.5
      vertex 11.4775 8.46946 8
      vertex 11.4775 8.46946 3.5
    endloop
  endfacet
  facet normal -0.827001 0.5622 0
    outer loop
      vertex 11.4775 8.46946 8
      vertex 11.3892 8.33957 3.5
      vertex 11.3892 8.33957 8
    endloop
  endfacet
  facet normal -0.156365 0.987699 0
    outer loop
      vertex 13.1867 9.48029 3.5
      vertex 13.0315 9.45572 8
      vertex 13.1867 9.48029 8
    endloop
  endfacet
  facet normal -0.156365 0.987699 0
    outer loop
      vertex 13.0315 9.45572 8
      vertex 13.1867 9.48029 3.5
      vertex 13.0315 9.45572 3.5
    endloop
  endfacet
  facet normal -0.338674 0.940904 0
    outer loop
      vertex 12.7275 9.37764 3.5
      vertex 12.5797 9.32444 8
      vertex 12.7275 9.37764 8
    endloop
  endfacet
  facet normal -0.338674 0.940904 0
    outer loop
      vertex 12.5797 9.32444 8
      vertex 12.7275 9.37764 3.5
      vertex 12.5797 9.32444 3.5
    endloop
  endfacet
  facet normal -0.218239 0.975895 0
    outer loop
      vertex 13.0315 9.45572 3.5
      vertex 12.8783 9.42146 8
      vertex 13.0315 9.45572 8
    endloop
  endfacet
  facet normal -0.218239 0.975895 0
    outer loop
      vertex 12.8783 9.42146 8
      vertex 13.0315 9.45572 3.5
      vertex 12.8783 9.42146 3.5
    endloop
  endfacet
  facet normal -0.453821 0.891093 0
    outer loop
      vertex 12.4356 9.26207 3.5
      vertex 12.2956 9.19077 8
      vertex 12.4356 9.26207 8
    endloop
  endfacet
  facet normal -0.453821 0.891093 0
    outer loop
      vertex 12.2956 9.19077 8
      vertex 12.4356 9.26207 3.5
      vertex 12.2956 9.19077 3.5
    endloop
  endfacet
  facet normal -0.707266 0.706948 0
    outer loop
      vertex 11.6776 8.71137 3.5
      vertex 11.7886 8.82242 8
      vertex 11.7886 8.82242 3.5
    endloop
  endfacet
  facet normal -0.707266 0.706948 0
    outer loop
      vertex 11.7886 8.82242 8
      vertex 11.6776 8.71137 3.5
      vertex 11.6776 8.71137 8
    endloop
  endfacet
  facet normal 0.999513 -0.031199 0
    outer loop
      vertex 15.9951 6.84302 8
      vertex 16 7 3.5
      vertex 16 7 8
    endloop
  endfacet
  facet normal 0.999513 -0.031199 0
    outer loop
      vertex 16 7 3.5
      vertex 15.9951 6.84302 8
      vertex 15.9951 6.84302 3.5
    endloop
  endfacet
  facet normal 0.940882 -0.338735 0
    outer loop
      vertex 15.8244 6.07969 8
      vertex 15.8776 6.22746 3.5
      vertex 15.8776 6.22746 8
    endloop
  endfacet
  facet normal 0.940882 -0.338735 0
    outer loop
      vertex 15.8776 6.22746 3.5
      vertex 15.8244 6.07969 8
      vertex 15.8244 6.07969 3.5
    endloop
  endfacet
  facet normal 0.218239 -0.975895 0
    outer loop
      vertex 13.9685 4.54428 3.5
      vertex 14.1217 4.57854 8
      vertex 13.9685 4.54428 8
    endloop
  endfacet
  facet normal 0.218239 -0.975895 0
    outer loop
      vertex 14.1217 4.57854 8
      vertex 13.9685 4.54428 3.5
      vertex 14.1217 4.57854 3.5
    endloop
  endfacet
  facet normal 0.453821 -0.891093 0
    outer loop
      vertex 14.5644 4.73793 3.5
      vertex 14.7044 4.80923 8
      vertex 14.5644 4.73793 8
    endloop
  endfacet
  facet normal 0.453821 -0.891093 0
    outer loop
      vertex 14.7044 4.80923 8
      vertex 14.5644 4.73793 3.5
      vertex 14.7044 4.80923 3.5
    endloop
  endfacet
  facet normal 0.790346 -0.612661 0
    outer loop
      vertex 15.4263 5.40644 8
      vertex 15.5225 5.53054 3.5
      vertex 15.5225 5.53054 8
    endloop
  endfacet
  facet normal 0.790346 -0.612661 0
    outer loop
      vertex 15.5225 5.53054 3.5
      vertex 15.4263 5.40644 8
      vertex 15.4263 5.40644 3.5
    endloop
  endfacet
  facet normal 0.860606 -0.509272 0
    outer loop
      vertex 15.6108 5.66043 8
      vertex 15.6908 5.79562 3.5
      vertex 15.6908 5.79562 8
    endloop
  endfacet
  facet normal 0.860606 -0.509272 0
    outer loop
      vertex 15.6908 5.79562 3.5
      vertex 15.6108 5.66043 8
      vertex 15.6108 5.66043 3.5
    endloop
  endfacet
  facet normal 0.827001 -0.5622 0
    outer loop
      vertex 15.5225 5.53054 8
      vertex 15.6108 5.66043 3.5
      vertex 15.6108 5.66043 8
    endloop
  endfacet
  facet normal 0.827001 -0.5622 0
    outer loop
      vertex 15.6108 5.66043 3.5
      vertex 15.5225 5.53054 8
      vertex 15.5225 5.53054 3.5
    endloop
  endfacet
  facet normal 0.0313858 -0.999507 0
    outer loop
      vertex 13.5 4.5 3.5
      vertex 13.657 4.50493 8
      vertex 13.5 4.5 8
    endloop
  endfacet
  facet normal 0.0313858 -0.999507 0
    outer loop
      vertex 13.657 4.50493 8
      vertex 13.5 4.5 3.5
      vertex 13.657 4.50493 3.5
    endloop
  endfacet
  facet normal -0.0313858 -0.999507 0
    outer loop
      vertex 13.343 4.50493 3.5
      vertex 13.5 4.5 8
      vertex 13.343 4.50493 8
    endloop
  endfacet
  facet normal -0.0313858 -0.999507 -0
    outer loop
      vertex 13.5 4.5 8
      vertex 13.343 4.50493 3.5
      vertex 13.5 4.5 3.5
    endloop
  endfacet
  facet normal -0.509008 -0.860762 0
    outer loop
      vertex 12.1604 4.88918 3.5
      vertex 12.2956 4.80923 8
      vertex 12.1604 4.88918 8
    endloop
  endfacet
  facet normal -0.509008 -0.860762 -0
    outer loop
      vertex 12.2956 4.80923 8
      vertex 12.1604 4.88918 3.5
      vertex 12.2956 4.80923 3.5
    endloop
  endfacet
  facet normal -0.707266 -0.706948 0
    outer loop
      vertex 11.7886 5.17758 3.5
      vertex 11.6776 5.28863 8
      vertex 11.6776 5.28863 3.5
    endloop
  endfacet
  facet normal -0.707266 -0.706948 0
    outer loop
      vertex 11.6776 5.28863 8
      vertex 11.7886 5.17758 3.5
      vertex 11.7886 5.17758 8
    endloop
  endfacet
  facet normal 0.987657 0.15663 0
    outer loop
      vertex 15.9803 7.31333 8
      vertex 15.9557 7.46845 3.5
      vertex 15.9557 7.46845 8
    endloop
  endfacet
  facet normal 0.987657 0.15663 0
    outer loop
      vertex 15.9557 7.46845 3.5
      vertex 15.9803 7.31333 8
      vertex 15.9803 7.31333 3.5
    endloop
  endfacet
  facet normal 0.940882 0.338735 0
    outer loop
      vertex 15.8776 7.77254 8
      vertex 15.8244 7.92031 3.5
      vertex 15.8244 7.92031 8
    endloop
  endfacet
  facet normal 0.940882 0.338735 0
    outer loop
      vertex 15.8244 7.92031 3.5
      vertex 15.8776 7.77254 8
      vertex 15.8776 7.77254 3.5
    endloop
  endfacet
  facet normal 0.860606 0.509272 0
    outer loop
      vertex 15.6908 8.20438 8
      vertex 15.6108 8.33957 3.5
      vertex 15.6108 8.33957 8
    endloop
  endfacet
  facet normal 0.860606 0.509272 0
    outer loop
      vertex 15.6108 8.33957 3.5
      vertex 15.6908 8.20438 8
      vertex 15.6908 8.20438 3.5
    endloop
  endfacet
  facet normal 0.827001 0.5622 0
    outer loop
      vertex 15.6108 8.33957 8
      vertex 15.5225 8.46946 3.5
      vertex 15.5225 8.46946 8
    endloop
  endfacet
  facet normal 0.827001 0.5622 0
    outer loop
      vertex 15.5225 8.46946 3.5
      vertex 15.6108 8.33957 8
      vertex 15.6108 8.33957 3.5
    endloop
  endfacet
  facet normal 0.749996 0.661443 0
    outer loop
      vertex 15.4263 8.59356 8
      vertex 15.3224 8.71137 3.5
      vertex 15.3224 8.71137 8
    endloop
  endfacet
  facet normal 0.749996 0.661443 0
    outer loop
      vertex 15.3224 8.71137 3.5
      vertex 15.4263 8.59356 8
      vertex 15.4263 8.59356 3.5
    endloop
  endfacet
  facet normal 0.661331 0.750094 -0
    outer loop
      vertex 15.2114 8.82242 3.5
      vertex 15.0936 8.92628 8
      vertex 15.2114 8.82242 8
    endloop
  endfacet
  facet normal 0.661331 0.750094 0
    outer loop
      vertex 15.0936 8.92628 8
      vertex 15.2114 8.82242 3.5
      vertex 15.0936 8.92628 3.5
    endloop
  endfacet
  facet normal -0.0313858 0.999507 0
    outer loop
      vertex 13.5 9.5 3.5
      vertex 13.343 9.49507 8
      vertex 13.5 9.5 8
    endloop
  endfacet
  facet normal -0.0313858 0.999507 0
    outer loop
      vertex 13.343 9.49507 8
      vertex 13.5 9.5 3.5
      vertex 13.343 9.49507 3.5
    endloop
  endfacet
  facet normal 0.6129 0.790161 -0
    outer loop
      vertex 15.0936 8.92628 3.5
      vertex 14.9695 9.02254 8
      vertex 15.0936 8.92628 8
    endloop
  endfacet
  facet normal 0.6129 0.790161 0
    outer loop
      vertex 14.9695 9.02254 8
      vertex 15.0936 8.92628 3.5
      vertex 14.9695 9.02254 3.5
    endloop
  endfacet
  facet normal 0.397214 0.917726 -0
    outer loop
      vertex 14.5644 9.26207 3.5
      vertex 14.4203 9.32444 8
      vertex 14.5644 9.26207 8
    endloop
  endfacet
  facet normal 0.397214 0.917726 0
    outer loop
      vertex 14.4203 9.32444 8
      vertex 14.5644 9.26207 3.5
      vertex 14.4203 9.32444 3.5
    endloop
  endfacet
  facet normal 0.279041 0.960279 -0
    outer loop
      vertex 14.2725 9.37764 3.5
      vertex 14.1217 9.42146 8
      vertex 14.2725 9.37764 8
    endloop
  endfacet
  facet normal 0.279041 0.960279 0
    outer loop
      vertex 14.1217 9.42146 8
      vertex 14.2725 9.37764 3.5
      vertex 14.1217 9.42146 3.5
    endloop
  endfacet
  facet normal 0.156365 0.987699 -0
    outer loop
      vertex 13.9685 9.45572 3.5
      vertex 13.8133 9.48029 8
      vertex 13.9685 9.45572 8
    endloop
  endfacet
  facet normal 0.156365 0.987699 0
    outer loop
      vertex 13.8133 9.48029 8
      vertex 13.9685 9.45572 3.5
      vertex 13.8133 9.48029 3.5
    endloop
  endfacet
  facet normal -0.999513 -0.031199 0
    outer loop
      vertex 11.0049 6.84302 3.5
      vertex 11 7 8
      vertex 11 7 3.5
    endloop
  endfacet
  facet normal -0.999513 -0.031199 0
    outer loop
      vertex 11 7 8
      vertex 11.0049 6.84302 3.5
      vertex 11.0049 6.84302 8
    endloop
  endfacet
  facet normal -0.960152 0.279477 0
    outer loop
      vertex 11.0785 7.62172 3.5
      vertex 11.1224 7.77254 8
      vertex 11.1224 7.77254 3.5
    endloop
  endfacet
  facet normal -0.960152 0.279477 0
    outer loop
      vertex 11.1224 7.77254 8
      vertex 11.0785 7.62172 3.5
      vertex 11.0785 7.62172 8
    endloop
  endfacet
  facet normal -0.987657 0.15663 0
    outer loop
      vertex 11.0197 7.31333 3.5
      vertex 11.0443 7.46845 8
      vertex 11.0443 7.46845 3.5
    endloop
  endfacet
  facet normal -0.987657 0.15663 0
    outer loop
      vertex 11.0443 7.46845 8
      vertex 11.0197 7.31333 3.5
      vertex 11.0197 7.31333 8
    endloop
  endfacet
  facet normal -0.917929 0.396746 0
    outer loop
      vertex 11.1756 7.92031 3.5
      vertex 11.2379 8.06445 8
      vertex 11.2379 8.06445 3.5
    endloop
  endfacet
  facet normal -0.917929 0.396746 0
    outer loop
      vertex 11.2379 8.06445 8
      vertex 11.1756 7.92031 3.5
      vertex 11.1756 7.92031 8
    endloop
  endfacet
  facet normal -0.860606 0.509272 0
    outer loop
      vertex 11.3092 8.20438 3.5
      vertex 11.3892 8.33957 8
      vertex 11.3892 8.33957 3.5
    endloop
  endfacet
  facet normal -0.860606 0.509272 0
    outer loop
      vertex 11.3892 8.33957 8
      vertex 11.3092 8.20438 3.5
      vertex 11.3092 8.20438 8
    endloop
  endfacet
  facet normal -0.749996 0.661443 0
    outer loop
      vertex 11.5737 8.59356 3.5
      vertex 11.6776 8.71137 8
      vertex 11.6776 8.71137 3.5
    endloop
  endfacet
  facet normal -0.749996 0.661443 0
    outer loop
      vertex 11.6776 8.71137 8
      vertex 11.5737 8.59356 3.5
      vertex 11.5737 8.59356 8
    endloop
  endfacet
  facet normal -0.279041 0.960279 0
    outer loop
      vertex 12.8783 9.42146 3.5
      vertex 12.7275 9.37764 8
      vertex 12.8783 9.42146 8
    endloop
  endfacet
  facet normal -0.279041 0.960279 0
    outer loop
      vertex 12.7275 9.37764 8
      vertex 12.8783 9.42146 3.5
      vertex 12.7275 9.37764 3.5
    endloop
  endfacet
  facet normal -0.0941418 0.995559 0
    outer loop
      vertex 13.343 9.49507 3.5
      vertex 13.1867 9.48029 8
      vertex 13.343 9.49507 8
    endloop
  endfacet
  facet normal -0.0941418 0.995559 0
    outer loop
      vertex 13.1867 9.48029 8
      vertex 13.343 9.49507 3.5
      vertex 13.1867 9.48029 3.5
    endloop
  endfacet
  facet normal -0.509008 0.860762 0
    outer loop
      vertex 12.2956 9.19077 3.5
      vertex 12.1604 9.11082 8
      vertex 12.2956 9.19077 8
    endloop
  endfacet
  facet normal -0.509008 0.860762 0
    outer loop
      vertex 12.1604 9.11082 8
      vertex 12.2956 9.19077 3.5
      vertex 12.1604 9.11082 3.5
    endloop
  endfacet
  facet normal -0.562084 0.82708 0
    outer loop
      vertex 12.1604 9.11082 3.5
      vertex 12.0305 9.02254 8
      vertex 12.1604 9.11082 8
    endloop
  endfacet
  facet normal -0.562084 0.82708 0
    outer loop
      vertex 12.0305 9.02254 8
      vertex 12.1604 9.11082 3.5
      vertex 12.0305 9.02254 3.5
    endloop
  endfacet
  facet normal -0.661331 0.750094 0
    outer loop
      vertex 11.9064 8.92628 3.5
      vertex 11.7886 8.82242 8
      vertex 11.9064 8.92628 8
    endloop
  endfacet
  facet normal -0.661331 0.750094 0
    outer loop
      vertex 11.7886 8.82242 8
      vertex 11.9064 8.92628 3.5
      vertex 11.7886 8.82242 3.5
    endloop
  endfacet
  facet normal 0.999513 0.031199 0
    outer loop
      vertex 16 7 8
      vertex 15.9951 7.15698 3.5
      vertex 15.9951 7.15698 8
    endloop
  endfacet
  facet normal 0.999513 0.031199 0
    outer loop
      vertex 15.9951 7.15698 3.5
      vertex 16 7 8
      vertex 16 7 3.5
    endloop
  endfacet
  facet normal 0.0941418 -0.995559 0
    outer loop
      vertex 13.657 4.50493 3.5
      vertex 13.8133 4.51971 8
      vertex 13.657 4.50493 8
    endloop
  endfacet
  facet normal 0.0941418 -0.995559 0
    outer loop
      vertex 13.8133 4.51971 8
      vertex 13.657 4.50493 3.5
      vertex 13.8133 4.51971 3.5
    endloop
  endfacet
  facet normal 0.960147 -0.279494 0
    outer loop
      vertex 15.8776 6.22746 8
      vertex 15.9215 6.37827 3.5
      vertex 15.9215 6.37827 8
    endloop
  endfacet
  facet normal 0.960147 -0.279494 0
    outer loop
      vertex 15.9215 6.37827 3.5
      vertex 15.8776 6.22746 8
      vertex 15.8776 6.22746 3.5
    endloop
  endfacet
  facet normal 0.156365 -0.987699 0
    outer loop
      vertex 13.8133 4.51971 3.5
      vertex 13.9685 4.54428 8
      vertex 13.8133 4.51971 8
    endloop
  endfacet
  facet normal 0.156365 -0.987699 0
    outer loop
      vertex 13.9685 4.54428 8
      vertex 13.8133 4.51971 3.5
      vertex 13.9685 4.54428 3.5
    endloop
  endfacet
  facet normal 0.397214 -0.917726 0
    outer loop
      vertex 14.4203 4.67556 3.5
      vertex 14.5644 4.73793 8
      vertex 14.4203 4.67556 8
    endloop
  endfacet
  facet normal 0.397214 -0.917726 0
    outer loop
      vertex 14.5644 4.73793 8
      vertex 14.4203 4.67556 3.5
      vertex 14.5644 4.73793 3.5
    endloop
  endfacet
  facet normal 0.6129 -0.790161 0
    outer loop
      vertex 14.9695 4.97746 3.5
      vertex 15.0936 5.07372 8
      vertex 14.9695 4.97746 8
    endloop
  endfacet
  facet normal 0.6129 -0.790161 0
    outer loop
      vertex 15.0936 5.07372 8
      vertex 14.9695 4.97746 3.5
      vertex 15.0936 5.07372 3.5
    endloop
  endfacet
  facet normal 0.509008 -0.860762 0
    outer loop
      vertex 14.7044 4.80923 3.5
      vertex 14.8396 4.88918 8
      vertex 14.7044 4.80923 8
    endloop
  endfacet
  facet normal 0.509008 -0.860762 0
    outer loop
      vertex 14.8396 4.88918 8
      vertex 14.7044 4.80923 3.5
      vertex 14.8396 4.88918 3.5
    endloop
  endfacet
  facet normal 0.562084 -0.82708 0
    outer loop
      vertex 14.8396 4.88918 3.5
      vertex 14.9695 4.97746 8
      vertex 14.8396 4.88918 8
    endloop
  endfacet
  facet normal 0.562084 -0.82708 0
    outer loop
      vertex 14.9695 4.97746 8
      vertex 14.8396 4.88918 3.5
      vertex 14.9695 4.97746 3.5
    endloop
  endfacet
  facet normal 0.917929 -0.396746 0
    outer loop
      vertex 15.7621 5.93555 8
      vertex 15.8244 6.07969 3.5
      vertex 15.8244 6.07969 8
    endloop
  endfacet
  facet normal 0.917929 -0.396746 0
    outer loop
      vertex 15.8244 6.07969 3.5
      vertex 15.7621 5.93555 8
      vertex 15.7621 5.93555 3.5
    endloop
  endfacet
  facet normal 0.749996 -0.661443 0
    outer loop
      vertex 15.3224 5.28863 8
      vertex 15.4263 5.40644 3.5
      vertex 15.4263 5.40644 8
    endloop
  endfacet
  facet normal 0.749996 -0.661443 0
    outer loop
      vertex 15.4263 5.40644 3.5
      vertex 15.3224 5.28863 8
      vertex 15.3224 5.28863 3.5
    endloop
  endfacet
  facet normal -0.279041 -0.960279 0
    outer loop
      vertex 12.7275 4.62236 3.5
      vertex 12.8783 4.57854 8
      vertex 12.7275 4.62236 8
    endloop
  endfacet
  facet normal -0.279041 -0.960279 -0
    outer loop
      vertex 12.8783 4.57854 8
      vertex 12.7275 4.62236 3.5
      vertex 12.8783 4.57854 3.5
    endloop
  endfacet
  facet normal -0.156365 -0.987699 0
    outer loop
      vertex 13.0315 4.54428 3.5
      vertex 13.1867 4.51971 8
      vertex 13.0315 4.54428 8
    endloop
  endfacet
  facet normal -0.156365 -0.987699 -0
    outer loop
      vertex 13.1867 4.51971 8
      vertex 13.0315 4.54428 3.5
      vertex 13.1867 4.51971 3.5
    endloop
  endfacet
  facet normal -0.562084 -0.82708 0
    outer loop
      vertex 12.0305 4.97746 3.5
      vertex 12.1604 4.88918 8
      vertex 12.0305 4.97746 8
    endloop
  endfacet
  facet normal -0.562084 -0.82708 -0
    outer loop
      vertex 12.1604 4.88918 8
      vertex 12.0305 4.97746 3.5
      vertex 12.1604 4.88918 3.5
    endloop
  endfacet
  facet normal -0.661331 -0.750094 0
    outer loop
      vertex 11.7886 5.17758 3.5
      vertex 11.9064 5.07372 8
      vertex 11.7886 5.17758 8
    endloop
  endfacet
  facet normal -0.661331 -0.750094 -0
    outer loop
      vertex 11.9064 5.07372 8
      vertex 11.7886 5.17758 3.5
      vertex 11.9064 5.07372 3.5
    endloop
  endfacet
  facet normal -0.453821 -0.891093 0
    outer loop
      vertex 12.2956 4.80923 3.5
      vertex 12.4356 4.73793 8
      vertex 12.2956 4.80923 8
    endloop
  endfacet
  facet normal -0.453821 -0.891093 -0
    outer loop
      vertex 12.4356 4.73793 8
      vertex 12.2956 4.80923 3.5
      vertex 12.4356 4.73793 3.5
    endloop
  endfacet
  facet normal -0.397214 -0.917726 0
    outer loop
      vertex 12.4356 4.73793 3.5
      vertex 12.5797 4.67556 8
      vertex 12.4356 4.73793 8
    endloop
  endfacet
  facet normal -0.397214 -0.917726 -0
    outer loop
      vertex 12.5797 4.67556 8
      vertex 12.4356 4.73793 3.5
      vertex 12.5797 4.67556 3.5
    endloop
  endfacet
  facet normal -0.976001 -0.217766 0
    outer loop
      vertex 11.0785 6.37827 3.5
      vertex 11.0443 6.53155 8
      vertex 11.0443 6.53155 3.5
    endloop
  endfacet
  facet normal -0.976001 -0.217766 0
    outer loop
      vertex 11.0443 6.53155 8
      vertex 11.0785 6.37827 3.5
      vertex 11.0785 6.37827 8
    endloop
  endfacet
  facet normal -0.99555 -0.0942382 0
    outer loop
      vertex 11.0197 6.68667 3.5
      vertex 11.0049 6.84302 8
      vertex 11.0049 6.84302 3.5
    endloop
  endfacet
  facet normal -0.99555 -0.0942382 0
    outer loop
      vertex 11.0049 6.84302 8
      vertex 11.0197 6.68667 3.5
      vertex 11.0197 6.68667 8
    endloop
  endfacet
  facet normal -0.917929 -0.396746 0
    outer loop
      vertex 11.2379 5.93555 3.5
      vertex 11.1756 6.07969 8
      vertex 11.1756 6.07969 3.5
    endloop
  endfacet
  facet normal -0.917929 -0.396746 0
    outer loop
      vertex 11.1756 6.07969 8
      vertex 11.2379 5.93555 3.5
      vertex 11.2379 5.93555 8
    endloop
  endfacet
  facet normal -0.960147 -0.279494 0
    outer loop
      vertex 11.1224 6.22746 3.5
      vertex 11.0785 6.37827 8
      vertex 11.0785 6.37827 3.5
    endloop
  endfacet
  facet normal -0.960147 -0.279494 0
    outer loop
      vertex 11.0785 6.37827 8
      vertex 11.1224 6.22746 3.5
      vertex 11.1224 6.22746 8
    endloop
  endfacet
  facet normal -0.860606 -0.509272 0
    outer loop
      vertex 11.3892 5.66043 3.5
      vertex 11.3092 5.79562 8
      vertex 11.3092 5.79562 3.5
    endloop
  endfacet
  facet normal -0.860606 -0.509272 0
    outer loop
      vertex 11.3092 5.79562 8
      vertex 11.3892 5.66043 3.5
      vertex 11.3892 5.66043 8
    endloop
  endfacet
  facet normal -0.790346 -0.612661 0
    outer loop
      vertex 11.5737 5.40644 3.5
      vertex 11.4775 5.53054 8
      vertex 11.4775 5.53054 3.5
    endloop
  endfacet
  facet normal -0.790346 -0.612661 0
    outer loop
      vertex 11.4775 5.53054 8
      vertex 11.5737 5.40644 3.5
      vertex 11.5737 5.40644 8
    endloop
  endfacet
  facet normal 0.99555 0.0942382 0
    outer loop
      vertex 15.9951 7.15698 8
      vertex 15.9803 7.31333 3.5
      vertex 15.9803 7.31333 8
    endloop
  endfacet
  facet normal 0.99555 0.0942382 0
    outer loop
      vertex 15.9803 7.31333 3.5
      vertex 15.9951 7.15698 8
      vertex 15.9951 7.15698 3.5
    endloop
  endfacet
  facet normal 0.453821 0.891093 -0
    outer loop
      vertex 14.7044 9.19077 3.5
      vertex 14.5644 9.26207 8
      vertex 14.7044 9.19077 8
    endloop
  endfacet
  facet normal 0.453821 0.891093 0
    outer loop
      vertex 14.5644 9.26207 8
      vertex 14.7044 9.19077 3.5
      vertex 14.5644 9.26207 3.5
    endloop
  endfacet
  facet normal 0.0313858 0.999507 -0
    outer loop
      vertex 13.657 9.49507 3.5
      vertex 13.5 9.5 8
      vertex 13.657 9.49507 8
    endloop
  endfacet
  facet normal 0.0313858 0.999507 0
    outer loop
      vertex 13.5 9.5 8
      vertex 13.657 9.49507 3.5
      vertex 13.5 9.5 3.5
    endloop
  endfacet
  facet normal 0 0 1
    outer loop
      vertex 15.9951 7.15698 8
      vertex 15.9951 6.84302 8
      vertex 16 7 8
    endloop
  endfacet
  facet normal 0 0 1
    outer loop
      vertex 15.9803 7.31333 8
      vertex 15.9951 6.84302 8
      vertex 15.9951 7.15698 8
    endloop
  endfacet
  facet normal 0 0 1
    outer loop
      vertex 15.9803 7.31333 8
      vertex 15.9803 6.68667 8
      vertex 15.9951 6.84302 8
    endloop
  endfacet
  facet normal 0 0 1
    outer loop
      vertex 15.9557 7.46845 8
      vertex 15.9803 6.68667 8
      vertex 15.9803 7.31333 8
    endloop
  endfacet
  facet normal 0 0 1
    outer loop
      vertex 15.9557 7.46845 8
      vertex 15.9557 6.53155 8
      vertex 15.9803 6.68667 8
    endloop
  endfacet
  facet normal 0 0 1
    outer loop
      vertex 15.9215 7.62172 8
      vertex 15.9557 6.53155 8
      vertex 15.9557 7.46845 8
    endloop
  endfacet
  facet normal 0 0 1
    outer loop
      vertex 15.9215 7.62172 8
      vertex 15.9215 6.37827 8
      vertex 15.9557 6.53155 8
    endloop
  endfacet
  facet normal 0 0 1
    outer loop
      vertex 15.8776 7.77254 8
      vertex 15.9215 6.37827 8
      vertex 15.9215 7.62172 8
    endloop
  endfacet
  facet normal 0 0 1
    outer loop
      vertex 15.8776 7.77254 8
      vertex 15.8776 6.22746 8
      vertex 15.9215 6.37827 8
    endloop
  endfacet
  facet normal 0 0 1
    outer loop
      vertex 15.8244 7.92031 8
      vertex 15.8776 6.22746 8
      vertex 15.8776 7.77254 8
    endloop
  endfacet
  facet normal 0 0 1
    outer loop
      vertex 15.8244 7.92031 8
      vertex 15.8244 6.07969 8
      vertex 15.8776 6.22746 8
    endloop
  endfacet
  facet normal 0 0 1
    outer loop
      vertex 15.7621 8.06445 8
      vertex 15.8244 6.07969 8
      vertex 15.8244 7.92031 8
    endloop
  endfacet
  facet normal 0 0 1
    outer loop
      vertex 15.7621 8.06445 8
      vertex 15.7621 5.93555 8
      vertex 15.8244 6.07969 8
    endloop
  endfacet
  facet normal 0 0 1
    outer loop
      vertex 15.6908 8.20438 8
      vertex 15.7621 5.93555 8
      vertex 15.7621 8.06445 8
    endloop
  endfacet
  facet normal 0 0 1
    outer loop
      vertex 15.6908 8.20438 8
      vertex 15.6908 5.79562 8
      vertex 15.7621 5.93555 8
    endloop
  endfacet
  facet normal 0 0 1
    outer loop
      vertex 15.6108 8.33957 8
      vertex 15.6908 5.79562 8
      vertex 15.6908 8.20438 8
    endloop
  endfacet
  facet normal 0 0 1
    outer loop
      vertex 15.6108 8.33957 8
      vertex 15.6108 5.66043 8
      vertex 15.6908 5.79562 8
    endloop
  endfacet
  facet normal 0 0 1
    outer loop
      vertex 15.5225 8.46946 8
      vertex 15.6108 5.66043 8
      vertex 15.6108 8.33957 8
    endloop
  endfacet
  facet normal 0 0 1
    outer loop
      vertex 15.5225 8.46946 8
      vertex 15.5225 5.53054 8
      vertex 15.6108 5.66043 8
    endloop
  endfacet
  facet normal 0 0 1
    outer loop
      vertex 15.4263 8.59356 8
      vertex 15.5225 5.53054 8
      vertex 15.5225 8.46946 8
    endloop
  endfacet
  facet normal 0 0 1
    outer loop
      vertex 15.4263 8.59356 8
      vertex 15.4263 5.40644 8
      vertex 15.5225 5.53054 8
    endloop
  endfacet
  facet normal 0 0 1
    outer loop
      vertex 15.3224 8.71137 8
      vertex 15.4263 5.40644 8
      vertex 15.4263 8.59356 8
    endloop
  endfacet
  facet normal 0 0 1
    outer loop
      vertex 15.3224 8.71137 8
      vertex 15.3224 5.28863 8
      vertex 15.4263 5.40644 8
    endloop
  endfacet
  facet normal 0 0 1
    outer loop
      vertex 15.2114 8.82242 8
      vertex 15.3224 5.28863 8
      vertex 15.3224 8.71137 8
    endloop
  endfacet
  facet normal 0 0 1
    outer loop
      vertex 15.2114 8.82242 8
      vertex 15.2114 5.17758 8
      vertex 15.3224 5.28863 8
    endloop
  endfacet
  facet normal 0 0 1
    outer loop
      vertex 15.0936 8.92628 8
      vertex 15.2114 5.17758 8
      vertex 15.2114 8.82242 8
    endloop
  endfacet
  facet normal 0 0 1
    outer loop
      vertex 15.0936 8.92628 8
      vertex 15.0936 5.07372 8
      vertex 15.2114 5.17758 8
    endloop
  endfacet
  facet normal 0 0 1
    outer loop
      vertex 14.9695 9.02254 8
      vertex 15.0936 5.07372 8
      vertex 15.0936 8.92628 8
    endloop
  endfacet
  facet normal 0 0 1
    outer loop
      vertex 14.9695 9.02254 8
      vertex 14.9695 4.97746 8
      vertex 15.0936 5.07372 8
    endloop
  endfacet
  facet normal 0 0 1
    outer loop
      vertex 14.8396 9.11082 8
      vertex 14.9695 4.97746 8
      vertex 14.9695 9.02254 8
    endloop
  endfacet
  facet normal 0 0 1
    outer loop
      vertex 14.8396 9.11082 8
      vertex 14.8396 4.88918 8
      vertex 14.9695 4.97746 8
    endloop
  endfacet
  facet normal 0 0 1
    outer loop
      vertex 14.7044 9.19077 8
      vertex 14.8396 4.88918 8
      vertex 14.8396 9.11082 8
    endloop
  endfacet
  facet normal 0 0 1
    outer loop
      vertex 14.7044 9.19077 8
      vertex 14.7044 4.80923 8
      vertex 14.8396 4.88918 8
    endloop
  endfacet
  facet normal 0 0 1
    outer loop
      vertex 14.5644 9.26207 8
      vertex 14.7044 4.80923 8
      vertex 14.7044 9.19077 8
    endloop
  endfacet
  facet normal 0 0 1
    outer loop
      vertex 14.5644 9.26207 8
      vertex 14.5644 4.73793 8
      vertex 14.7044 4.80923 8
    endloop
  endfacet
  facet normal 0 0 1
    outer loop
      vertex 14.4203 9.32444 8
      vertex 14.5644 4.73793 8
      vertex 14.5644 9.26207 8
    endloop
  endfacet
  facet normal 0 0 1
    outer loop
      vertex 14.4203 9.32444 8
      vertex 14.4203 4.67556 8
      vertex 14.5644 4.73793 8
    endloop
  endfacet
  facet normal 0 0 1
    outer loop
      vertex 14.2725 9.37764 8
      vertex 14.4203 4.67556 8
      vertex 14.4203 9.32444 8
    endloop
  endfacet
  facet normal 0 0 1
    outer loop
      vertex 14.2725 9.37764 8
      vertex 14.2725 4.62236 8
      vertex 14.4203 4.67556 8
    endloop
  endfacet
  facet normal 0 0 1
    outer loop
      vertex 14.1217 9.42146 8
      vertex 14.2725 4.62236 8
      vertex 14.2725 9.37764 8
    endloop
  endfacet
  facet normal 0 0 1
    outer loop
      vertex 14.1217 9.42146 8
      vertex 14.1217 4.57854 8
      vertex 14.2725 4.62236 8
    endloop
  endfacet
  facet normal 0 0 1
    outer loop
      vertex 13.9685 9.45572 8
      vertex 14.1217 4.57854 8
      vertex 14.1217 9.42146 8
    endloop
  endfacet
  facet normal 0 0 1
    outer loop
      vertex 13.9685 9.45572 8
      vertex 13.9685 4.54428 8
      vertex 14.1217 4.57854 8
    endloop
  endfacet
  facet normal 0 0 1
    outer loop
      vertex 13.8133 9.48029 8
      vertex 13.9685 4.54428 8
      vertex 13.9685 9.45572 8
    endloop
  endfacet
  facet normal 0 0 1
    outer loop
      vertex 13.8133 9.48029 8
      vertex 13.8133 4.51971 8
      vertex 13.9685 4.54428 8
    endloop
  endfacet
  facet normal 0 0 1
    outer loop
      vertex 13.657 9.49507 8
      vertex 13.8133 4.51971 8
      vertex 13.8133 9.48029 8
    endloop
  endfacet
  facet normal 0 0 1
    outer loop
      vertex 13.657 9.49507 8
      vertex 13.657 4.50493 8
      vertex 13.8133 4.51971 8
    endloop
  endfacet
  facet normal 0 0 1
    outer loop
      vertex 13.5 9.5 8
      vertex 13.657 4.50493 8
      vertex 13.657 9.49507 8
    endloop
  endfacet
  facet normal 0 0 1
    outer loop
      vertex 13.5 9.5 8
      vertex 13.5 4.5 8
      vertex 13.657 4.50493 8
    endloop
  endfacet
  facet normal -0 0 1
    outer loop
      vertex 13.343 9.49507 8
      vertex 13.5 4.5 8
      vertex 13.5 9.5 8
    endloop
  endfacet
  facet normal 0 0 1
    outer loop
      vertex 13.343 9.49507 8
      vertex 13.343 4.50493 8
      vertex 13.5 4.5 8
    endloop
  endfacet
  facet normal -0 0 1
    outer loop
      vertex 13.1867 9.48029 8
      vertex 13.343 4.50493 8
      vertex 13.343 9.49507 8
    endloop
  endfacet
  facet normal 0 0 1
    outer loop
      vertex 13.1867 9.48029 8
      vertex 13.1867 4.51971 8
      vertex 13.343 4.50493 8
    endloop
  endfacet
  facet normal -0 0 1
    outer loop
      vertex 13.0315 9.45572 8
      vertex 13.1867 4.51971 8
      vertex 13.1867 9.48029 8
    endloop
  endfacet
  facet normal 0 0 1
    outer loop
      vertex 13.0315 9.45572 8
      vertex 13.0315 4.54428 8
      vertex 13.1867 4.51971 8
    endloop
  endfacet
  facet normal -0 0 1
    outer loop
      vertex 12.8783 9.42146 8
      vertex 13.0315 4.54428 8
      vertex 13.0315 9.45572 8
    endloop
  endfacet
  facet normal 0 0 1
    outer loop
      vertex 12.8783 9.42146 8
      vertex 12.8783 4.57854 8
      vertex 13.0315 4.54428 8
    endloop
  endfacet
  facet normal -0 0 1
    outer loop
      vertex 12.7275 9.37764 8
      vertex 12.8783 4.57854 8
      vertex 12.8783 9.42146 8
    endloop
  endfacet
  facet normal 0 0 1
    outer loop
      vertex 12.7275 9.37764 8
      vertex 12.7275 4.62236 8
      vertex 12.8783 4.57854 8
    endloop
  endfacet
  facet normal -0 0 1
    outer loop
      vertex 12.5797 9.32444 8
      vertex 12.7275 4.62236 8
      vertex 12.7275 9.37764 8
    endloop
  endfacet
  facet normal 0 0 1
    outer loop
      vertex 12.5797 9.32444 8
      vertex 12.5797 4.67556 8
      vertex 12.7275 4.62236 8
    endloop
  endfacet
  facet normal -0 0 1
    outer loop
      vertex 12.4356 9.26207 8
      vertex 12.5797 4.67556 8
      vertex 12.5797 9.32444 8
    endloop
  endfacet
  facet normal 0 0 1
    outer loop
      vertex 12.4356 9.26207 8
      vertex 12.4356 4.73793 8
      vertex 12.5797 4.67556 8
    endloop
  endfacet
  facet normal -0 0 1
    outer loop
      vertex 12.2956 9.19077 8
      vertex 12.4356 4.73793 8
      vertex 12.4356 9.26207 8
    endloop
  endfacet
  facet normal 0 0 1
    outer loop
      vertex 12.2956 9.19077 8
      vertex 12.2956 4.80923 8
      vertex 12.4356 4.73793 8
    endloop
  endfacet
  facet normal -0 0 1
    outer loop
      vertex 12.1604 9.11082 8
      vertex 12.2956 4.80923 8
      vertex 12.2956 9.19077 8
    endloop
  endfacet
  facet normal 0 0 1
    outer loop
      vertex 12.1604 9.11082 8
      vertex 12.1604 4.88918 8
      vertex 12.2956 4.80923 8
    endloop
  endfacet
  facet normal -0 0 1
    outer loop
      vertex 12.0305 9.02254 8
      vertex 12.1604 4.88918 8
      vertex 12.1604 9.11082 8
    endloop
  endfacet
  facet normal 0 0 1
    outer loop
      vertex 12.0305 9.02254 8
      vertex 12.0305 4.97746 8
      vertex 12.1604 4.88918 8
    endloop
  endfacet
  facet normal -0 0 1
    outer loop
      vertex 11.9064 8.92628 8
      vertex 12.0305 4.97746 8
      vertex 12.0305 9.02254 8
    endloop
  endfacet
  facet normal 0 0 1
    outer loop
      vertex 11.9064 8.92628 8
      vertex 11.9064 5.07372 8
      vertex 12.0305 4.97746 8
    endloop
  endfacet
  facet normal -0 0 1
    outer loop
      vertex 11.7886 8.82242 8
      vertex 11.9064 5.07372 8
      vertex 11.9064 8.92628 8
    endloop
  endfacet
  facet normal 0 0 1
    outer loop
      vertex 11.7886 8.82242 8
      vertex 11.7886 5.17758 8
      vertex 11.9064 5.07372 8
    endloop
  endfacet
  facet normal -0 0 1
    outer loop
      vertex 11.6776 8.71137 8
      vertex 11.7886 5.17758 8
      vertex 11.7886 8.82242 8
    endloop
  endfacet
  facet normal 0 0 1
    outer loop
      vertex 11.6776 8.71137 8
      vertex 11.6776 5.28863 8
      vertex 11.7886 5.17758 8
    endloop
  endfacet
  facet normal -0 0 1
    outer loop
      vertex 11.5737 8.59356 8
      vertex 11.6776 5.28863 8
      vertex 11.6776 8.71137 8
    endloop
  endfacet
  facet normal 0 0 1
    outer loop
      vertex 11.5737 8.59356 8
      vertex 11.5737 5.40644 8
      vertex 11.6776 5.28863 8
    endloop
  endfacet
  facet normal -0 0 1
    outer loop
      vertex 11.4775 8.46946 8
      vertex 11.5737 5.40644 8
      vertex 11.5737 8.59356 8
    endloop
  endfacet
  facet normal 0 0 1
    outer loop
      vertex 11.4775 8.46946 8
      vertex 11.4775 5.53054 8
      vertex 11.5737 5.40644 8
    endloop
  endfacet
  facet normal -0 0 1
    outer loop
      vertex 11.3892 8.33957 8
      vertex 11.4775 5.53054 8
      vertex 11.4775 8.46946 8
    endloop
  endfacet
  facet normal 0 0 1
    outer loop
      vertex 11.3892 8.33957 8
      vertex 11.3892 5.66043 8
      vertex 11.4775 5.53054 8
    endloop
  endfacet
  facet normal -0 0 1
    outer loop
      vertex 11.3092 8.20438 8
      vertex 11.3892 5.66043 8
      vertex 11.3892 8.33957 8
    endloop
  endfacet
  facet normal 0 0 1
    outer loop
      vertex 11.3092 8.20438 8
      vertex 11.3092 5.79562 8
      vertex 11.3892 5.66043 8
    endloop
  endfacet
  facet normal -0 0 1
    outer loop
      vertex 11.2379 8.06445 8
      vertex 11.3092 5.79562 8
      vertex 11.3092 8.20438 8
    endloop
  endfacet
  facet normal 0 0 1
    outer loop
      vertex 11.2379 8.06445 8
      vertex 11.2379 5.93555 8
      vertex 11.3092 5.79562 8
    endloop
  endfacet
  facet normal -0 0 1
    outer loop
      vertex 11.1756 7.92031 8
      vertex 11.2379 5.93555 8
      vertex 11.2379 8.06445 8
    endloop
  endfacet
  facet normal 0 0 1
    outer loop
      vertex 11.1756 7.92031 8
      vertex 11.1756 6.07969 8
      vertex 11.2379 5.93555 8
    endloop
  endfacet
  facet normal -0 0 1
    outer loop
      vertex 11.1224 7.77254 8
      vertex 11.1756 6.07969 8
      vertex 11.1756 7.92031 8
    endloop
  endfacet
  facet normal 0 0 1
    outer loop
      vertex 11.1224 7.77254 8
      vertex 11.1224 6.22746 8
      vertex 11.1756 6.07969 8
    endloop
  endfacet
  facet normal -0 0 1
    outer loop
      vertex 11.0785 7.62172 8
      vertex 11.1224 6.22746 8
      vertex 11.1224 7.77254 8
    endloop
  endfacet
  facet normal 0 0 1
    outer loop
      vertex 11.0785 7.62172 8
      vertex 11.0785 6.37827 8
      vertex 11.1224 6.22746 8
    endloop
  endfacet
  facet normal -0 0 1
    outer loop
      vertex 11.0443 7.46845 8
      vertex 11.0785 6.37827 8
      vertex 11.0785 7.62172 8
    endloop
  endfacet
  facet normal 0 0 1
    outer loop
      vertex 11.0443 7.46845 8
      vertex 11.0443 6.53155 8
      vertex 11.0785 6.37827 8
    endloop
  endfacet
  facet normal -0 0 1
    outer loop
      vertex 11.0197 7.31333 8
      vertex 11.0443 6.53155 8
      vertex 11.0443 7.46845 8
    endloop
  endfacet
  facet normal 0 0 1
    outer loop
      vertex 11.0197 7.31333 8
      vertex 11.0197 6.68667 8
      vertex 11.0443 6.53155 8
    endloop
  endfacet
  facet normal -0 0 1
    outer loop
      vertex 11.0049 7.15698 8
      vertex 11.0197 6.68667 8
      vertex 11.0197 7.31333 8
    endloop
  endfacet
  facet normal 0 0 1
    outer loop
      vertex 11.0049 7.15698 8
      vertex 11.0049 6.84302 8
      vertex 11.0197 6.68667 8
    endloop
  endfacet
  facet normal 0 -0 1
    outer loop
      vertex 11.0049 6.84302 8
      vertex 11.0049 7.15698 8
      vertex 11 7 8
    endloop
  endfacet
  facet normal 0.987657 -0.15663 0
    outer loop
      vertex 15.9557 6.53155 8
      vertex 15.9803 6.68667 3.5
      vertex 15.9803 6.68667 8
    endloop
  endfacet
  facet normal 0.987657 -0.15663 0
    outer loop
      vertex 15.9803 6.68667 3.5
      vertex 15.9557 6.53155 8
      vertex 15.9557 6.53155 3.5
    endloop
  endfacet
  facet normal 0.338674 -0.940904 0
    outer loop
      vertex 14.2725 4.62236 3.5
      vertex 14.4203 4.67556 8
      vertex 14.2725 4.62236 8
    endloop
  endfacet
  facet normal 0.338674 -0.940904 0
    outer loop
      vertex 14.4203 4.67556 8
      vertex 14.2725 4.62236 3.5
      vertex 14.4203 4.67556 3.5
    endloop
  endfacet
  facet normal 0.661331 -0.750094 0
    outer loop
      vertex 15.0936 5.07372 3.5
      vertex 15.2114 5.17758 8
      vertex 15.0936 5.07372 8
    endloop
  endfacet
  facet normal 0.661331 -0.750094 0
    outer loop
      vertex 15.2114 5.17758 8
      vertex 15.0936 5.07372 3.5
      vertex 15.2114 5.17758 3.5
    endloop
  endfacet
  facet normal -0.218239 -0.975895 0
    outer loop
      vertex 12.8783 4.57854 3.5
      vertex 13.0315 4.54428 8
      vertex 12.8783 4.57854 8
    endloop
  endfacet
  facet normal -0.218239 -0.975895 -0
    outer loop
      vertex 13.0315 4.54428 8
      vertex 12.8783 4.57854 3.5
      vertex 13.0315 4.54428 3.5
    endloop
  endfacet
  facet normal -0.0941418 -0.995559 0
    outer loop
      vertex 13.1867 4.51971 3.5
      vertex 13.343 4.50493 8
      vertex 13.1867 4.51971 8
    endloop
  endfacet
  facet normal -0.0941418 -0.995559 -0
    outer loop
      vertex 13.343 4.50493 8
      vertex 13.1867 4.51971 3.5
      vertex 13.343 4.50493 3.5
    endloop
  endfacet
  facet normal -0.6129 -0.790161 0
    outer loop
      vertex 11.9064 5.07372 3.5
      vertex 12.0305 4.97746 8
      vertex 11.9064 5.07372 8
    endloop
  endfacet
  facet normal -0.6129 -0.790161 -0
    outer loop
      vertex 12.0305 4.97746 8
      vertex 11.9064 5.07372 3.5
      vertex 12.0305 4.97746 3.5
    endloop
  endfacet
  facet normal -0.987657 -0.15663 0
    outer loop
      vertex 11.0443 6.53155 3.5
      vertex 11.0197 6.68667 8
      vertex 11.0197 6.68667 3.5
    endloop
  endfacet
  facet normal -0.987657 -0.15663 0
    outer loop
      vertex 11.0197 6.68667 8
      vertex 11.0443 6.53155 3.5
      vertex 11.0443 6.53155 8
    endloop
  endfacet
  facet normal -0.940882 -0.338735 0
    outer loop
      vertex 11.1756 6.07969 3.5
      vertex 11.1224 6.22746 8
      vertex 11.1224 6.22746 3.5
    endloop
  endfacet
  facet normal -0.940882 -0.338735 0
    outer loop
      vertex 11.1224 6.22746 8
      vertex 11.1756 6.07969 3.5
      vertex 11.1756 6.07969 8
    endloop
  endfacet
  facet normal -0.827001 -0.5622 0
    outer loop
      vertex 11.4775 5.53054 3.5
      vertex 11.3892 5.66043 8
      vertex 11.3892 5.66043 3.5
    endloop
  endfacet
  facet normal -0.827001 -0.5622 0
    outer loop
      vertex 11.3892 5.66043 8
      vertex 11.4775 5.53054 3.5
      vertex 11.4775 5.53054 8
    endloop
  endfacet
  facet normal -0.749996 -0.661443 0
    outer loop
      vertex 11.6776 5.28863 3.5
      vertex 11.5737 5.40644 8
      vertex 11.5737 5.40644 3.5
    endloop
  endfacet
  facet normal -0.749996 -0.661443 0
    outer loop
      vertex 11.5737 5.40644 8
      vertex 11.6776 5.28863 3.5
      vertex 11.6776 5.28863 8
    endloop
  endfacet
  facet normal 0.99555 -0.0942382 0
    outer loop
      vertex 15.9803 6.68667 8
      vertex 15.9951 6.84302 3.5
      vertex 15.9951 6.84302 8
    endloop
  endfacet
  facet normal 0.99555 -0.0942382 0
    outer loop
      vertex 15.9951 6.84302 3.5
      vertex 15.9803 6.68667 8
      vertex 15.9803 6.68667 3.5
    endloop
  endfacet
  facet normal 0.976001 -0.217766 0
    outer loop
      vertex 15.9215 6.37827 8
      vertex 15.9557 6.53155 3.5
      vertex 15.9557 6.53155 8
    endloop
  endfacet
  facet normal 0.976001 -0.217766 0
    outer loop
      vertex 15.9557 6.53155 3.5
      vertex 15.9215 6.37827 8
      vertex 15.9215 6.37827 3.5
    endloop
  endfacet
  facet normal -1 0 0
    outer loop
      vertex 19 7.75 0
      vertex 19 14.25 3.5
      vertex 19 14.25 0
    endloop
  endfacet
  facet normal -1 -0 0
    outer loop
      vertex 19 14.25 3.5
      vertex 19 7.75 0
      vertex 19 7.75 3.5
    endloop
  endfacet
  facet normal -1 0 0
    outer loop
      vertex 19 0 0
      vertex 19 6.5 3.5
      vertex 19 6.5 0
    endloop
  endfacet
  facet normal -1 -0 0
    outer loop
      vertex 19 6.5 3.5
      vertex 19 0 0
      vertex 19 0 3.5
    endloop
  endfacet
  facet normal -0 0 1
    outer loop
      vertex 25.4803 10.5633 3.5
      vertex 27 7.75 3.5
      vertex 27 14.25 3.5
    endloop
  endfacet
  facet normal 0 0 1
    outer loop
      vertex 27 7.75 3.5
      vertex 25.4951 10.407 3.5
      vertex 25.5 10.25 3.5
    endloop
  endfacet
  facet normal 0 0 1
    outer loop
      vertex 27 7.75 3.5
      vertex 25.4803 10.5633 3.5
      vertex 25.4951 10.407 3.5
    endloop
  endfacet
  facet normal 0 0 1
    outer loop
      vertex 27 14.25 3.5
      vertex 25.4557 10.7185 3.5
      vertex 25.4803 10.5633 3.5
    endloop
  endfacet
  facet normal 0 0 1
    outer loop
      vertex 27 14.25 3.5
      vertex 25.4215 10.8717 3.5
      vertex 25.4557 10.7185 3.5
    endloop
  endfacet
  facet normal 0 0 1
    outer loop
      vertex 27 14.25 3.5
      vertex 25.3776 11.0225 3.5
      vertex 25.4215 10.8717 3.5
    endloop
  endfacet
  facet normal 0 0 1
    outer loop
      vertex 27 14.25 3.5
      vertex 25.3244 11.1703 3.5
      vertex 25.3776 11.0225 3.5
    endloop
  endfacet
  facet normal 0 0 1
    outer loop
      vertex 27 14.25 3.5
      vertex 25.2621 11.3144 3.5
      vertex 25.3244 11.1703 3.5
    endloop
  endfacet
  facet normal 0 0 1
    outer loop
      vertex 27 14.25 3.5
      vertex 25.1908 11.4544 3.5
      vertex 25.2621 11.3144 3.5
    endloop
  endfacet
  facet normal 0 0 1
    outer loop
      vertex 27 14.25 3.5
      vertex 25.1108 11.5896 3.5
      vertex 25.1908 11.4544 3.5
    endloop
  endfacet
  facet normal 0 0 1
    outer loop
      vertex 27 14.25 3.5
      vertex 25.0225 11.7195 3.5
      vertex 25.1108 11.5896 3.5
    endloop
  endfacet
  facet normal 0 0 1
    outer loop
      vertex 27 14.25 3.5
      vertex 24.9263 11.8436 3.5
      vertex 25.0225 11.7195 3.5
    endloop
  endfacet
  facet normal 0 0 1
    outer loop
      vertex 27 14.25 3.5
      vertex 24.8224 11.9614 3.5
      vertex 24.9263 11.8436 3.5
    endloop
  endfacet
  facet normal 0 0 1
    outer loop
      vertex 27 14.25 3.5
      vertex 24.7114 12.0724 3.5
      vertex 24.8224 11.9614 3.5
    endloop
  endfacet
  facet normal 0 0 1
    outer loop
      vertex 27 14.25 3.5
      vertex 24.5936 12.1763 3.5
      vertex 24.7114 12.0724 3.5
    endloop
  endfacet
  facet normal 0 0 1
    outer loop
      vertex 27 14.25 3.5
      vertex 24.4695 12.2725 3.5
      vertex 24.5936 12.1763 3.5
    endloop
  endfacet
  facet normal 0 0 1
    outer loop
      vertex 27 14.25 3.5
      vertex 24.3396 12.3608 3.5
      vertex 24.4695 12.2725 3.5
    endloop
  endfacet
  facet normal 0 0 1
    outer loop
      vertex 27 14.25 3.5
      vertex 24.2044 12.4408 3.5
      vertex 24.3396 12.3608 3.5
    endloop
  endfacet
  facet normal 0 0 1
    outer loop
      vertex 27 14.25 3.5
      vertex 24.0644 12.5121 3.5
      vertex 24.2044 12.4408 3.5
    endloop
  endfacet
  facet normal 0 0 1
    outer loop
      vertex 27 14.25 3.5
      vertex 23.9203 12.5744 3.5
      vertex 24.0644 12.5121 3.5
    endloop
  endfacet
  facet normal 0 0 1
    outer loop
      vertex 27 14.25 3.5
      vertex 23.7725 12.6276 3.5
      vertex 23.9203 12.5744 3.5
    endloop
  endfacet
  facet normal 0 0 1
    outer loop
      vertex 27 14.25 3.5
      vertex 23.6217 12.6715 3.5
      vertex 23.7725 12.6276 3.5
    endloop
  endfacet
  facet normal 0 0 1
    outer loop
      vertex 27 14.25 3.5
      vertex 23.4685 12.7057 3.5
      vertex 23.6217 12.6715 3.5
    endloop
  endfacet
  facet normal 0 0 1
    outer loop
      vertex 27 14.25 3.5
      vertex 23.3133 12.7303 3.5
      vertex 23.4685 12.7057 3.5
    endloop
  endfacet
  facet normal 0 0 1
    outer loop
      vertex 27 14.25 3.5
      vertex 23.157 12.7451 3.5
      vertex 23.3133 12.7303 3.5
    endloop
  endfacet
  facet normal 0 0 1
    outer loop
      vertex 27 14.25 3.5
      vertex 23 12.75 3.5
      vertex 23.157 12.7451 3.5
    endloop
  endfacet
  facet normal -0 0 1
    outer loop
      vertex 19 14.25 3.5
      vertex 23 12.75 3.5
      vertex 27 14.25 3.5
    endloop
  endfacet
  facet normal 0 0 1
    outer loop
      vertex 23 12.75 3.5
      vertex 19 14.25 3.5
      vertex 22.843 12.7451 3.5
    endloop
  endfacet
  facet normal 0 0 1
    outer loop
      vertex 22.843 12.7451 3.5
      vertex 19 14.25 3.5
      vertex 22.6867 12.7303 3.5
    endloop
  endfacet
  facet normal 0 0 1
    outer loop
      vertex 22.6867 12.7303 3.5
      vertex 19 14.25 3.5
      vertex 22.5315 12.7057 3.5
    endloop
  endfacet
  facet normal 0 0 1
    outer loop
      vertex 22.5315 12.7057 3.5
      vertex 19 14.25 3.5
      vertex 22.3783 12.6715 3.5
    endloop
  endfacet
  facet normal 0 0 1
    outer loop
      vertex 20.5197 10.5633 3.5
      vertex 19 7.75 3.5
      vertex 20.5049 10.407 3.5
    endloop
  endfacet
  facet normal 0 0 1
    outer loop
      vertex 19 7.75 3.5
      vertex 20.5197 10.5633 3.5
      vertex 19 14.25 3.5
    endloop
  endfacet
  facet normal 0 0 1
    outer loop
      vertex 20.5443 10.7185 3.5
      vertex 19 14.25 3.5
      vertex 20.5197 10.5633 3.5
    endloop
  endfacet
  facet normal 0 0 1
    outer loop
      vertex 20.5785 10.8717 3.5
      vertex 19 14.25 3.5
      vertex 20.5443 10.7185 3.5
    endloop
  endfacet
  facet normal 0 0 1
    outer loop
      vertex 20.6224 11.0225 3.5
      vertex 19 14.25 3.5
      vertex 20.5785 10.8717 3.5
    endloop
  endfacet
  facet normal 0 0 1
    outer loop
      vertex 20.6756 11.1703 3.5
      vertex 19 14.25 3.5
      vertex 20.6224 11.0225 3.5
    endloop
  endfacet
  facet normal 0 0 1
    outer loop
      vertex 20.7379 11.3144 3.5
      vertex 19 14.25 3.5
      vertex 20.6756 11.1703 3.5
    endloop
  endfacet
  facet normal 0 0 1
    outer loop
      vertex 20.8092 11.4544 3.5
      vertex 19 14.25 3.5
      vertex 20.7379 11.3144 3.5
    endloop
  endfacet
  facet normal 0 0 1
    outer loop
      vertex 20.8892 11.5896 3.5
      vertex 19 14.25 3.5
      vertex 20.8092 11.4544 3.5
    endloop
  endfacet
  facet normal 0 0 1
    outer loop
      vertex 20.9775 11.7195 3.5
      vertex 19 14.25 3.5
      vertex 20.8892 11.5896 3.5
    endloop
  endfacet
  facet normal 0 0 1
    outer loop
      vertex 21.0737 11.8436 3.5
      vertex 19 14.25 3.5
      vertex 20.9775 11.7195 3.5
    endloop
  endfacet
  facet normal 0 0 1
    outer loop
      vertex 21.1776 11.9614 3.5
      vertex 19 14.25 3.5
      vertex 21.0737 11.8436 3.5
    endloop
  endfacet
  facet normal 0 0 1
    outer loop
      vertex 21.2886 12.0724 3.5
      vertex 19 14.25 3.5
      vertex 21.1776 11.9614 3.5
    endloop
  endfacet
  facet normal 0 0 1
    outer loop
      vertex 21.4064 12.1763 3.5
      vertex 19 14.25 3.5
      vertex 21.2886 12.0724 3.5
    endloop
  endfacet
  facet normal 0 0 1
    outer loop
      vertex 21.5305 12.2725 3.5
      vertex 19 14.25 3.5
      vertex 21.4064 12.1763 3.5
    endloop
  endfacet
  facet normal 0 0 1
    outer loop
      vertex 21.6604 12.3608 3.5
      vertex 19 14.25 3.5
      vertex 21.5305 12.2725 3.5
    endloop
  endfacet
  facet normal 0 0 1
    outer loop
      vertex 21.7956 12.4408 3.5
      vertex 19 14.25 3.5
      vertex 21.6604 12.3608 3.5
    endloop
  endfacet
  facet normal 0 0 1
    outer loop
      vertex 21.9356 12.5121 3.5
      vertex 19 14.25 3.5
      vertex 21.7956 12.4408 3.5
    endloop
  endfacet
  facet normal 0 0 1
    outer loop
      vertex 22.0797 12.5744 3.5
      vertex 19 14.25 3.5
      vertex 21.9356 12.5121 3.5
    endloop
  endfacet
  facet normal 0 0 1
    outer loop
      vertex 22.2275 12.6276 3.5
      vertex 19 14.25 3.5
      vertex 22.0797 12.5744 3.5
    endloop
  endfacet
  facet normal 0 0 1
    outer loop
      vertex 22.3783 12.6715 3.5
      vertex 19 14.25 3.5
      vertex 22.2275 12.6276 3.5
    endloop
  endfacet
  facet normal -0 0 1
    outer loop
      vertex 25.4951 10.093 3.5
      vertex 27 7.75 3.5
      vertex 25.5 10.25 3.5
    endloop
  endfacet
  facet normal -0 0 1
    outer loop
      vertex 25.4803 9.93667 3.5
      vertex 27 7.75 3.5
      vertex 25.4951 10.093 3.5
    endloop
  endfacet
  facet normal -0 0 1
    outer loop
      vertex 25.4557 9.78155 3.5
      vertex 27 7.75 3.5
      vertex 25.4803 9.93667 3.5
    endloop
  endfacet
  facet normal -0 0 1
    outer loop
      vertex 25.4215 9.62827 3.5
      vertex 27 7.75 3.5
      vertex 25.4557 9.78155 3.5
    endloop
  endfacet
  facet normal -0 0 1
    outer loop
      vertex 25.3776 9.47746 3.5
      vertex 27 7.75 3.5
      vertex 25.4215 9.62827 3.5
    endloop
  endfacet
  facet normal -0 0 1
    outer loop
      vertex 25.3244 9.32969 3.5
      vertex 27 7.75 3.5
      vertex 25.3776 9.47746 3.5
    endloop
  endfacet
  facet normal -0 0 1
    outer loop
      vertex 25.2621 9.18555 3.5
      vertex 27 7.75 3.5
      vertex 25.3244 9.32969 3.5
    endloop
  endfacet
  facet normal -0 0 1
    outer loop
      vertex 25.1908 9.04562 3.5
      vertex 27 7.75 3.5
      vertex 25.2621 9.18555 3.5
    endloop
  endfacet
  facet normal -0 0 1
    outer loop
      vertex 25.1108 8.91043 3.5
      vertex 27 7.75 3.5
      vertex 25.1908 9.04562 3.5
    endloop
  endfacet
  facet normal -0 0 1
    outer loop
      vertex 25.0225 8.78054 3.5
      vertex 27 7.75 3.5
      vertex 25.1108 8.91043 3.5
    endloop
  endfacet
  facet normal -0 0 1
    outer loop
      vertex 24.9263 8.65644 3.5
      vertex 27 7.75 3.5
      vertex 25.0225 8.78054 3.5
    endloop
  endfacet
  facet normal -0 0 1
    outer loop
      vertex 24.8224 8.53863 3.5
      vertex 27 7.75 3.5
      vertex 24.9263 8.65644 3.5
    endloop
  endfacet
  facet normal -0 0 1
    outer loop
      vertex 24.7114 8.42758 3.5
      vertex 27 7.75 3.5
      vertex 24.8224 8.53863 3.5
    endloop
  endfacet
  facet normal -0 0 1
    outer loop
      vertex 24.5936 8.32372 3.5
      vertex 27 7.75 3.5
      vertex 24.7114 8.42758 3.5
    endloop
  endfacet
  facet normal -0 0 1
    outer loop
      vertex 24.4695 8.22746 3.5
      vertex 27 7.75 3.5
      vertex 24.5936 8.32372 3.5
    endloop
  endfacet
  facet normal -0 0 1
    outer loop
      vertex 24.3396 8.13918 3.5
      vertex 27 7.75 3.5
      vertex 24.4695 8.22746 3.5
    endloop
  endfacet
  facet normal -0 0 1
    outer loop
      vertex 24.2044 8.05923 3.5
      vertex 27 7.75 3.5
      vertex 24.3396 8.13918 3.5
    endloop
  endfacet
  facet normal -0 0 1
    outer loop
      vertex 24.0644 7.98793 3.5
      vertex 27 7.75 3.5
      vertex 24.2044 8.05923 3.5
    endloop
  endfacet
  facet normal -0 0 1
    outer loop
      vertex 23.9203 7.92556 3.5
      vertex 27 7.75 3.5
      vertex 24.0644 7.98793 3.5
    endloop
  endfacet
  facet normal -0 0 1
    outer loop
      vertex 23.7725 7.87236 3.5
      vertex 27 7.75 3.5
      vertex 23.9203 7.92556 3.5
    endloop
  endfacet
  facet normal -0 0 1
    outer loop
      vertex 23.6217 7.82854 3.5
      vertex 27 7.75 3.5
      vertex 23.7725 7.87236 3.5
    endloop
  endfacet
  facet normal -0 0 1
    outer loop
      vertex 23.4685 7.79428 3.5
      vertex 27 7.75 3.5
      vertex 23.6217 7.82854 3.5
    endloop
  endfacet
  facet normal -0 0 1
    outer loop
      vertex 23.3133 7.76971 3.5
      vertex 27 7.75 3.5
      vertex 23.4685 7.79428 3.5
    endloop
  endfacet
  facet normal -0 0 1
    outer loop
      vertex 23.157 7.75493 3.5
      vertex 27 7.75 3.5
      vertex 23.3133 7.76971 3.5
    endloop
  endfacet
  facet normal 0 0 1
    outer loop
      vertex 27 7.75 3.5
      vertex 23.157 7.75493 3.5
      vertex 23 7.75 3.5
    endloop
  endfacet
  facet normal 0 0 1
    outer loop
      vertex 20.5049 10.407 3.5
      vertex 19 7.75 3.5
      vertex 20.5 10.25 3.5
    endloop
  endfacet
  facet normal 0 0 1
    outer loop
      vertex 20.5 10.25 3.5
      vertex 19 7.75 3.5
      vertex 20.5049 10.093 3.5
    endloop
  endfacet
  facet normal 0 0 1
    outer loop
      vertex 20.5049 10.093 3.5
      vertex 19 7.75 3.5
      vertex 20.5197 9.93667 3.5
    endloop
  endfacet
  facet normal 0 0 1
    outer loop
      vertex 20.5197 9.93667 3.5
      vertex 19 7.75 3.5
      vertex 20.5443 9.78155 3.5
    endloop
  endfacet
  facet normal 0 0 1
    outer loop
      vertex 20.5443 9.78155 3.5
      vertex 19 7.75 3.5
      vertex 20.5785 9.62827 3.5
    endloop
  endfacet
  facet normal 0 0 1
    outer loop
      vertex 22.843 7.75493 3.5
      vertex 19 7.75 3.5
      vertex 23 7.75 3.5
    endloop
  endfacet
  facet normal 0 0 1
    outer loop
      vertex 22.6867 7.76971 3.5
      vertex 19 7.75 3.5
      vertex 22.843 7.75493 3.5
    endloop
  endfacet
  facet normal 0 0 1
    outer loop
      vertex 22.5315 7.79428 3.5
      vertex 19 7.75 3.5
      vertex 22.6867 7.76971 3.5
    endloop
  endfacet
  facet normal 0 0 1
    outer loop
      vertex 22.3783 7.82854 3.5
      vertex 19 7.75 3.5
      vertex 22.5315 7.79428 3.5
    endloop
  endfacet
  facet normal 0 0 1
    outer loop
      vertex 22.2275 7.87236 3.5
      vertex 19 7.75 3.5
      vertex 22.3783 7.82854 3.5
    endloop
  endfacet
  facet normal 0 0 1
    outer loop
      vertex 22.0797 7.92556 3.5
      vertex 19 7.75 3.5
      vertex 22.2275 7.87236 3.5
    endloop
  endfacet
  facet normal 0 0 1
    outer loop
      vertex 21.9356 7.98793 3.5
      vertex 19 7.75 3.5
      vertex 22.0797 7.92556 3.5
    endloop
  endfacet
  facet normal 0 0 1
    outer loop
      vertex 21.7956 8.05923 3.5
      vertex 19 7.75 3.5
      vertex 21.9356 7.98793 3.5
    endloop
  endfacet
  facet normal 0 0 1
    outer loop
      vertex 21.6604 8.13918 3.5
      vertex 19 7.75 3.5
      vertex 21.7956 8.05923 3.5
    endloop
  endfacet
  facet normal 0 0 1
    outer loop
      vertex 21.5305 8.22746 3.5
      vertex 19 7.75 3.5
      vertex 21.6604 8.13918 3.5
    endloop
  endfacet
  facet normal 0 0 1
    outer loop
      vertex 21.4064 8.32372 3.5
      vertex 19 7.75 3.5
      vertex 21.5305 8.22746 3.5
    endloop
  endfacet
  facet normal 0 0 1
    outer loop
      vertex 21.2886 8.42758 3.5
      vertex 19 7.75 3.5
      vertex 21.4064 8.32372 3.5
    endloop
  endfacet
  facet normal 0 0 1
    outer loop
      vertex 21.1776 8.53863 3.5
      vertex 19 7.75 3.5
      vertex 21.2886 8.42758 3.5
    endloop
  endfacet
  facet normal 0 0 1
    outer loop
      vertex 21.0737 8.65644 3.5
      vertex 19 7.75 3.5
      vertex 21.1776 8.53863 3.5
    endloop
  endfacet
  facet normal 0 0 1
    outer loop
      vertex 20.9775 8.78054 3.5
      vertex 19 7.75 3.5
      vertex 21.0737 8.65644 3.5
    endloop
  endfacet
  facet normal 0 0 1
    outer loop
      vertex 20.8892 8.91043 3.5
      vertex 19 7.75 3.5
      vertex 20.9775 8.78054 3.5
    endloop
  endfacet
  facet normal 0 0 1
    outer loop
      vertex 20.8092 9.04562 3.5
      vertex 19 7.75 3.5
      vertex 20.8892 8.91043 3.5
    endloop
  endfacet
  facet normal 0 0 1
    outer loop
      vertex 20.7379 9.18555 3.5
      vertex 19 7.75 3.5
      vertex 20.8092 9.04562 3.5
    endloop
  endfacet
  facet normal 0 0 1
    outer loop
      vertex 20.6756 9.32969 3.5
      vertex 19 7.75 3.5
      vertex 20.7379 9.18555 3.5
    endloop
  endfacet
  facet normal 0 0 1
    outer loop
      vertex 20.6224 9.47746 3.5
      vertex 19 7.75 3.5
      vertex 20.6756 9.32969 3.5
    endloop
  endfacet
  facet normal 0 0 1
    outer loop
      vertex 20.5785 9.62827 3.5
      vertex 19 7.75 3.5
      vertex 20.6224 9.47746 3.5
    endloop
  endfacet
  facet normal 0 0 1
    outer loop
      vertex 25.4951 3.84302 3.5
      vertex 27 6.5 3.5
      vertex 25.5 4 3.5
    endloop
  endfacet
  facet normal 0 0 1
    outer loop
      vertex 27 6.5 3.5
      vertex 25.4951 4.15698 3.5
      vertex 25.5 4 3.5
    endloop
  endfacet
  facet normal 0 0 1
    outer loop
      vertex 27 6.5 3.5
      vertex 25.4803 4.31333 3.5
      vertex 25.4951 4.15698 3.5
    endloop
  endfacet
  facet normal 0 0 1
    outer loop
      vertex 27 6.5 3.5
      vertex 25.4557 4.46845 3.5
      vertex 25.4803 4.31333 3.5
    endloop
  endfacet
  facet normal 0 0 1
    outer loop
      vertex 27 6.5 3.5
      vertex 25.4215 4.62172 3.5
      vertex 25.4557 4.46845 3.5
    endloop
  endfacet
  facet normal 0 0 1
    outer loop
      vertex 27 6.5 3.5
      vertex 25.3776 4.77254 3.5
      vertex 25.4215 4.62172 3.5
    endloop
  endfacet
  facet normal 0 0 1
    outer loop
      vertex 27 6.5 3.5
      vertex 25.3244 4.92031 3.5
      vertex 25.3776 4.77254 3.5
    endloop
  endfacet
  facet normal 0 0 1
    outer loop
      vertex 27 6.5 3.5
      vertex 25.2621 5.06445 3.5
      vertex 25.3244 4.92031 3.5
    endloop
  endfacet
  facet normal 0 0 1
    outer loop
      vertex 27 6.5 3.5
      vertex 25.1908 5.20438 3.5
      vertex 25.2621 5.06445 3.5
    endloop
  endfacet
  facet normal 0 0 1
    outer loop
      vertex 27 6.5 3.5
      vertex 25.1108 5.33957 3.5
      vertex 25.1908 5.20438 3.5
    endloop
  endfacet
  facet normal 0 0 1
    outer loop
      vertex 27 6.5 3.5
      vertex 25.0225 5.46946 3.5
      vertex 25.1108 5.33957 3.5
    endloop
  endfacet
  facet normal 0 0 1
    outer loop
      vertex 27 6.5 3.5
      vertex 24.9263 5.59356 3.5
      vertex 25.0225 5.46946 3.5
    endloop
  endfacet
  facet normal 0 0 1
    outer loop
      vertex 27 6.5 3.5
      vertex 24.8224 5.71137 3.5
      vertex 24.9263 5.59356 3.5
    endloop
  endfacet
  facet normal 0 0 1
    outer loop
      vertex 27 6.5 3.5
      vertex 24.7114 5.82242 3.5
      vertex 24.8224 5.71137 3.5
    endloop
  endfacet
  facet normal 0 0 1
    outer loop
      vertex 27 6.5 3.5
      vertex 24.5936 5.92628 3.5
      vertex 24.7114 5.82242 3.5
    endloop
  endfacet
  facet normal 0 0 1
    outer loop
      vertex 27 6.5 3.5
      vertex 24.4695 6.02254 3.5
      vertex 24.5936 5.92628 3.5
    endloop
  endfacet
  facet normal 0 0 1
    outer loop
      vertex 27 6.5 3.5
      vertex 24.3396 6.11082 3.5
      vertex 24.4695 6.02254 3.5
    endloop
  endfacet
  facet normal 0 0 1
    outer loop
      vertex 27 6.5 3.5
      vertex 24.2044 6.19077 3.5
      vertex 24.3396 6.11082 3.5
    endloop
  endfacet
  facet normal 0 0 1
    outer loop
      vertex 27 6.5 3.5
      vertex 24.0644 6.26207 3.5
      vertex 24.2044 6.19077 3.5
    endloop
  endfacet
  facet normal 0 0 1
    outer loop
      vertex 27 6.5 3.5
      vertex 23.9203 6.32444 3.5
      vertex 24.0644 6.26207 3.5
    endloop
  endfacet
  facet normal 0 0 1
    outer loop
      vertex 27 6.5 3.5
      vertex 23.7725 6.37764 3.5
      vertex 23.9203 6.32444 3.5
    endloop
  endfacet
  facet normal 0 0 1
    outer loop
      vertex 27 6.5 3.5
      vertex 23.6217 6.42146 3.5
      vertex 23.7725 6.37764 3.5
    endloop
  endfacet
  facet normal 0 0 1
    outer loop
      vertex 27 6.5 3.5
      vertex 23.4685 6.45572 3.5
      vertex 23.6217 6.42146 3.5
    endloop
  endfacet
  facet normal 0 0 1
    outer loop
      vertex 27 6.5 3.5
      vertex 23.3133 6.48029 3.5
      vertex 23.4685 6.45572 3.5
    endloop
  endfacet
  facet normal 0 0 1
    outer loop
      vertex 27 6.5 3.5
      vertex 23.157 6.49507 3.5
      vertex 23.3133 6.48029 3.5
    endloop
  endfacet
  facet normal 0 -0 1
    outer loop
      vertex 23.157 6.49507 3.5
      vertex 27 6.5 3.5
      vertex 23 6.5 3.5
    endloop
  endfacet
  facet normal 0 0 1
    outer loop
      vertex 25.4803 3.68667 3.5
      vertex 27 6.5 3.5
      vertex 25.4951 3.84302 3.5
    endloop
  endfacet
  facet normal 0 0 1
    outer loop
      vertex 27 6.5 3.5
      vertex 25.4803 3.68667 3.5
      vertex 27 0 3.5
    endloop
  endfacet
  facet normal -0 0 1
    outer loop
      vertex 25.4557 3.53155 3.5
      vertex 27 0 3.5
      vertex 25.4803 3.68667 3.5
    endloop
  endfacet
  facet normal -0 0 1
    outer loop
      vertex 25.4215 3.37827 3.5
      vertex 27 0 3.5
      vertex 25.4557 3.53155 3.5
    endloop
  endfacet
  facet normal -0 0 1
    outer loop
      vertex 25.3776 3.22746 3.5
      vertex 27 0 3.5
      vertex 25.4215 3.37827 3.5
    endloop
  endfacet
  facet normal -0 0 1
    outer loop
      vertex 25.3244 3.07969 3.5
      vertex 27 0 3.5
      vertex 25.3776 3.22746 3.5
    endloop
  endfacet
  facet normal -0 0 1
    outer loop
      vertex 25.2621 2.93555 3.5
      vertex 27 0 3.5
      vertex 25.3244 3.07969 3.5
    endloop
  endfacet
  facet normal -0 0 1
    outer loop
      vertex 25.1908 2.79562 3.5
      vertex 27 0 3.5
      vertex 25.2621 2.93555 3.5
    endloop
  endfacet
  facet normal -0 0 1
    outer loop
      vertex 25.1108 2.66043 3.5
      vertex 27 0 3.5
      vertex 25.1908 2.79562 3.5
    endloop
  endfacet
  facet normal -0 0 1
    outer loop
      vertex 25.0225 2.53054 3.5
      vertex 27 0 3.5
      vertex 25.1108 2.66043 3.5
    endloop
  endfacet
  facet normal -0 0 1
    outer loop
      vertex 24.9263 2.40644 3.5
      vertex 27 0 3.5
      vertex 25.0225 2.53054 3.5
    endloop
  endfacet
  facet normal -0 0 1
    outer loop
      vertex 24.8224 2.28863 3.5
      vertex 27 0 3.5
      vertex 24.9263 2.40644 3.5
    endloop
  endfacet
  facet normal -0 0 1
    outer loop
      vertex 24.7114 2.17758 3.5
      vertex 27 0 3.5
      vertex 24.8224 2.28863 3.5
    endloop
  endfacet
  facet normal -0 0 1
    outer loop
      vertex 24.5936 2.07372 3.5
      vertex 27 0 3.5
      vertex 24.7114 2.17758 3.5
    endloop
  endfacet
  facet normal -0 0 1
    outer loop
      vertex 24.4695 1.97746 3.5
      vertex 27 0 3.5
      vertex 24.5936 2.07372 3.5
    endloop
  endfacet
  facet normal -0 0 1
    outer loop
      vertex 24.3396 1.88918 3.5
      vertex 27 0 3.5
      vertex 24.4695 1.97746 3.5
    endloop
  endfacet
  facet normal -0 0 1
    outer loop
      vertex 24.2044 1.80923 3.5
      vertex 27 0 3.5
      vertex 24.3396 1.88918 3.5
    endloop
  endfacet
  facet normal -0 0 1
    outer loop
      vertex 24.0644 1.73793 3.5
      vertex 27 0 3.5
      vertex 24.2044 1.80923 3.5
    endloop
  endfacet
  facet normal -0 0 1
    outer loop
      vertex 23.9203 1.67556 3.5
      vertex 27 0 3.5
      vertex 24.0644 1.73793 3.5
    endloop
  endfacet
  facet normal -0 0 1
    outer loop
      vertex 23.7725 1.62236 3.5
      vertex 27 0 3.5
      vertex 23.9203 1.67556 3.5
    endloop
  endfacet
  facet normal -0 0 1
    outer loop
      vertex 23.6217 1.57854 3.5
      vertex 27 0 3.5
      vertex 23.7725 1.62236 3.5
    endloop
  endfacet
  facet normal -0 0 1
    outer loop
      vertex 23.4685 1.54428 3.5
      vertex 27 0 3.5
      vertex 23.6217 1.57854 3.5
    endloop
  endfacet
  facet normal -0 0 1
    outer loop
      vertex 23.3133 1.51971 3.5
      vertex 27 0 3.5
      vertex 23.4685 1.54428 3.5
    endloop
  endfacet
  facet normal -0 0 1
    outer loop
      vertex 23.157 1.50493 3.5
      vertex 27 0 3.5
      vertex 23.3133 1.51971 3.5
    endloop
  endfacet
  facet normal -0 0 1
    outer loop
      vertex 23 1.5 3.5
      vertex 27 0 3.5
      vertex 23.157 1.50493 3.5
    endloop
  endfacet
  facet normal 0 0 1
    outer loop
      vertex 19 0 3.5
      vertex 23 1.5 3.5
      vertex 22.843 1.50493 3.5
    endloop
  endfacet
  facet normal 0 0 1
    outer loop
      vertex 19 0 3.5
      vertex 22.843 1.50493 3.5
      vertex 22.6867 1.51971 3.5
    endloop
  endfacet
  facet normal 0 0 1
    outer loop
      vertex 19 0 3.5
      vertex 22.6867 1.51971 3.5
      vertex 22.5315 1.54428 3.5
    endloop
  endfacet
  facet normal 0 0 1
    outer loop
      vertex 19 0 3.5
      vertex 22.5315 1.54428 3.5
      vertex 22.3783 1.57854 3.5
    endloop
  endfacet
  facet normal 0 0 1
    outer loop
      vertex 19 0 3.5
      vertex 22.3783 1.57854 3.5
      vertex 22.2275 1.62236 3.5
    endloop
  endfacet
  facet normal 0 0 1
    outer loop
      vertex 19 6.5 3.5
      vertex 20.5049 3.84302 3.5
      vertex 20.5 4 3.5
    endloop
  endfacet
  facet normal 0 0 1
    outer loop
      vertex 19 6.5 3.5
      vertex 20.5197 3.68667 3.5
      vertex 20.5049 3.84302 3.5
    endloop
  endfacet
  facet normal 0 0 1
    outer loop
      vertex 19 0 3.5
      vertex 20.5197 3.68667 3.5
      vertex 19 6.5 3.5
    endloop
  endfacet
  facet normal 0 0 1
    outer loop
      vertex 20.5197 3.68667 3.5
      vertex 19 0 3.5
      vertex 20.5443 3.53155 3.5
    endloop
  endfacet
  facet normal 0 0 1
    outer loop
      vertex 20.5443 3.53155 3.5
      vertex 19 0 3.5
      vertex 20.5785 3.37827 3.5
    endloop
  endfacet
  facet normal 0 0 1
    outer loop
      vertex 20.5785 3.37827 3.5
      vertex 19 0 3.5
      vertex 20.6224 3.22746 3.5
    endloop
  endfacet
  facet normal 0 0 1
    outer loop
      vertex 20.6224 3.22746 3.5
      vertex 19 0 3.5
      vertex 20.6756 3.07969 3.5
    endloop
  endfacet
  facet normal 0 0 1
    outer loop
      vertex 23 1.5 3.5
      vertex 19 0 3.5
      vertex 27 0 3.5
    endloop
  endfacet
  facet normal 0 0 1
    outer loop
      vertex 22.0797 1.67556 3.5
      vertex 19 0 3.5
      vertex 22.2275 1.62236 3.5
    endloop
  endfacet
  facet normal 0 0 1
    outer loop
      vertex 21.9356 1.73793 3.5
      vertex 19 0 3.5
      vertex 22.0797 1.67556 3.5
    endloop
  endfacet
  facet normal 0 0 1
    outer loop
      vertex 21.7956 1.80923 3.5
      vertex 19 0 3.5
      vertex 21.9356 1.73793 3.5
    endloop
  endfacet
  facet normal 0 0 1
    outer loop
      vertex 21.6604 1.88918 3.5
      vertex 19 0 3.5
      vertex 21.7956 1.80923 3.5
    endloop
  endfacet
  facet normal 0 0 1
    outer loop
      vertex 21.5305 1.97746 3.5
      vertex 19 0 3.5
      vertex 21.6604 1.88918 3.5
    endloop
  endfacet
  facet normal 0 0 1
    outer loop
      vertex 21.4064 2.07372 3.5
      vertex 19 0 3.5
      vertex 21.5305 1.97746 3.5
    endloop
  endfacet
  facet normal 0 0 1
    outer loop
      vertex 21.2886 2.17758 3.5
      vertex 19 0 3.5
      vertex 21.4064 2.07372 3.5
    endloop
  endfacet
  facet normal 0 0 1
    outer loop
      vertex 21.1776 2.28863 3.5
      vertex 19 0 3.5
      vertex 21.2886 2.17758 3.5
    endloop
  endfacet
  facet normal 0 0 1
    outer loop
      vertex 21.0737 2.40644 3.5
      vertex 19 0 3.5
      vertex 21.1776 2.28863 3.5
    endloop
  endfacet
  facet normal 0 0 1
    outer loop
      vertex 20.9775 2.53054 3.5
      vertex 19 0 3.5
      vertex 21.0737 2.40644 3.5
    endloop
  endfacet
  facet normal 0 0 1
    outer loop
      vertex 20.8892 2.66043 3.5
      vertex 19 0 3.5
      vertex 20.9775 2.53054 3.5
    endloop
  endfacet
  facet normal 0 0 1
    outer loop
      vertex 20.8092 2.79562 3.5
      vertex 19 0 3.5
      vertex 20.8892 2.66043 3.5
    endloop
  endfacet
  facet normal 0 0 1
    outer loop
      vertex 20.7379 2.93555 3.5
      vertex 19 0 3.5
      vertex 20.8092 2.79562 3.5
    endloop
  endfacet
  facet normal 0 0 1
    outer loop
      vertex 20.6756 3.07969 3.5
      vertex 19 0 3.5
      vertex 20.7379 2.93555 3.5
    endloop
  endfacet
  facet normal 0 0 1
    outer loop
      vertex 20.5049 4.15698 3.5
      vertex 19 6.5 3.5
      vertex 20.5 4 3.5
    endloop
  endfacet
  facet normal 0 0 1
    outer loop
      vertex 20.5197 4.31333 3.5
      vertex 19 6.5 3.5
      vertex 20.5049 4.15698 3.5
    endloop
  endfacet
  facet normal 0 0 1
    outer loop
      vertex 20.5443 4.46845 3.5
      vertex 19 6.5 3.5
      vertex 20.5197 4.31333 3.5
    endloop
  endfacet
  facet normal 0 0 1
    outer loop
      vertex 20.5785 4.62172 3.5
      vertex 19 6.5 3.5
      vertex 20.5443 4.46845 3.5
    endloop
  endfacet
  facet normal 0 0 1
    outer loop
      vertex 20.6224 4.77254 3.5
      vertex 19 6.5 3.5
      vertex 20.5785 4.62172 3.5
    endloop
  endfacet
  facet normal 0 0 1
    outer loop
      vertex 20.6756 4.92031 3.5
      vertex 19 6.5 3.5
      vertex 20.6224 4.77254 3.5
    endloop
  endfacet
  facet normal 0 0 1
    outer loop
      vertex 20.7379 5.06445 3.5
      vertex 19 6.5 3.5
      vertex 20.6756 4.92031 3.5
    endloop
  endfacet
  facet normal 0 0 1
    outer loop
      vertex 20.8092 5.20438 3.5
      vertex 19 6.5 3.5
      vertex 20.7379 5.06445 3.5
    endloop
  endfacet
  facet normal 0 0 1
    outer loop
      vertex 20.8892 5.33957 3.5
      vertex 19 6.5 3.5
      vertex 20.8092 5.20438 3.5
    endloop
  endfacet
  facet normal 0 0 1
    outer loop
      vertex 20.9775 5.46946 3.5
      vertex 19 6.5 3.5
      vertex 20.8892 5.33957 3.5
    endloop
  endfacet
  facet normal 0 0 1
    outer loop
      vertex 21.0737 5.59356 3.5
      vertex 19 6.5 3.5
      vertex 20.9775 5.46946 3.5
    endloop
  endfacet
  facet normal 0 0 1
    outer loop
      vertex 21.1776 5.71137 3.5
      vertex 19 6.5 3.5
      vertex 21.0737 5.59356 3.5
    endloop
  endfacet
  facet normal 0 0 1
    outer loop
      vertex 21.2886 5.82242 3.5
      vertex 19 6.5 3.5
      vertex 21.1776 5.71137 3.5
    endloop
  endfacet
  facet normal 0 0 1
    outer loop
      vertex 21.4064 5.92628 3.5
      vertex 19 6.5 3.5
      vertex 21.2886 5.82242 3.5
    endloop
  endfacet
  facet normal 0 0 1
    outer loop
      vertex 21.5305 6.02254 3.5
      vertex 19 6.5 3.5
      vertex 21.4064 5.92628 3.5
    endloop
  endfacet
  facet normal 0 0 1
    outer loop
      vertex 21.6604 6.11082 3.5
      vertex 19 6.5 3.5
      vertex 21.5305 6.02254 3.5
    endloop
  endfacet
  facet normal 0 0 1
    outer loop
      vertex 21.7956 6.19077 3.5
      vertex 19 6.5 3.5
      vertex 21.6604 6.11082 3.5
    endloop
  endfacet
  facet normal 0 0 1
    outer loop
      vertex 21.9356 6.26207 3.5
      vertex 19 6.5 3.5
      vertex 21.7956 6.19077 3.5
    endloop
  endfacet
  facet normal 0 0 1
    outer loop
      vertex 22.0797 6.32444 3.5
      vertex 19 6.5 3.5
      vertex 21.9356 6.26207 3.5
    endloop
  endfacet
  facet normal 0 0 1
    outer loop
      vertex 22.2275 6.37764 3.5
      vertex 19 6.5 3.5
      vertex 22.0797 6.32444 3.5
    endloop
  endfacet
  facet normal 0 0 1
    outer loop
      vertex 22.3783 6.42146 3.5
      vertex 19 6.5 3.5
      vertex 22.2275 6.37764 3.5
    endloop
  endfacet
  facet normal 0 0 1
    outer loop
      vertex 22.5315 6.45572 3.5
      vertex 19 6.5 3.5
      vertex 22.3783 6.42146 3.5
    endloop
  endfacet
  facet normal 0 0 1
    outer loop
      vertex 22.6867 6.48029 3.5
      vertex 19 6.5 3.5
      vertex 22.5315 6.45572 3.5
    endloop
  endfacet
  facet normal 0 0 1
    outer loop
      vertex 22.843 6.49507 3.5
      vertex 19 6.5 3.5
      vertex 22.6867 6.48029 3.5
    endloop
  endfacet
  facet normal -0 0 1
    outer loop
      vertex 19 6.5 3.5
      vertex 22.843 6.49507 3.5
      vertex 23 6.5 3.5
    endloop
  endfacet
  facet normal 1 -0 0
    outer loop
      vertex 27 7.75 3.5
      vertex 27 14.25 0
      vertex 27 14.25 3.5
    endloop
  endfacet
  facet normal 1 0 0
    outer loop
      vertex 27 14.25 0
      vertex 27 7.75 3.5
      vertex 27 7.75 0
    endloop
  endfacet
  facet normal 1 -0 0
    outer loop
      vertex 27 0 3.5
      vertex 27 6.5 0
      vertex 27 6.5 3.5
    endloop
  endfacet
  facet normal 1 0 0
    outer loop
      vertex 27 6.5 0
      vertex 27 0 3.5
      vertex 27 0 0
    endloop
  endfacet
  facet normal 0 0 -1
    outer loop
      vertex 19 7.75 0
      vertex 27 14.25 0
      vertex 27 7.75 0
    endloop
  endfacet
  facet normal -0 0 -1
    outer loop
      vertex 27 14.25 0
      vertex 19 7.75 0
      vertex 19 14.25 0
    endloop
  endfacet
  facet normal 0 0 -1
    outer loop
      vertex 19 0 0
      vertex 27 6.5 0
      vertex 27 0 0
    endloop
  endfacet
  facet normal -0 0 -1
    outer loop
      vertex 27 6.5 0
      vertex 19 0 0
      vertex 19 6.5 0
    endloop
  endfacet
  facet normal 0 -1 0
    outer loop
      vertex 19 0 0
      vertex 27 0 3.5
      vertex 19 0 3.5
    endloop
  endfacet
  facet normal 0 -1 -0
    outer loop
      vertex 27 0 3.5
      vertex 19 0 0
      vertex 27 0 0
    endloop
  endfacet
  facet normal -0.338674 -0.940904 0
    outer loop
      vertex 22.0797 1.67556 3.5
      vertex 22.2275 1.62236 8
      vertex 22.0797 1.67556 8
    endloop
  endfacet
  facet normal -0.338674 -0.940904 -0
    outer loop
      vertex 22.2275 1.62236 8
      vertex 22.0797 1.67556 3.5
      vertex 22.2275 1.62236 3.5
    endloop
  endfacet
  facet normal 0.562084 0.82708 -0
    outer loop
      vertex 24.4695 6.02254 3.5
      vertex 24.3396 6.11082 8
      vertex 24.4695 6.02254 8
    endloop
  endfacet
  facet normal 0.562084 0.82708 0
    outer loop
      vertex 24.3396 6.11082 8
      vertex 24.4695 6.02254 3.5
      vertex 24.3396 6.11082 3.5
    endloop
  endfacet
  facet normal -0.397214 0.917726 0
    outer loop
      vertex 22.0797 6.32444 3.5
      vertex 21.9356 6.26207 8
      vertex 22.0797 6.32444 8
    endloop
  endfacet
  facet normal -0.397214 0.917726 0
    outer loop
      vertex 21.9356 6.26207 8
      vertex 22.0797 6.32444 3.5
      vertex 21.9356 6.26207 3.5
    endloop
  endfacet
  facet normal -0.891001 -0.454001 0
    outer loop
      vertex 20.8092 2.79562 3.5
      vertex 20.7379 2.93555 8
      vertex 20.7379 2.93555 3.5
    endloop
  endfacet
  facet normal -0.891001 -0.454001 0
    outer loop
      vertex 20.7379 2.93555 8
      vertex 20.8092 2.79562 3.5
      vertex 20.8092 2.79562 8
    endloop
  endfacet
  facet normal 0.975998 0.21778 0
    outer loop
      vertex 25.4557 4.46845 8
      vertex 25.4215 4.62172 3.5
      vertex 25.4215 4.62172 8
    endloop
  endfacet
  facet normal 0.975998 0.21778 0
    outer loop
      vertex 25.4215 4.62172 3.5
      vertex 25.4557 4.46845 8
      vertex 25.4557 4.46845 3.5
    endloop
  endfacet
  facet normal 0.960152 0.279477 0
    outer loop
      vertex 25.4215 4.62172 8
      vertex 25.3776 4.77254 3.5
      vertex 25.3776 4.77254 8
    endloop
  endfacet
  facet normal 0.960152 0.279477 0
    outer loop
      vertex 25.3776 4.77254 3.5
      vertex 25.4215 4.62172 8
      vertex 25.4215 4.62172 3.5
    endloop
  endfacet
  facet normal 0.790346 0.612661 0
    outer loop
      vertex 25.0225 5.46946 8
      vertex 24.9263 5.59356 3.5
      vertex 24.9263 5.59356 8
    endloop
  endfacet
  facet normal 0.790346 0.612661 0
    outer loop
      vertex 24.9263 5.59356 3.5
      vertex 25.0225 5.46946 8
      vertex 25.0225 5.46946 3.5
    endloop
  endfacet
  facet normal 0.509008 0.860762 -0
    outer loop
      vertex 24.3396 6.11082 3.5
      vertex 24.2044 6.19077 8
      vertex 24.3396 6.11082 8
    endloop
  endfacet
  facet normal 0.509008 0.860762 0
    outer loop
      vertex 24.2044 6.19077 8
      vertex 24.3396 6.11082 3.5
      vertex 24.2044 6.19077 3.5
    endloop
  endfacet
  facet normal -0.999513 0.031199 0
    outer loop
      vertex 20.5 4 3.5
      vertex 20.5049 4.15698 8
      vertex 20.5049 4.15698 3.5
    endloop
  endfacet
  facet normal -0.999513 0.031199 0
    outer loop
      vertex 20.5049 4.15698 8
      vertex 20.5 4 3.5
      vertex 20.5 4 8
    endloop
  endfacet
  facet normal -0.891001 0.454001 0
    outer loop
      vertex 20.7379 5.06445 3.5
      vertex 20.8092 5.20438 8
      vertex 20.8092 5.20438 3.5
    endloop
  endfacet
  facet normal -0.891001 0.454001 0
    outer loop
      vertex 20.8092 5.20438 8
      vertex 20.7379 5.06445 3.5
      vertex 20.7379 5.06445 8
    endloop
  endfacet
  facet normal -0.6129 0.790161 0
    outer loop
      vertex 21.5305 6.02254 3.5
      vertex 21.4064 5.92628 8
      vertex 21.5305 6.02254 8
    endloop
  endfacet
  facet normal -0.6129 0.790161 0
    outer loop
      vertex 21.4064 5.92628 8
      vertex 21.5305 6.02254 3.5
      vertex 21.4064 5.92628 3.5
    endloop
  endfacet
  facet normal 0.891001 -0.454001 0
    outer loop
      vertex 25.1908 2.79562 8
      vertex 25.2621 2.93555 3.5
      vertex 25.2621 2.93555 8
    endloop
  endfacet
  facet normal 0.891001 -0.454001 0
    outer loop
      vertex 25.2621 2.93555 3.5
      vertex 25.1908 2.79562 8
      vertex 25.1908 2.79562 3.5
    endloop
  endfacet
  facet normal 0.279041 -0.960279 0
    outer loop
      vertex 23.6217 1.57854 3.5
      vertex 23.7725 1.62236 8
      vertex 23.6217 1.57854 8
    endloop
  endfacet
  facet normal 0.279041 -0.960279 0
    outer loop
      vertex 23.7725 1.62236 8
      vertex 23.6217 1.57854 3.5
      vertex 23.7725 1.62236 3.5
    endloop
  endfacet
  facet normal 0.707266 -0.706948 0
    outer loop
      vertex 24.7114 2.17758 8
      vertex 24.8224 2.28863 3.5
      vertex 24.8224 2.28863 8
    endloop
  endfacet
  facet normal 0.707266 -0.706948 0
    outer loop
      vertex 24.8224 2.28863 3.5
      vertex 24.7114 2.17758 8
      vertex 24.7114 2.17758 3.5
    endloop
  endfacet
  facet normal 0.917929 0.396746 0
    outer loop
      vertex 25.3244 4.92031 8
      vertex 25.2621 5.06445 3.5
      vertex 25.2621 5.06445 8
    endloop
  endfacet
  facet normal 0.917929 0.396746 0
    outer loop
      vertex 25.2621 5.06445 3.5
      vertex 25.3244 4.92031 8
      vertex 25.3244 4.92031 3.5
    endloop
  endfacet
  facet normal 0.891001 0.454001 0
    outer loop
      vertex 25.2621 5.06445 8
      vertex 25.1908 5.20438 3.5
      vertex 25.1908 5.20438 8
    endloop
  endfacet
  facet normal 0.891001 0.454001 0
    outer loop
      vertex 25.1908 5.20438 3.5
      vertex 25.2621 5.06445 8
      vertex 25.2621 5.06445 3.5
    endloop
  endfacet
  facet normal 0.707266 0.706948 0
    outer loop
      vertex 24.8224 5.71137 8
      vertex 24.7114 5.82242 3.5
      vertex 24.7114 5.82242 8
    endloop
  endfacet
  facet normal 0.707266 0.706948 0
    outer loop
      vertex 24.7114 5.82242 3.5
      vertex 24.8224 5.71137 8
      vertex 24.8224 5.71137 3.5
    endloop
  endfacet
  facet normal 0.218239 0.975895 -0
    outer loop
      vertex 23.6217 6.42146 3.5
      vertex 23.4685 6.45572 8
      vertex 23.6217 6.42146 8
    endloop
  endfacet
  facet normal 0.218239 0.975895 0
    outer loop
      vertex 23.4685 6.45572 8
      vertex 23.6217 6.42146 3.5
      vertex 23.4685 6.45572 3.5
    endloop
  endfacet
  facet normal 0.338674 0.940904 -0
    outer loop
      vertex 23.9203 6.32444 3.5
      vertex 23.7725 6.37764 8
      vertex 23.9203 6.32444 8
    endloop
  endfacet
  facet normal 0.338674 0.940904 0
    outer loop
      vertex 23.7725 6.37764 8
      vertex 23.9203 6.32444 3.5
      vertex 23.7725 6.37764 3.5
    endloop
  endfacet
  facet normal 0.0941418 0.995559 -0
    outer loop
      vertex 23.3133 6.48029 3.5
      vertex 23.157 6.49507 8
      vertex 23.3133 6.48029 8
    endloop
  endfacet
  facet normal 0.0941418 0.995559 0
    outer loop
      vertex 23.157 6.49507 8
      vertex 23.3133 6.48029 3.5
      vertex 23.157 6.49507 3.5
    endloop
  endfacet
  facet normal -0.975998 0.21778 0
    outer loop
      vertex 20.5443 4.46845 3.5
      vertex 20.5785 4.62172 8
      vertex 20.5785 4.62172 3.5
    endloop
  endfacet
  facet normal -0.975998 0.21778 0
    outer loop
      vertex 20.5785 4.62172 8
      vertex 20.5443 4.46845 3.5
      vertex 20.5443 4.46845 8
    endloop
  endfacet
  facet normal -0.940882 0.338735 0
    outer loop
      vertex 20.6224 4.77254 3.5
      vertex 20.6756 4.92031 8
      vertex 20.6756 4.92031 3.5
    endloop
  endfacet
  facet normal -0.940882 0.338735 0
    outer loop
      vertex 20.6756 4.92031 8
      vertex 20.6224 4.77254 3.5
      vertex 20.6224 4.77254 8
    endloop
  endfacet
  facet normal -0.99555 0.0942382 0
    outer loop
      vertex 20.5049 4.15698 3.5
      vertex 20.5197 4.31333 8
      vertex 20.5197 4.31333 3.5
    endloop
  endfacet
  facet normal -0.99555 0.0942382 0
    outer loop
      vertex 20.5197 4.31333 8
      vertex 20.5049 4.15698 3.5
      vertex 20.5049 4.15698 8
    endloop
  endfacet
  facet normal -0.790346 0.612661 0
    outer loop
      vertex 20.9775 5.46946 3.5
      vertex 21.0737 5.59356 8
      vertex 21.0737 5.59356 3.5
    endloop
  endfacet
  facet normal -0.790346 0.612661 0
    outer loop
      vertex 21.0737 5.59356 8
      vertex 20.9775 5.46946 3.5
      vertex 20.9775 5.46946 8
    endloop
  endfacet
  facet normal -0.827001 0.5622 0
    outer loop
      vertex 20.8892 5.33957 3.5
      vertex 20.9775 5.46946 8
      vertex 20.9775 5.46946 3.5
    endloop
  endfacet
  facet normal -0.827001 0.5622 0
    outer loop
      vertex 20.9775 5.46946 8
      vertex 20.8892 5.33957 3.5
      vertex 20.8892 5.33957 8
    endloop
  endfacet
  facet normal -0.156365 0.987699 0
    outer loop
      vertex 22.6867 6.48029 3.5
      vertex 22.5315 6.45572 8
      vertex 22.6867 6.48029 8
    endloop
  endfacet
  facet normal -0.156365 0.987699 0
    outer loop
      vertex 22.5315 6.45572 8
      vertex 22.6867 6.48029 3.5
      vertex 22.5315 6.45572 3.5
    endloop
  endfacet
  facet normal -0.338674 0.940904 0
    outer loop
      vertex 22.2275 6.37764 3.5
      vertex 22.0797 6.32444 8
      vertex 22.2275 6.37764 8
    endloop
  endfacet
  facet normal -0.338674 0.940904 0
    outer loop
      vertex 22.0797 6.32444 8
      vertex 22.2275 6.37764 3.5
      vertex 22.0797 6.32444 3.5
    endloop
  endfacet
  facet normal -0.218239 0.975895 0
    outer loop
      vertex 22.5315 6.45572 3.5
      vertex 22.3783 6.42146 8
      vertex 22.5315 6.45572 8
    endloop
  endfacet
  facet normal -0.218239 0.975895 0
    outer loop
      vertex 22.3783 6.42146 8
      vertex 22.5315 6.45572 3.5
      vertex 22.3783 6.42146 3.5
    endloop
  endfacet
  facet normal -0.453821 0.891093 0
    outer loop
      vertex 21.9356 6.26207 3.5
      vertex 21.7956 6.19077 8
      vertex 21.9356 6.26207 8
    endloop
  endfacet
  facet normal -0.453821 0.891093 0
    outer loop
      vertex 21.7956 6.19077 8
      vertex 21.9356 6.26207 3.5
      vertex 21.7956 6.19077 3.5
    endloop
  endfacet
  facet normal -0.707266 0.706948 0
    outer loop
      vertex 21.1776 5.71137 3.5
      vertex 21.2886 5.82242 8
      vertex 21.2886 5.82242 3.5
    endloop
  endfacet
  facet normal -0.707266 0.706948 0
    outer loop
      vertex 21.2886 5.82242 8
      vertex 21.1776 5.71137 3.5
      vertex 21.1776 5.71137 8
    endloop
  endfacet
  facet normal 0.999513 -0.031199 0
    outer loop
      vertex 25.4951 3.84302 8
      vertex 25.5 4 3.5
      vertex 25.5 4 8
    endloop
  endfacet
  facet normal 0.999513 -0.031199 0
    outer loop
      vertex 25.5 4 3.5
      vertex 25.4951 3.84302 8
      vertex 25.4951 3.84302 3.5
    endloop
  endfacet
  facet normal 0.940882 -0.338735 0
    outer loop
      vertex 25.3244 3.07969 8
      vertex 25.3776 3.22746 3.5
      vertex 25.3776 3.22746 8
    endloop
  endfacet
  facet normal 0.940882 -0.338735 0
    outer loop
      vertex 25.3776 3.22746 3.5
      vertex 25.3244 3.07969 8
      vertex 25.3244 3.07969 3.5
    endloop
  endfacet
  facet normal 0.218239 -0.975895 0
    outer loop
      vertex 23.4685 1.54428 3.5
      vertex 23.6217 1.57854 8
      vertex 23.4685 1.54428 8
    endloop
  endfacet
  facet normal 0.218239 -0.975895 0
    outer loop
      vertex 23.6217 1.57854 8
      vertex 23.4685 1.54428 3.5
      vertex 23.6217 1.57854 3.5
    endloop
  endfacet
  facet normal 0.453821 -0.891093 0
    outer loop
      vertex 24.0644 1.73793 3.5
      vertex 24.2044 1.80923 8
      vertex 24.0644 1.73793 8
    endloop
  endfacet
  facet normal 0.453821 -0.891093 0
    outer loop
      vertex 24.2044 1.80923 8
      vertex 24.0644 1.73793 3.5
      vertex 24.2044 1.80923 3.5
    endloop
  endfacet
  facet normal 0.790346 -0.612661 0
    outer loop
      vertex 24.9263 2.40644 8
      vertex 25.0225 2.53054 3.5
      vertex 25.0225 2.53054 8
    endloop
  endfacet
  facet normal 0.790346 -0.612661 0
    outer loop
      vertex 25.0225 2.53054 3.5
      vertex 24.9263 2.40644 8
      vertex 24.9263 2.40644 3.5
    endloop
  endfacet
  facet normal 0.860606 -0.509272 0
    outer loop
      vertex 25.1108 2.66043 8
      vertex 25.1908 2.79562 3.5
      vertex 25.1908 2.79562 8
    endloop
  endfacet
  facet normal 0.860606 -0.509272 0
    outer loop
      vertex 25.1908 2.79562 3.5
      vertex 25.1108 2.66043 8
      vertex 25.1108 2.66043 3.5
    endloop
  endfacet
  facet normal 0.827001 -0.5622 0
    outer loop
      vertex 25.0225 2.53054 8
      vertex 25.1108 2.66043 3.5
      vertex 25.1108 2.66043 8
    endloop
  endfacet
  facet normal 0.827001 -0.5622 0
    outer loop
      vertex 25.1108 2.66043 3.5
      vertex 25.0225 2.53054 8
      vertex 25.0225 2.53054 3.5
    endloop
  endfacet
  facet normal 0.0313858 -0.999507 0
    outer loop
      vertex 23 1.5 3.5
      vertex 23.157 1.50493 8
      vertex 23 1.5 8
    endloop
  endfacet
  facet normal 0.0313858 -0.999507 0
    outer loop
      vertex 23.157 1.50493 8
      vertex 23 1.5 3.5
      vertex 23.157 1.50493 3.5
    endloop
  endfacet
  facet normal -0.0313858 -0.999507 0
    outer loop
      vertex 22.843 1.50493 3.5
      vertex 23 1.5 8
      vertex 22.843 1.50493 8
    endloop
  endfacet
  facet normal -0.0313858 -0.999507 -0
    outer loop
      vertex 23 1.5 8
      vertex 22.843 1.50493 3.5
      vertex 23 1.5 3.5
    endloop
  endfacet
  facet normal -0.509008 -0.860762 0
    outer loop
      vertex 21.6604 1.88918 3.5
      vertex 21.7956 1.80923 8
      vertex 21.6604 1.88918 8
    endloop
  endfacet
  facet normal -0.509008 -0.860762 -0
    outer loop
      vertex 21.7956 1.80923 8
      vertex 21.6604 1.88918 3.5
      vertex 21.7956 1.80923 3.5
    endloop
  endfacet
  facet normal -0.707266 -0.706948 0
    outer loop
      vertex 21.2886 2.17758 3.5
      vertex 21.1776 2.28863 8
      vertex 21.1776 2.28863 3.5
    endloop
  endfacet
  facet normal -0.707266 -0.706948 0
    outer loop
      vertex 21.1776 2.28863 8
      vertex 21.2886 2.17758 3.5
      vertex 21.2886 2.17758 8
    endloop
  endfacet
  facet normal 0.987657 0.15663 0
    outer loop
      vertex 25.4803 4.31333 8
      vertex 25.4557 4.46845 3.5
      vertex 25.4557 4.46845 8
    endloop
  endfacet
  facet normal 0.987657 0.15663 0
    outer loop
      vertex 25.4557 4.46845 3.5
      vertex 25.4803 4.31333 8
      vertex 25.4803 4.31333 3.5
    endloop
  endfacet
  facet normal 0.940882 0.338735 0
    outer loop
      vertex 25.3776 4.77254 8
      vertex 25.3244 4.92031 3.5
      vertex 25.3244 4.92031 8
    endloop
  endfacet
  facet normal 0.940882 0.338735 0
    outer loop
      vertex 25.3244 4.92031 3.5
      vertex 25.3776 4.77254 8
      vertex 25.3776 4.77254 3.5
    endloop
  endfacet
  facet normal 0.860606 0.509272 0
    outer loop
      vertex 25.1908 5.20438 8
      vertex 25.1108 5.33957 3.5
      vertex 25.1108 5.33957 8
    endloop
  endfacet
  facet normal 0.860606 0.509272 0
    outer loop
      vertex 25.1108 5.33957 3.5
      vertex 25.1908 5.20438 8
      vertex 25.1908 5.20438 3.5
    endloop
  endfacet
  facet normal 0.827001 0.5622 0
    outer loop
      vertex 25.1108 5.33957 8
      vertex 25.0225 5.46946 3.5
      vertex 25.0225 5.46946 8
    endloop
  endfacet
  facet normal 0.827001 0.5622 0
    outer loop
      vertex 25.0225 5.46946 3.5
      vertex 25.1108 5.33957 8
      vertex 25.1108 5.33957 3.5
    endloop
  endfacet
  facet normal 0.749996 0.661443 0
    outer loop
      vertex 24.9263 5.59356 8
      vertex 24.8224 5.71137 3.5
      vertex 24.8224 5.71137 8
    endloop
  endfacet
  facet normal 0.749996 0.661443 0
    outer loop
      vertex 24.8224 5.71137 3.5
      vertex 24.9263 5.59356 8
      vertex 24.9263 5.59356 3.5
    endloop
  endfacet
  facet normal 0.661331 0.750094 -0
    outer loop
      vertex 24.7114 5.82242 3.5
      vertex 24.5936 5.92628 8
      vertex 24.7114 5.82242 8
    endloop
  endfacet
  facet normal 0.661331 0.750094 0
    outer loop
      vertex 24.5936 5.92628 8
      vertex 24.7114 5.82242 3.5
      vertex 24.5936 5.92628 3.5
    endloop
  endfacet
  facet normal -0.0313858 0.999507 0
    outer loop
      vertex 23 6.5 5
      vertex 22.843 6.49507 8
      vertex 23 6.5 8
    endloop
  endfacet
  facet normal -0.0313858 0.999507 0
    outer loop
      vertex 22.843 6.49507 3.5
      vertex 23 6.5 5
      vertex 23 6.5 3.5
    endloop
  endfacet
  facet normal -0.0313858 0.999507 0
    outer loop
      vertex 23 6.5 5
      vertex 22.843 6.49507 3.5
      vertex 22.843 6.49507 8
    endloop
  endfacet
  facet normal 0.6129 0.790161 -0
    outer loop
      vertex 24.5936 5.92628 3.5
      vertex 24.4695 6.02254 8
      vertex 24.5936 5.92628 8
    endloop
  endfacet
  facet normal 0.6129 0.790161 0
    outer loop
      vertex 24.4695 6.02254 8
      vertex 24.5936 5.92628 3.5
      vertex 24.4695 6.02254 3.5
    endloop
  endfacet
  facet normal 0.397214 0.917726 -0
    outer loop
      vertex 24.0644 6.26207 3.5
      vertex 23.9203 6.32444 8
      vertex 24.0644 6.26207 8
    endloop
  endfacet
  facet normal 0.397214 0.917726 0
    outer loop
      vertex 23.9203 6.32444 8
      vertex 24.0644 6.26207 3.5
      vertex 23.9203 6.32444 3.5
    endloop
  endfacet
  facet normal 0.279041 0.960279 -0
    outer loop
      vertex 23.7725 6.37764 3.5
      vertex 23.6217 6.42146 8
      vertex 23.7725 6.37764 8
    endloop
  endfacet
  facet normal 0.279041 0.960279 0
    outer loop
      vertex 23.6217 6.42146 8
      vertex 23.7725 6.37764 3.5
      vertex 23.6217 6.42146 3.5
    endloop
  endfacet
  facet normal 0.156365 0.987699 -0
    outer loop
      vertex 23.4685 6.45572 3.5
      vertex 23.3133 6.48029 8
      vertex 23.4685 6.45572 8
    endloop
  endfacet
  facet normal 0.156365 0.987699 0
    outer loop
      vertex 23.3133 6.48029 8
      vertex 23.4685 6.45572 3.5
      vertex 23.3133 6.48029 3.5
    endloop
  endfacet
  facet normal -0.999513 -0.031199 0
    outer loop
      vertex 20.5049 3.84302 3.5
      vertex 20.5 4 8
      vertex 20.5 4 3.5
    endloop
  endfacet
  facet normal -0.999513 -0.031199 0
    outer loop
      vertex 20.5 4 8
      vertex 20.5049 3.84302 3.5
      vertex 20.5049 3.84302 8
    endloop
  endfacet
  facet normal -0.960152 0.279477 0
    outer loop
      vertex 20.5785 4.62172 3.5
      vertex 20.6224 4.77254 8
      vertex 20.6224 4.77254 3.5
    endloop
  endfacet
  facet normal -0.960152 0.279477 0
    outer loop
      vertex 20.6224 4.77254 8
      vertex 20.5785 4.62172 3.5
      vertex 20.5785 4.62172 8
    endloop
  endfacet
  facet normal -0.987657 0.15663 0
    outer loop
      vertex 20.5197 4.31333 3.5
      vertex 20.5443 4.46845 8
      vertex 20.5443 4.46845 3.5
    endloop
  endfacet
  facet normal -0.987657 0.15663 0
    outer loop
      vertex 20.5443 4.46845 8
      vertex 20.5197 4.31333 3.5
      vertex 20.5197 4.31333 8
    endloop
  endfacet
  facet normal -0.917929 0.396746 0
    outer loop
      vertex 20.6756 4.92031 3.5
      vertex 20.7379 5.06445 8
      vertex 20.7379 5.06445 3.5
    endloop
  endfacet
  facet normal -0.917929 0.396746 0
    outer loop
      vertex 20.7379 5.06445 8
      vertex 20.6756 4.92031 3.5
      vertex 20.6756 4.92031 8
    endloop
  endfacet
  facet normal -0.860606 0.509272 0
    outer loop
      vertex 20.8092 5.20438 3.5
      vertex 20.8892 5.33957 8
      vertex 20.8892 5.33957 3.5
    endloop
  endfacet
  facet normal -0.860606 0.509272 0
    outer loop
      vertex 20.8892 5.33957 8
      vertex 20.8092 5.20438 3.5
      vertex 20.8092 5.20438 8
    endloop
  endfacet
  facet normal -0.749996 0.661443 0
    outer loop
      vertex 21.0737 5.59356 3.5
      vertex 21.1776 5.71137 8
      vertex 21.1776 5.71137 3.5
    endloop
  endfacet
  facet normal -0.749996 0.661443 0
    outer loop
      vertex 21.1776 5.71137 8
      vertex 21.0737 5.59356 3.5
      vertex 21.0737 5.59356 8
    endloop
  endfacet
  facet normal -0.279041 0.960279 0
    outer loop
      vertex 22.3783 6.42146 3.5
      vertex 22.2275 6.37764 8
      vertex 22.3783 6.42146 8
    endloop
  endfacet
  facet normal -0.279041 0.960279 0
    outer loop
      vertex 22.2275 6.37764 8
      vertex 22.3783 6.42146 3.5
      vertex 22.2275 6.37764 3.5
    endloop
  endfacet
  facet normal -0.0941418 0.995559 0
    outer loop
      vertex 22.843 6.49507 3.5
      vertex 22.6867 6.48029 8
      vertex 22.843 6.49507 8
    endloop
  endfacet
  facet normal -0.0941418 0.995559 0
    outer loop
      vertex 22.6867 6.48029 8
      vertex 22.843 6.49507 3.5
      vertex 22.6867 6.48029 3.5
    endloop
  endfacet
  facet normal -0.509008 0.860762 0
    outer loop
      vertex 21.7956 6.19077 3.5
      vertex 21.6604 6.11082 8
      vertex 21.7956 6.19077 8
    endloop
  endfacet
  facet normal -0.509008 0.860762 0
    outer loop
      vertex 21.6604 6.11082 8
      vertex 21.7956 6.19077 3.5
      vertex 21.6604 6.11082 3.5
    endloop
  endfacet
  facet normal -0.562084 0.82708 0
    outer loop
      vertex 21.6604 6.11082 3.5
      vertex 21.5305 6.02254 8
      vertex 21.6604 6.11082 8
    endloop
  endfacet
  facet normal -0.562084 0.82708 0
    outer loop
      vertex 21.5305 6.02254 8
      vertex 21.6604 6.11082 3.5
      vertex 21.5305 6.02254 3.5
    endloop
  endfacet
  facet normal -0.661331 0.750094 0
    outer loop
      vertex 21.4064 5.92628 3.5
      vertex 21.2886 5.82242 8
      vertex 21.4064 5.92628 8
    endloop
  endfacet
  facet normal -0.661331 0.750094 0
    outer loop
      vertex 21.2886 5.82242 8
      vertex 21.4064 5.92628 3.5
      vertex 21.2886 5.82242 3.5
    endloop
  endfacet
  facet normal 0.999513 0.031199 0
    outer loop
      vertex 25.5 4 8
      vertex 25.4951 4.15698 3.5
      vertex 25.4951 4.15698 8
    endloop
  endfacet
  facet normal 0.999513 0.031199 0
    outer loop
      vertex 25.4951 4.15698 3.5
      vertex 25.5 4 8
      vertex 25.5 4 3.5
    endloop
  endfacet
  facet normal 0.0941418 -0.995559 0
    outer loop
      vertex 23.157 1.50493 3.5
      vertex 23.3133 1.51971 8
      vertex 23.157 1.50493 8
    endloop
  endfacet
  facet normal 0.0941418 -0.995559 0
    outer loop
      vertex 23.3133 1.51971 8
      vertex 23.157 1.50493 3.5
      vertex 23.3133 1.51971 3.5
    endloop
  endfacet
  facet normal 0.960147 -0.279494 0
    outer loop
      vertex 25.3776 3.22746 8
      vertex 25.4215 3.37827 3.5
      vertex 25.4215 3.37827 8
    endloop
  endfacet
  facet normal 0.960147 -0.279494 0
    outer loop
      vertex 25.4215 3.37827 3.5
      vertex 25.3776 3.22746 8
      vertex 25.3776 3.22746 3.5
    endloop
  endfacet
  facet normal 0.156365 -0.987699 0
    outer loop
      vertex 23.3133 1.51971 3.5
      vertex 23.4685 1.54428 8
      vertex 23.3133 1.51971 8
    endloop
  endfacet
  facet normal 0.156365 -0.987699 0
    outer loop
      vertex 23.4685 1.54428 8
      vertex 23.3133 1.51971 3.5
      vertex 23.4685 1.54428 3.5
    endloop
  endfacet
  facet normal 0.397214 -0.917726 0
    outer loop
      vertex 23.9203 1.67556 3.5
      vertex 24.0644 1.73793 8
      vertex 23.9203 1.67556 8
    endloop
  endfacet
  facet normal 0.397214 -0.917726 0
    outer loop
      vertex 24.0644 1.73793 8
      vertex 23.9203 1.67556 3.5
      vertex 24.0644 1.73793 3.5
    endloop
  endfacet
  facet normal 0.6129 -0.790161 0
    outer loop
      vertex 24.4695 1.97746 3.5
      vertex 24.5936 2.07372 8
      vertex 24.4695 1.97746 8
    endloop
  endfacet
  facet normal 0.6129 -0.790161 0
    outer loop
      vertex 24.5936 2.07372 8
      vertex 24.4695 1.97746 3.5
      vertex 24.5936 2.07372 3.5
    endloop
  endfacet
  facet normal 0.509008 -0.860762 0
    outer loop
      vertex 24.2044 1.80923 3.5
      vertex 24.3396 1.88918 8
      vertex 24.2044 1.80923 8
    endloop
  endfacet
  facet normal 0.509008 -0.860762 0
    outer loop
      vertex 24.3396 1.88918 8
      vertex 24.2044 1.80923 3.5
      vertex 24.3396 1.88918 3.5
    endloop
  endfacet
  facet normal 0.562084 -0.82708 0
    outer loop
      vertex 24.3396 1.88918 3.5
      vertex 24.4695 1.97746 8
      vertex 24.3396 1.88918 8
    endloop
  endfacet
  facet normal 0.562084 -0.82708 0
    outer loop
      vertex 24.4695 1.97746 8
      vertex 24.3396 1.88918 3.5
      vertex 24.4695 1.97746 3.5
    endloop
  endfacet
  facet normal 0.917929 -0.396746 0
    outer loop
      vertex 25.2621 2.93555 8
      vertex 25.3244 3.07969 3.5
      vertex 25.3244 3.07969 8
    endloop
  endfacet
  facet normal 0.917929 -0.396746 0
    outer loop
      vertex 25.3244 3.07969 3.5
      vertex 25.2621 2.93555 8
      vertex 25.2621 2.93555 3.5
    endloop
  endfacet
  facet normal 0.749996 -0.661443 0
    outer loop
      vertex 24.8224 2.28863 8
      vertex 24.9263 2.40644 3.5
      vertex 24.9263 2.40644 8
    endloop
  endfacet
  facet normal 0.749996 -0.661443 0
    outer loop
      vertex 24.9263 2.40644 3.5
      vertex 24.8224 2.28863 8
      vertex 24.8224 2.28863 3.5
    endloop
  endfacet
  facet normal -0.279041 -0.960279 0
    outer loop
      vertex 22.2275 1.62236 3.5
      vertex 22.3783 1.57854 8
      vertex 22.2275 1.62236 8
    endloop
  endfacet
  facet normal -0.279041 -0.960279 -0
    outer loop
      vertex 22.3783 1.57854 8
      vertex 22.2275 1.62236 3.5
      vertex 22.3783 1.57854 3.5
    endloop
  endfacet
  facet normal -0.156365 -0.987699 0
    outer loop
      vertex 22.5315 1.54428 3.5
      vertex 22.6867 1.51971 8
      vertex 22.5315 1.54428 8
    endloop
  endfacet
  facet normal -0.156365 -0.987699 -0
    outer loop
      vertex 22.6867 1.51971 8
      vertex 22.5315 1.54428 3.5
      vertex 22.6867 1.51971 3.5
    endloop
  endfacet
  facet normal -0.562084 -0.82708 0
    outer loop
      vertex 21.5305 1.97746 3.5
      vertex 21.6604 1.88918 8
      vertex 21.5305 1.97746 8
    endloop
  endfacet
  facet normal -0.562084 -0.82708 -0
    outer loop
      vertex 21.6604 1.88918 8
      vertex 21.5305 1.97746 3.5
      vertex 21.6604 1.88918 3.5
    endloop
  endfacet
  facet normal -0.661331 -0.750094 0
    outer loop
      vertex 21.2886 2.17758 3.5
      vertex 21.4064 2.07372 8
      vertex 21.2886 2.17758 8
    endloop
  endfacet
  facet normal -0.661331 -0.750094 -0
    outer loop
      vertex 21.4064 2.07372 8
      vertex 21.2886 2.17758 3.5
      vertex 21.4064 2.07372 3.5
    endloop
  endfacet
  facet normal -0.453821 -0.891093 0
    outer loop
      vertex 21.7956 1.80923 3.5
      vertex 21.9356 1.73793 8
      vertex 21.7956 1.80923 8
    endloop
  endfacet
  facet normal -0.453821 -0.891093 -0
    outer loop
      vertex 21.9356 1.73793 8
      vertex 21.7956 1.80923 3.5
      vertex 21.9356 1.73793 3.5
    endloop
  endfacet
  facet normal -0.397214 -0.917726 0
    outer loop
      vertex 21.9356 1.73793 3.5
      vertex 22.0797 1.67556 8
      vertex 21.9356 1.73793 8
    endloop
  endfacet
  facet normal -0.397214 -0.917726 -0
    outer loop
      vertex 22.0797 1.67556 8
      vertex 21.9356 1.73793 3.5
      vertex 22.0797 1.67556 3.5
    endloop
  endfacet
  facet normal -0.976001 -0.217766 0
    outer loop
      vertex 20.5785 3.37827 3.5
      vertex 20.5443 3.53155 8
      vertex 20.5443 3.53155 3.5
    endloop
  endfacet
  facet normal -0.976001 -0.217766 0
    outer loop
      vertex 20.5443 3.53155 8
      vertex 20.5785 3.37827 3.5
      vertex 20.5785 3.37827 8
    endloop
  endfacet
  facet normal -0.99555 -0.0942382 0
    outer loop
      vertex 20.5197 3.68667 3.5
      vertex 20.5049 3.84302 8
      vertex 20.5049 3.84302 3.5
    endloop
  endfacet
  facet normal -0.99555 -0.0942382 0
    outer loop
      vertex 20.5049 3.84302 8
      vertex 20.5197 3.68667 3.5
      vertex 20.5197 3.68667 8
    endloop
  endfacet
  facet normal -0.917929 -0.396746 0
    outer loop
      vertex 20.7379 2.93555 3.5
      vertex 20.6756 3.07969 8
      vertex 20.6756 3.07969 3.5
    endloop
  endfacet
  facet normal -0.917929 -0.396746 0
    outer loop
      vertex 20.6756 3.07969 8
      vertex 20.7379 2.93555 3.5
      vertex 20.7379 2.93555 8
    endloop
  endfacet
  facet normal -0.960147 -0.279494 0
    outer loop
      vertex 20.6224 3.22746 3.5
      vertex 20.5785 3.37827 8
      vertex 20.5785 3.37827 3.5
    endloop
  endfacet
  facet normal -0.960147 -0.279494 0
    outer loop
      vertex 20.5785 3.37827 8
      vertex 20.6224 3.22746 3.5
      vertex 20.6224 3.22746 8
    endloop
  endfacet
  facet normal -0.860606 -0.509272 0
    outer loop
      vertex 20.8892 2.66043 3.5
      vertex 20.8092 2.79562 8
      vertex 20.8092 2.79562 3.5
    endloop
  endfacet
  facet normal -0.860606 -0.509272 0
    outer loop
      vertex 20.8092 2.79562 8
      vertex 20.8892 2.66043 3.5
      vertex 20.8892 2.66043 8
    endloop
  endfacet
  facet normal -0.790346 -0.612661 0
    outer loop
      vertex 21.0737 2.40644 3.5
      vertex 20.9775 2.53054 8
      vertex 20.9775 2.53054 3.5
    endloop
  endfacet
  facet normal -0.790346 -0.612661 0
    outer loop
      vertex 20.9775 2.53054 8
      vertex 21.0737 2.40644 3.5
      vertex 21.0737 2.40644 8
    endloop
  endfacet
  facet normal 0.99555 0.0942382 0
    outer loop
      vertex 25.4951 4.15698 8
      vertex 25.4803 4.31333 3.5
      vertex 25.4803 4.31333 8
    endloop
  endfacet
  facet normal 0.99555 0.0942382 0
    outer loop
      vertex 25.4803 4.31333 3.5
      vertex 25.4951 4.15698 8
      vertex 25.4951 4.15698 3.5
    endloop
  endfacet
  facet normal 0.453821 0.891093 -0
    outer loop
      vertex 24.2044 6.19077 3.5
      vertex 24.0644 6.26207 8
      vertex 24.2044 6.19077 8
    endloop
  endfacet
  facet normal 0.453821 0.891093 0
    outer loop
      vertex 24.0644 6.26207 8
      vertex 24.2044 6.19077 3.5
      vertex 24.0644 6.26207 3.5
    endloop
  endfacet
  facet normal 0.0313858 0.999507 0
    outer loop
      vertex 23.157 6.49507 8
      vertex 23 6.5 5
      vertex 23 6.5 8
    endloop
  endfacet
  facet normal 0.0313858 0.999507 -0
    outer loop
      vertex 23.157 6.49507 3.5
      vertex 23 6.5 5
      vertex 23.157 6.49507 8
    endloop
  endfacet
  facet normal 0.0313858 0.999507 0
    outer loop
      vertex 23 6.5 5
      vertex 23.157 6.49507 3.5
      vertex 23 6.5 3.5
    endloop
  endfacet
  facet normal 0 0 1
    outer loop
      vertex 25.4951 4.15698 8
      vertex 25.4951 3.84302 8
      vertex 25.5 4 8
    endloop
  endfacet
  facet normal 0 0 1
    outer loop
      vertex 25.4803 4.31333 8
      vertex 25.4951 3.84302 8
      vertex 25.4951 4.15698 8
    endloop
  endfacet
  facet normal 0 0 1
    outer loop
      vertex 25.4803 4.31333 8
      vertex 25.4803 3.68667 8
      vertex 25.4951 3.84302 8
    endloop
  endfacet
  facet normal 0 0 1
    outer loop
      vertex 25.4557 4.46845 8
      vertex 25.4803 3.68667 8
      vertex 25.4803 4.31333 8
    endloop
  endfacet
  facet normal 0 0 1
    outer loop
      vertex 25.4557 4.46845 8
      vertex 25.4557 3.53155 8
      vertex 25.4803 3.68667 8
    endloop
  endfacet
  facet normal 0 0 1
    outer loop
      vertex 25.4215 4.62172 8
      vertex 25.4557 3.53155 8
      vertex 25.4557 4.46845 8
    endloop
  endfacet
  facet normal 0 0 1
    outer loop
      vertex 25.4215 4.62172 8
      vertex 25.4215 3.37827 8
      vertex 25.4557 3.53155 8
    endloop
  endfacet
  facet normal 0 0 1
    outer loop
      vertex 25.3776 4.77254 8
      vertex 25.4215 3.37827 8
      vertex 25.4215 4.62172 8
    endloop
  endfacet
  facet normal 0 0 1
    outer loop
      vertex 25.3776 4.77254 8
      vertex 25.3776 3.22746 8
      vertex 25.4215 3.37827 8
    endloop
  endfacet
  facet normal 0 0 1
    outer loop
      vertex 25.3244 4.92031 8
      vertex 25.3776 3.22746 8
      vertex 25.3776 4.77254 8
    endloop
  endfacet
  facet normal 0 0 1
    outer loop
      vertex 25.3244 4.92031 8
      vertex 25.3244 3.07969 8
      vertex 25.3776 3.22746 8
    endloop
  endfacet
  facet normal 0 0 1
    outer loop
      vertex 25.2621 5.06445 8
      vertex 25.3244 3.07969 8
      vertex 25.3244 4.92031 8
    endloop
  endfacet
  facet normal 0 0 1
    outer loop
      vertex 25.2621 5.06445 8
      vertex 25.2621 2.93555 8
      vertex 25.3244 3.07969 8
    endloop
  endfacet
  facet normal 0 0 1
    outer loop
      vertex 25.1908 5.20438 8
      vertex 25.2621 2.93555 8
      vertex 25.2621 5.06445 8
    endloop
  endfacet
  facet normal 0 0 1
    outer loop
      vertex 25.1908 5.20438 8
      vertex 25.1908 2.79562 8
      vertex 25.2621 2.93555 8
    endloop
  endfacet
  facet normal 0 0 1
    outer loop
      vertex 25.1108 5.33957 8
      vertex 25.1908 2.79562 8
      vertex 25.1908 5.20438 8
    endloop
  endfacet
  facet normal 0 0 1
    outer loop
      vertex 25.1108 5.33957 8
      vertex 25.1108 2.66043 8
      vertex 25.1908 2.79562 8
    endloop
  endfacet
  facet normal 0 0 1
    outer loop
      vertex 25.0225 5.46946 8
      vertex 25.1108 2.66043 8
      vertex 25.1108 5.33957 8
    endloop
  endfacet
  facet normal 0 0 1
    outer loop
      vertex 25.0225 5.46946 8
      vertex 25.0225 2.53054 8
      vertex 25.1108 2.66043 8
    endloop
  endfacet
  facet normal 0 0 1
    outer loop
      vertex 24.9263 5.59356 8
      vertex 25.0225 2.53054 8
      vertex 25.0225 5.46946 8
    endloop
  endfacet
  facet normal 0 0 1
    outer loop
      vertex 24.9263 5.59356 8
      vertex 24.9263 2.40644 8
      vertex 25.0225 2.53054 8
    endloop
  endfacet
  facet normal 0 0 1
    outer loop
      vertex 24.8224 5.71137 8
      vertex 24.9263 2.40644 8
      vertex 24.9263 5.59356 8
    endloop
  endfacet
  facet normal 0 0 1
    outer loop
      vertex 24.8224 5.71137 8
      vertex 24.8224 2.28863 8
      vertex 24.9263 2.40644 8
    endloop
  endfacet
  facet normal 0 0 1
    outer loop
      vertex 24.7114 5.82242 8
      vertex 24.8224 2.28863 8
      vertex 24.8224 5.71137 8
    endloop
  endfacet
  facet normal 0 0 1
    outer loop
      vertex 24.7114 5.82242 8
      vertex 24.7114 2.17758 8
      vertex 24.8224 2.28863 8
    endloop
  endfacet
  facet normal 0 0 1
    outer loop
      vertex 24.5936 5.92628 8
      vertex 24.7114 2.17758 8
      vertex 24.7114 5.82242 8
    endloop
  endfacet
  facet normal 0 0 1
    outer loop
      vertex 24.5936 5.92628 8
      vertex 24.5936 2.07372 8
      vertex 24.7114 2.17758 8
    endloop
  endfacet
  facet normal 0 0 1
    outer loop
      vertex 24.4695 6.02254 8
      vertex 24.5936 2.07372 8
      vertex 24.5936 5.92628 8
    endloop
  endfacet
  facet normal 0 0 1
    outer loop
      vertex 24.4695 6.02254 8
      vertex 24.4695 1.97746 8
      vertex 24.5936 2.07372 8
    endloop
  endfacet
  facet normal 0 0 1
    outer loop
      vertex 24.3396 6.11082 8
      vertex 24.4695 1.97746 8
      vertex 24.4695 6.02254 8
    endloop
  endfacet
  facet normal 0 0 1
    outer loop
      vertex 24.3396 6.11082 8
      vertex 24.3396 1.88918 8
      vertex 24.4695 1.97746 8
    endloop
  endfacet
  facet normal 0 0 1
    outer loop
      vertex 24.2044 6.19077 8
      vertex 24.3396 1.88918 8
      vertex 24.3396 6.11082 8
    endloop
  endfacet
  facet normal 0 0 1
    outer loop
      vertex 24.2044 6.19077 8
      vertex 24.2044 1.80923 8
      vertex 24.3396 1.88918 8
    endloop
  endfacet
  facet normal 0 0 1
    outer loop
      vertex 24.0644 6.26207 8
      vertex 24.2044 1.80923 8
      vertex 24.2044 6.19077 8
    endloop
  endfacet
  facet normal 0 0 1
    outer loop
      vertex 24.0644 6.26207 8
      vertex 24.0644 1.73793 8
      vertex 24.2044 1.80923 8
    endloop
  endfacet
  facet normal 0 0 1
    outer loop
      vertex 23.9203 6.32444 8
      vertex 24.0644 1.73793 8
      vertex 24.0644 6.26207 8
    endloop
  endfacet
  facet normal 0 0 1
    outer loop
      vertex 23.9203 6.32444 8
      vertex 23.9203 1.67556 8
      vertex 24.0644 1.73793 8
    endloop
  endfacet
  facet normal 0 0 1
    outer loop
      vertex 23.7725 6.37764 8
      vertex 23.9203 1.67556 8
      vertex 23.9203 6.32444 8
    endloop
  endfacet
  facet normal 0 0 1
    outer loop
      vertex 23.7725 6.37764 8
      vertex 23.7725 1.62236 8
      vertex 23.9203 1.67556 8
    endloop
  endfacet
  facet normal 0 0 1
    outer loop
      vertex 23.6217 6.42146 8
      vertex 23.7725 1.62236 8
      vertex 23.7725 6.37764 8
    endloop
  endfacet
  facet normal 0 0 1
    outer loop
      vertex 23.6217 6.42146 8
      vertex 23.6217 1.57854 8
      vertex 23.7725 1.62236 8
    endloop
  endfacet
  facet normal 0 0 1
    outer loop
      vertex 23.4685 6.45572 8
      vertex 23.6217 1.57854 8
      vertex 23.6217 6.42146 8
    endloop
  endfacet
  facet normal 0 0 1
    outer loop
      vertex 23.4685 6.45572 8
      vertex 23.4685 1.54428 8
      vertex 23.6217 1.57854 8
    endloop
  endfacet
  facet normal 0 0 1
    outer loop
      vertex 23.3133 6.48029 8
      vertex 23.4685 1.54428 8
      vertex 23.4685 6.45572 8
    endloop
  endfacet
  facet normal 0 0 1
    outer loop
      vertex 23.3133 6.48029 8
      vertex 23.3133 1.51971 8
      vertex 23.4685 1.54428 8
    endloop
  endfacet
  facet normal 0 0 1
    outer loop
      vertex 23.157 6.49507 8
      vertex 23.3133 1.51971 8
      vertex 23.3133 6.48029 8
    endloop
  endfacet
  facet normal 0 0 1
    outer loop
      vertex 23.157 6.49507 8
      vertex 23.157 1.50493 8
      vertex 23.3133 1.51971 8
    endloop
  endfacet
  facet normal 0 0 1
    outer loop
      vertex 23 6.5 8
      vertex 23.157 1.50493 8
      vertex 23.157 6.49507 8
    endloop
  endfacet
  facet normal 0 0 1
    outer loop
      vertex 23 6.5 8
      vertex 23 1.5 8
      vertex 23.157 1.50493 8
    endloop
  endfacet
  facet normal -0 0 1
    outer loop
      vertex 22.843 6.49507 8
      vertex 23 1.5 8
      vertex 23 6.5 8
    endloop
  endfacet
  facet normal 0 0 1
    outer loop
      vertex 22.843 6.49507 8
      vertex 22.843 1.50493 8
      vertex 23 1.5 8
    endloop
  endfacet
  facet normal -0 0 1
    outer loop
      vertex 22.6867 6.48029 8
      vertex 22.843 1.50493 8
      vertex 22.843 6.49507 8
    endloop
  endfacet
  facet normal 0 0 1
    outer loop
      vertex 22.6867 6.48029 8
      vertex 22.6867 1.51971 8
      vertex 22.843 1.50493 8
    endloop
  endfacet
  facet normal -0 0 1
    outer loop
      vertex 22.5315 6.45572 8
      vertex 22.6867 1.51971 8
      vertex 22.6867 6.48029 8
    endloop
  endfacet
  facet normal 0 0 1
    outer loop
      vertex 22.5315 6.45572 8
      vertex 22.5315 1.54428 8
      vertex 22.6867 1.51971 8
    endloop
  endfacet
  facet normal -0 0 1
    outer loop
      vertex 22.3783 6.42146 8
      vertex 22.5315 1.54428 8
      vertex 22.5315 6.45572 8
    endloop
  endfacet
  facet normal 0 0 1
    outer loop
      vertex 22.3783 6.42146 8
      vertex 22.3783 1.57854 8
      vertex 22.5315 1.54428 8
    endloop
  endfacet
  facet normal -0 0 1
    outer loop
      vertex 22.2275 6.37764 8
      vertex 22.3783 1.57854 8
      vertex 22.3783 6.42146 8
    endloop
  endfacet
  facet normal 0 0 1
    outer loop
      vertex 22.2275 6.37764 8
      vertex 22.2275 1.62236 8
      vertex 22.3783 1.57854 8
    endloop
  endfacet
  facet normal -0 0 1
    outer loop
      vertex 22.0797 6.32444 8
      vertex 22.2275 1.62236 8
      vertex 22.2275 6.37764 8
    endloop
  endfacet
  facet normal 0 0 1
    outer loop
      vertex 22.0797 6.32444 8
      vertex 22.0797 1.67556 8
      vertex 22.2275 1.62236 8
    endloop
  endfacet
  facet normal -0 0 1
    outer loop
      vertex 21.9356 6.26207 8
      vertex 22.0797 1.67556 8
      vertex 22.0797 6.32444 8
    endloop
  endfacet
  facet normal 0 0 1
    outer loop
      vertex 21.9356 6.26207 8
      vertex 21.9356 1.73793 8
      vertex 22.0797 1.67556 8
    endloop
  endfacet
  facet normal -0 0 1
    outer loop
      vertex 21.7956 6.19077 8
      vertex 21.9356 1.73793 8
      vertex 21.9356 6.26207 8
    endloop
  endfacet
  facet normal 0 0 1
    outer loop
      vertex 21.7956 6.19077 8
      vertex 21.7956 1.80923 8
      vertex 21.9356 1.73793 8
    endloop
  endfacet
  facet normal -0 0 1
    outer loop
      vertex 21.6604 6.11082 8
      vertex 21.7956 1.80923 8
      vertex 21.7956 6.19077 8
    endloop
  endfacet
  facet normal 0 0 1
    outer loop
      vertex 21.6604 6.11082 8
      vertex 21.6604 1.88918 8
      vertex 21.7956 1.80923 8
    endloop
  endfacet
  facet normal -0 0 1
    outer loop
      vertex 21.5305 6.02254 8
      vertex 21.6604 1.88918 8
      vertex 21.6604 6.11082 8
    endloop
  endfacet
  facet normal 0 0 1
    outer loop
      vertex 21.5305 6.02254 8
      vertex 21.5305 1.97746 8
      vertex 21.6604 1.88918 8
    endloop
  endfacet
  facet normal -0 0 1
    outer loop
      vertex 21.4064 5.92628 8
      vertex 21.5305 1.97746 8
      vertex 21.5305 6.02254 8
    endloop
  endfacet
  facet normal 0 0 1
    outer loop
      vertex 21.4064 5.92628 8
      vertex 21.4064 2.07372 8
      vertex 21.5305 1.97746 8
    endloop
  endfacet
  facet normal -0 0 1
    outer loop
      vertex 21.2886 5.82242 8
      vertex 21.4064 2.07372 8
      vertex 21.4064 5.92628 8
    endloop
  endfacet
  facet normal 0 0 1
    outer loop
      vertex 21.2886 5.82242 8
      vertex 21.2886 2.17758 8
      vertex 21.4064 2.07372 8
    endloop
  endfacet
  facet normal -0 0 1
    outer loop
      vertex 21.1776 5.71137 8
      vertex 21.2886 2.17758 8
      vertex 21.2886 5.82242 8
    endloop
  endfacet
  facet normal 0 0 1
    outer loop
      vertex 21.1776 5.71137 8
      vertex 21.1776 2.28863 8
      vertex 21.2886 2.17758 8
    endloop
  endfacet
  facet normal -0 0 1
    outer loop
      vertex 21.0737 5.59356 8
      vertex 21.1776 2.28863 8
      vertex 21.1776 5.71137 8
    endloop
  endfacet
  facet normal 0 0 1
    outer loop
      vertex 21.0737 5.59356 8
      vertex 21.0737 2.40644 8
      vertex 21.1776 2.28863 8
    endloop
  endfacet
  facet normal -0 0 1
    outer loop
      vertex 20.9775 5.46946 8
      vertex 21.0737 2.40644 8
      vertex 21.0737 5.59356 8
    endloop
  endfacet
  facet normal 0 0 1
    outer loop
      vertex 20.9775 5.46946 8
      vertex 20.9775 2.53054 8
      vertex 21.0737 2.40644 8
    endloop
  endfacet
  facet normal -0 0 1
    outer loop
      vertex 20.8892 5.33957 8
      vertex 20.9775 2.53054 8
      vertex 20.9775 5.46946 8
    endloop
  endfacet
  facet normal 0 0 1
    outer loop
      vertex 20.8892 5.33957 8
      vertex 20.8892 2.66043 8
      vertex 20.9775 2.53054 8
    endloop
  endfacet
  facet normal -0 0 1
    outer loop
      vertex 20.8092 5.20438 8
      vertex 20.8892 2.66043 8
      vertex 20.8892 5.33957 8
    endloop
  endfacet
  facet normal 0 0 1
    outer loop
      vertex 20.8092 5.20438 8
      vertex 20.8092 2.79562 8
      vertex 20.8892 2.66043 8
    endloop
  endfacet
  facet normal -0 0 1
    outer loop
      vertex 20.7379 5.06445 8
      vertex 20.8092 2.79562 8
      vertex 20.8092 5.20438 8
    endloop
  endfacet
  facet normal 0 0 1
    outer loop
      vertex 20.7379 5.06445 8
      vertex 20.7379 2.93555 8
      vertex 20.8092 2.79562 8
    endloop
  endfacet
  facet normal -0 0 1
    outer loop
      vertex 20.6756 4.92031 8
      vertex 20.7379 2.93555 8
      vertex 20.7379 5.06445 8
    endloop
  endfacet
  facet normal 0 0 1
    outer loop
      vertex 20.6756 4.92031 8
      vertex 20.6756 3.07969 8
      vertex 20.7379 2.93555 8
    endloop
  endfacet
  facet normal -0 0 1
    outer loop
      vertex 20.6224 4.77254 8
      vertex 20.6756 3.07969 8
      vertex 20.6756 4.92031 8
    endloop
  endfacet
  facet normal 0 0 1
    outer loop
      vertex 20.6224 4.77254 8
      vertex 20.6224 3.22746 8
      vertex 20.6756 3.07969 8
    endloop
  endfacet
  facet normal -0 0 1
    outer loop
      vertex 20.5785 4.62172 8
      vertex 20.6224 3.22746 8
      vertex 20.6224 4.77254 8
    endloop
  endfacet
  facet normal 0 0 1
    outer loop
      vertex 20.5785 4.62172 8
      vertex 20.5785 3.37827 8
      vertex 20.6224 3.22746 8
    endloop
  endfacet
  facet normal -0 0 1
    outer loop
      vertex 20.5443 4.46845 8
      vertex 20.5785 3.37827 8
      vertex 20.5785 4.62172 8
    endloop
  endfacet
  facet normal 0 0 1
    outer loop
      vertex 20.5443 4.46845 8
      vertex 20.5443 3.53155 8
      vertex 20.5785 3.37827 8
    endloop
  endfacet
  facet normal -0 0 1
    outer loop
      vertex 20.5197 4.31333 8
      vertex 20.5443 3.53155 8
      vertex 20.5443 4.46845 8
    endloop
  endfacet
  facet normal 0 0 1
    outer loop
      vertex 20.5197 4.31333 8
      vertex 20.5197 3.68667 8
      vertex 20.5443 3.53155 8
    endloop
  endfacet
  facet normal -0 0 1
    outer loop
      vertex 20.5049 4.15698 8
      vertex 20.5197 3.68667 8
      vertex 20.5197 4.31333 8
    endloop
  endfacet
  facet normal 0 0 1
    outer loop
      vertex 20.5049 4.15698 8
      vertex 20.5049 3.84302 8
      vertex 20.5197 3.68667 8
    endloop
  endfacet
  facet normal 0 -0 1
    outer loop
      vertex 20.5049 3.84302 8
      vertex 20.5049 4.15698 8
      vertex 20.5 4 8
    endloop
  endfacet
  facet normal 0.987657 -0.15663 0
    outer loop
      vertex 25.4557 3.53155 8
      vertex 25.4803 3.68667 3.5
      vertex 25.4803 3.68667 8
    endloop
  endfacet
  facet normal 0.987657 -0.15663 0
    outer loop
      vertex 25.4803 3.68667 3.5
      vertex 25.4557 3.53155 8
      vertex 25.4557 3.53155 3.5
    endloop
  endfacet
  facet normal 0.338674 -0.940904 0
    outer loop
      vertex 23.7725 1.62236 3.5
      vertex 23.9203 1.67556 8
      vertex 23.7725 1.62236 8
    endloop
  endfacet
  facet normal 0.338674 -0.940904 0
    outer loop
      vertex 23.9203 1.67556 8
      vertex 23.7725 1.62236 3.5
      vertex 23.9203 1.67556 3.5
    endloop
  endfacet
  facet normal 0.661331 -0.750094 0
    outer loop
      vertex 24.5936 2.07372 3.5
      vertex 24.7114 2.17758 8
      vertex 24.5936 2.07372 8
    endloop
  endfacet
  facet normal 0.661331 -0.750094 0
    outer loop
      vertex 24.7114 2.17758 8
      vertex 24.5936 2.07372 3.5
      vertex 24.7114 2.17758 3.5
    endloop
  endfacet
  facet normal -0.218239 -0.975895 0
    outer loop
      vertex 22.3783 1.57854 3.5
      vertex 22.5315 1.54428 8
      vertex 22.3783 1.57854 8
    endloop
  endfacet
  facet normal -0.218239 -0.975895 -0
    outer loop
      vertex 22.5315 1.54428 8
      vertex 22.3783 1.57854 3.5
      vertex 22.5315 1.54428 3.5
    endloop
  endfacet
  facet normal -0.0941418 -0.995559 0
    outer loop
      vertex 22.6867 1.51971 3.5
      vertex 22.843 1.50493 8
      vertex 22.6867 1.51971 8
    endloop
  endfacet
  facet normal -0.0941418 -0.995559 -0
    outer loop
      vertex 22.843 1.50493 8
      vertex 22.6867 1.51971 3.5
      vertex 22.843 1.50493 3.5
    endloop
  endfacet
  facet normal -0.6129 -0.790161 0
    outer loop
      vertex 21.4064 2.07372 3.5
      vertex 21.5305 1.97746 8
      vertex 21.4064 2.07372 8
    endloop
  endfacet
  facet normal -0.6129 -0.790161 -0
    outer loop
      vertex 21.5305 1.97746 8
      vertex 21.4064 2.07372 3.5
      vertex 21.5305 1.97746 3.5
    endloop
  endfacet
  facet normal -0.987657 -0.15663 0
    outer loop
      vertex 20.5443 3.53155 3.5
      vertex 20.5197 3.68667 8
      vertex 20.5197 3.68667 3.5
    endloop
  endfacet
  facet normal -0.987657 -0.15663 0
    outer loop
      vertex 20.5197 3.68667 8
      vertex 20.5443 3.53155 3.5
      vertex 20.5443 3.53155 8
    endloop
  endfacet
  facet normal -0.940882 -0.338735 0
    outer loop
      vertex 20.6756 3.07969 3.5
      vertex 20.6224 3.22746 8
      vertex 20.6224 3.22746 3.5
    endloop
  endfacet
  facet normal -0.940882 -0.338735 0
    outer loop
      vertex 20.6224 3.22746 8
      vertex 20.6756 3.07969 3.5
      vertex 20.6756 3.07969 8
    endloop
  endfacet
  facet normal -0.827001 -0.5622 0
    outer loop
      vertex 20.9775 2.53054 3.5
      vertex 20.8892 2.66043 8
      vertex 20.8892 2.66043 3.5
    endloop
  endfacet
  facet normal -0.827001 -0.5622 0
    outer loop
      vertex 20.8892 2.66043 8
      vertex 20.9775 2.53054 3.5
      vertex 20.9775 2.53054 8
    endloop
  endfacet
  facet normal -0.749996 -0.661443 0
    outer loop
      vertex 21.1776 2.28863 3.5
      vertex 21.0737 2.40644 8
      vertex 21.0737 2.40644 3.5
    endloop
  endfacet
  facet normal -0.749996 -0.661443 0
    outer loop
      vertex 21.0737 2.40644 8
      vertex 21.1776 2.28863 3.5
      vertex 21.1776 2.28863 8
    endloop
  endfacet
  facet normal 0.99555 -0.0942382 0
    outer loop
      vertex 25.4803 3.68667 8
      vertex 25.4951 3.84302 3.5
      vertex 25.4951 3.84302 8
    endloop
  endfacet
  facet normal 0.99555 -0.0942382 0
    outer loop
      vertex 25.4951 3.84302 3.5
      vertex 25.4803 3.68667 8
      vertex 25.4803 3.68667 3.5
    endloop
  endfacet
  facet normal 0.976001 -0.217766 0
    outer loop
      vertex 25.4215 3.37827 8
      vertex 25.4557 3.53155 3.5
      vertex 25.4557 3.53155 8
    endloop
  endfacet
  facet normal 0.976001 -0.217766 0
    outer loop
      vertex 25.4557 3.53155 3.5
      vertex 25.4215 3.37827 8
      vertex 25.4215 3.37827 3.5
    endloop
  endfacet
  facet normal 0 1 -0
    outer loop
      vertex 27 14.25 0
      vertex 19 14.25 3.5
      vertex 27 14.25 3.5
    endloop
  endfacet
  facet normal 0 1 0
    outer loop
      vertex 19 14.25 3.5
      vertex 27 14.25 0
      vertex 19 14.25 0
    endloop
  endfacet
  facet normal -0.338674 -0.940904 0
    outer loop
      vertex 22.0797 7.92556 3.5
      vertex 22.2275 7.87236 8
      vertex 22.0797 7.92556 8
    endloop
  endfacet
  facet normal -0.338674 -0.940904 -0
    outer loop
      vertex 22.2275 7.87236 8
      vertex 22.0797 7.92556 3.5
      vertex 22.2275 7.87236 3.5
    endloop
  endfacet
  facet normal 0.562171 0.827021 -0
    outer loop
      vertex 24.4695 12.2725 3.5
      vertex 24.3396 12.3608 8
      vertex 24.4695 12.2725 8
    endloop
  endfacet
  facet normal 0.562171 0.827021 0
    outer loop
      vertex 24.3396 12.3608 8
      vertex 24.4695 12.2725 3.5
      vertex 24.3396 12.3608 3.5
    endloop
  endfacet
  facet normal -0.396839 0.917888 0
    outer loop
      vertex 22.0797 12.5744 3.5
      vertex 21.9356 12.5121 8
      vertex 22.0797 12.5744 8
    endloop
  endfacet
  facet normal -0.396839 0.917888 0
    outer loop
      vertex 21.9356 12.5121 8
      vertex 22.0797 12.5744 3.5
      vertex 21.9356 12.5121 3.5
    endloop
  endfacet
  facet normal -0.891001 -0.454001 0
    outer loop
      vertex 20.8092 9.04562 3.5
      vertex 20.7379 9.18555 8
      vertex 20.7379 9.18555 3.5
    endloop
  endfacet
  facet normal -0.891001 -0.454001 0
    outer loop
      vertex 20.7379 9.18555 8
      vertex 20.8092 9.04562 3.5
      vertex 20.8092 9.04562 8
    endloop
  endfacet
  facet normal 0.975977 0.217875 0
    outer loop
      vertex 25.4557 10.7185 8
      vertex 25.4215 10.8717 3.5
      vertex 25.4215 10.8717 8
    endloop
  endfacet
  facet normal 0.975977 0.217875 0
    outer loop
      vertex 25.4215 10.8717 3.5
      vertex 25.4557 10.7185 8
      vertex 25.4557 10.7185 3.5
    endloop
  endfacet
  facet normal 0.960142 0.279511 0
    outer loop
      vertex 25.4215 10.8717 8
      vertex 25.3776 11.0225 3.5
      vertex 25.3776 11.0225 8
    endloop
  endfacet
  facet normal 0.960142 0.279511 0
    outer loop
      vertex 25.3776 11.0225 3.5
      vertex 25.4215 10.8717 8
      vertex 25.4215 10.8717 3.5
    endloop
  endfacet
  facet normal 0.790346 0.612661 0
    outer loop
      vertex 25.0225 11.7195 8
      vertex 24.9263 11.8436 3.5
      vertex 24.9263 11.8436 8
    endloop
  endfacet
  facet normal 0.790346 0.612661 0
    outer loop
      vertex 24.9263 11.8436 3.5
      vertex 25.0225 11.7195 8
      vertex 25.0225 11.7195 3.5
    endloop
  endfacet
  facet normal 0.509244 0.860622 -0
    outer loop
      vertex 24.3396 12.3608 3.5
      vertex 24.2044 12.4408 8
      vertex 24.3396 12.3608 8
    endloop
  endfacet
  facet normal 0.509244 0.860622 0
    outer loop
      vertex 24.2044 12.4408 8
      vertex 24.3396 12.3608 3.5
      vertex 24.2044 12.4408 3.5
    endloop
  endfacet
  facet normal -0.999513 0.031195 0
    outer loop
      vertex 20.5 10.25 3.5
      vertex 20.5049 10.407 8
      vertex 20.5049 10.407 3.5
    endloop
  endfacet
  facet normal -0.999513 0.031195 0
    outer loop
      vertex 20.5049 10.407 8
      vertex 20.5 10.25 3.5
      vertex 20.5 10.25 8
    endloop
  endfacet
  facet normal -0.891093 0.453821 0
    outer loop
      vertex 20.7379 11.3144 3.5
      vertex 20.8092 11.4544 8
      vertex 20.8092 11.4544 3.5
    endloop
  endfacet
  facet normal -0.891093 0.453821 0
    outer loop
      vertex 20.8092 11.4544 8
      vertex 20.7379 11.3144 3.5
      vertex 20.7379 11.3144 8
    endloop
  endfacet
  facet normal -0.612661 0.790346 0
    outer loop
      vertex 21.5305 12.2725 3.5
      vertex 21.4064 12.1763 8
      vertex 21.5305 12.2725 8
    endloop
  endfacet
  facet normal -0.612661 0.790346 0
    outer loop
      vertex 21.4064 12.1763 8
      vertex 21.5305 12.2725 3.5
      vertex 21.4064 12.1763 3.5
    endloop
  endfacet
  facet normal 0.891001 -0.454001 0
    outer loop
      vertex 25.1908 9.04562 8
      vertex 25.2621 9.18555 3.5
      vertex 25.2621 9.18555 8
    endloop
  endfacet
  facet normal 0.891001 -0.454001 0
    outer loop
      vertex 25.2621 9.18555 3.5
      vertex 25.1908 9.04562 8
      vertex 25.1908 9.04562 3.5
    endloop
  endfacet
  facet normal 0.279041 -0.960279 0
    outer loop
      vertex 23.6217 7.82854 3.5
      vertex 23.7725 7.87236 8
      vertex 23.6217 7.82854 8
    endloop
  endfacet
  facet normal 0.279041 -0.960279 0
    outer loop
      vertex 23.7725 7.87236 8
      vertex 23.6217 7.82854 3.5
      vertex 23.7725 7.87236 3.5
    endloop
  endfacet
  facet normal 0.707266 -0.706948 0
    outer loop
      vertex 24.7114 8.42758 8
      vertex 24.8224 8.53863 3.5
      vertex 24.8224 8.53863 8
    endloop
  endfacet
  facet normal 0.707266 -0.706948 0
    outer loop
      vertex 24.8224 8.53863 3.5
      vertex 24.7114 8.42758 8
      vertex 24.7114 8.42758 3.5
    endloop
  endfacet
  facet normal 0.917888 0.396839 0
    outer loop
      vertex 25.3244 11.1703 8
      vertex 25.2621 11.3144 3.5
      vertex 25.2621 11.3144 8
    endloop
  endfacet
  facet normal 0.917888 0.396839 0
    outer loop
      vertex 25.2621 11.3144 3.5
      vertex 25.3244 11.1703 8
      vertex 25.3244 11.1703 3.5
    endloop
  endfacet
  facet normal 0.891093 0.453821 0
    outer loop
      vertex 25.2621 11.3144 8
      vertex 25.1908 11.4544 3.5
      vertex 25.1908 11.4544 8
    endloop
  endfacet
  facet normal 0.891093 0.453821 0
    outer loop
      vertex 25.1908 11.4544 3.5
      vertex 25.2621 11.3144 8
      vertex 25.2621 11.3144 3.5
    endloop
  endfacet
  facet normal 0.707107 0.707107 0
    outer loop
      vertex 24.8224 11.9614 8
      vertex 24.7114 12.0724 3.5
      vertex 24.7114 12.0724 8
    endloop
  endfacet
  facet normal 0.707107 0.707107 0
    outer loop
      vertex 24.7114 12.0724 3.5
      vertex 24.8224 11.9614 8
      vertex 24.8224 11.9614 3.5
    endloop
  endfacet
  facet normal 0.217875 0.975977 -0
    outer loop
      vertex 23.6217 12.6715 3.5
      vertex 23.4685 12.7057 8
      vertex 23.6217 12.6715 8
    endloop
  endfacet
  facet normal 0.217875 0.975977 0
    outer loop
      vertex 23.4685 12.7057 8
      vertex 23.6217 12.6715 3.5
      vertex 23.4685 12.7057 3.5
    endloop
  endfacet
  facet normal 0.338674 0.940904 -0
    outer loop
      vertex 23.9203 12.5744 3.5
      vertex 23.7725 12.6276 8
      vertex 23.9203 12.5744 8
    endloop
  endfacet
  facet normal 0.338674 0.940904 0
    outer loop
      vertex 23.7725 12.6276 8
      vertex 23.9203 12.5744 3.5
      vertex 23.7725 12.6276 3.5
    endloop
  endfacet
  facet normal 0.094268 0.995547 -0
    outer loop
      vertex 23.3133 12.7303 3.5
      vertex 23.157 12.7451 8
      vertex 23.3133 12.7303 8
    endloop
  endfacet
  facet normal 0.094268 0.995547 0
    outer loop
      vertex 23.157 12.7451 8
      vertex 23.3133 12.7303 3.5
      vertex 23.157 12.7451 3.5
    endloop
  endfacet
  facet normal -0.975977 0.217875 0
    outer loop
      vertex 20.5443 10.7185 3.5
      vertex 20.5785 10.8717 8
      vertex 20.5785 10.8717 3.5
    endloop
  endfacet
  facet normal -0.975977 0.217875 0
    outer loop
      vertex 20.5785 10.8717 8
      vertex 20.5443 10.7185 3.5
      vertex 20.5443 10.7185 8
    endloop
  endfacet
  facet normal -0.940904 0.338674 0
    outer loop
      vertex 20.6224 11.0225 3.5
      vertex 20.6756 11.1703 8
      vertex 20.6756 11.1703 3.5
    endloop
  endfacet
  facet normal -0.940904 0.338674 0
    outer loop
      vertex 20.6756 11.1703 8
      vertex 20.6224 11.0225 3.5
      vertex 20.6224 11.0225 8
    endloop
  endfacet
  facet normal -0.995547 0.094268 0
    outer loop
      vertex 20.5049 10.407 3.5
      vertex 20.5197 10.5633 8
      vertex 20.5197 10.5633 3.5
    endloop
  endfacet
  facet normal -0.995547 0.094268 0
    outer loop
      vertex 20.5197 10.5633 8
      vertex 20.5049 10.407 3.5
      vertex 20.5049 10.407 8
    endloop
  endfacet
  facet normal -0.790346 0.612661 0
    outer loop
      vertex 20.9775 11.7195 3.5
      vertex 21.0737 11.8436 8
      vertex 21.0737 11.8436 3.5
    endloop
  endfacet
  facet normal -0.790346 0.612661 0
    outer loop
      vertex 21.0737 11.8436 8
      vertex 20.9775 11.7195 3.5
      vertex 20.9775 11.7195 8
    endloop
  endfacet
  facet normal -0.827021 0.562171 0
    outer loop
      vertex 20.8892 11.5896 3.5
      vertex 20.9775 11.7195 8
      vertex 20.9775 11.7195 3.5
    endloop
  endfacet
  facet normal -0.827021 0.562171 0
    outer loop
      vertex 20.9775 11.7195 8
      vertex 20.8892 11.5896 3.5
      vertex 20.8892 11.5896 8
    endloop
  endfacet
  facet normal -0.156551 0.98767 0
    outer loop
      vertex 22.6867 12.7303 3.5
      vertex 22.5315 12.7057 8
      vertex 22.6867 12.7303 8
    endloop
  endfacet
  facet normal -0.156551 0.98767 0
    outer loop
      vertex 22.5315 12.7057 8
      vertex 22.6867 12.7303 3.5
      vertex 22.5315 12.7057 3.5
    endloop
  endfacet
  facet normal -0.338674 0.940904 0
    outer loop
      vertex 22.2275 12.6276 3.5
      vertex 22.0797 12.5744 8
      vertex 22.2275 12.6276 8
    endloop
  endfacet
  facet normal -0.338674 0.940904 0
    outer loop
      vertex 22.0797 12.5744 8
      vertex 22.2275 12.6276 3.5
      vertex 22.0797 12.5744 3.5
    endloop
  endfacet
  facet normal -0.217875 0.975977 0
    outer loop
      vertex 22.5315 12.7057 3.5
      vertex 22.3783 12.6715 8
      vertex 22.5315 12.7057 8
    endloop
  endfacet
  facet normal -0.217875 0.975977 0
    outer loop
      vertex 22.3783 12.6715 8
      vertex 22.5315 12.7057 3.5
      vertex 22.3783 12.6715 3.5
    endloop
  endfacet
  facet normal -0.453821 0.891093 0
    outer loop
      vertex 21.9356 12.5121 3.5
      vertex 21.7956 12.4408 8
      vertex 21.9356 12.5121 8
    endloop
  endfacet
  facet normal -0.453821 0.891093 0
    outer loop
      vertex 21.7956 12.4408 8
      vertex 21.9356 12.5121 3.5
      vertex 21.7956 12.4408 3.5
    endloop
  endfacet
  facet normal -0.707107 0.707107 0
    outer loop
      vertex 21.1776 11.9614 3.5
      vertex 21.2886 12.0724 8
      vertex 21.2886 12.0724 3.5
    endloop
  endfacet
  facet normal -0.707107 0.707107 0
    outer loop
      vertex 21.2886 12.0724 8
      vertex 21.1776 11.9614 3.5
      vertex 21.1776 11.9614 8
    endloop
  endfacet
  facet normal 0.999513 -0.031195 0
    outer loop
      vertex 25.4951 10.093 8
      vertex 25.5 10.25 3.5
      vertex 25.5 10.25 8
    endloop
  endfacet
  facet normal 0.999513 -0.031195 0
    outer loop
      vertex 25.5 10.25 3.5
      vertex 25.4951 10.093 8
      vertex 25.4951 10.093 3.5
    endloop
  endfacet
  facet normal 0.940882 -0.338735 0
    outer loop
      vertex 25.3244 9.32969 8
      vertex 25.3776 9.47746 3.5
      vertex 25.3776 9.47746 8
    endloop
  endfacet
  facet normal 0.940882 -0.338735 0
    outer loop
      vertex 25.3776 9.47746 3.5
      vertex 25.3244 9.32969 8
      vertex 25.3244 9.32969 3.5
    endloop
  endfacet
  facet normal 0.218239 -0.975895 0
    outer loop
      vertex 23.4685 7.79428 3.5
      vertex 23.6217 7.82854 8
      vertex 23.4685 7.79428 8
    endloop
  endfacet
  facet normal 0.218239 -0.975895 0
    outer loop
      vertex 23.6217 7.82854 8
      vertex 23.4685 7.79428 3.5
      vertex 23.6217 7.82854 3.5
    endloop
  endfacet
  facet normal 0.453821 -0.891093 0
    outer loop
      vertex 24.0644 7.98793 3.5
      vertex 24.2044 8.05923 8
      vertex 24.0644 7.98793 8
    endloop
  endfacet
  facet normal 0.453821 -0.891093 0
    outer loop
      vertex 24.2044 8.05923 8
      vertex 24.0644 7.98793 3.5
      vertex 24.2044 8.05923 3.5
    endloop
  endfacet
  facet normal 0.790346 -0.612661 0
    outer loop
      vertex 24.9263 8.65644 8
      vertex 25.0225 8.78054 3.5
      vertex 25.0225 8.78054 8
    endloop
  endfacet
  facet normal 0.790346 -0.612661 0
    outer loop
      vertex 25.0225 8.78054 3.5
      vertex 24.9263 8.65644 8
      vertex 24.9263 8.65644 3.5
    endloop
  endfacet
  facet normal 0.860606 -0.509272 0
    outer loop
      vertex 25.1108 8.91043 8
      vertex 25.1908 9.04562 3.5
      vertex 25.1908 9.04562 8
    endloop
  endfacet
  facet normal 0.860606 -0.509272 0
    outer loop
      vertex 25.1908 9.04562 3.5
      vertex 25.1108 8.91043 8
      vertex 25.1108 8.91043 3.5
    endloop
  endfacet
  facet normal 0.827001 -0.5622 0
    outer loop
      vertex 25.0225 8.78054 8
      vertex 25.1108 8.91043 3.5
      vertex 25.1108 8.91043 8
    endloop
  endfacet
  facet normal 0.827001 -0.5622 0
    outer loop
      vertex 25.1108 8.91043 3.5
      vertex 25.0225 8.78054 8
      vertex 25.0225 8.78054 3.5
    endloop
  endfacet
  facet normal 0.0313858 -0.999507 0
    outer loop
      vertex 23 7.75 5
      vertex 23.157 7.75493 8
      vertex 23 7.75 8
    endloop
  endfacet
  facet normal 0.0313858 -0.999507 0
    outer loop
      vertex 23.157 7.75493 3.5
      vertex 23 7.75 5
      vertex 23 7.75 3.5
    endloop
  endfacet
  facet normal 0.0313858 -0.999507 0
    outer loop
      vertex 23 7.75 5
      vertex 23.157 7.75493 3.5
      vertex 23.157 7.75493 8
    endloop
  endfacet
  facet normal -0.0313858 -0.999507 0
    outer loop
      vertex 22.843 7.75493 8
      vertex 23 7.75 5
      vertex 23 7.75 8
    endloop
  endfacet
  facet normal -0.0313858 -0.999507 0
    outer loop
      vertex 22.843 7.75493 3.5
      vertex 23 7.75 5
      vertex 22.843 7.75493 8
    endloop
  endfacet
  facet normal -0.0313858 -0.999507 -0
    outer loop
      vertex 23 7.75 5
      vertex 22.843 7.75493 3.5
      vertex 23 7.75 3.5
    endloop
  endfacet
  facet normal -0.509008 -0.860762 0
    outer loop
      vertex 21.6604 8.13918 3.5
      vertex 21.7956 8.05923 8
      vertex 21.6604 8.13918 8
    endloop
  endfacet
  facet normal -0.509008 -0.860762 -0
    outer loop
      vertex 21.7956 8.05923 8
      vertex 21.6604 8.13918 3.5
      vertex 21.7956 8.05923 3.5
    endloop
  endfacet
  facet normal -0.707266 -0.706948 0
    outer loop
      vertex 21.2886 8.42758 3.5
      vertex 21.1776 8.53863 8
      vertex 21.1776 8.53863 3.5
    endloop
  endfacet
  facet normal -0.707266 -0.706948 0
    outer loop
      vertex 21.1776 8.53863 8
      vertex 21.2886 8.42758 3.5
      vertex 21.2886 8.42758 8
    endloop
  endfacet
  facet normal 0.98767 0.156551 0
    outer loop
      vertex 25.4803 10.5633 8
      vertex 25.4557 10.7185 3.5
      vertex 25.4557 10.7185 8
    endloop
  endfacet
  facet normal 0.98767 0.156551 0
    outer loop
      vertex 25.4557 10.7185 3.5
      vertex 25.4803 10.5633 8
      vertex 25.4803 10.5633 3.5
    endloop
  endfacet
  facet normal 0.940904 0.338674 0
    outer loop
      vertex 25.3776 11.0225 8
      vertex 25.3244 11.1703 3.5
      vertex 25.3244 11.1703 8
    endloop
  endfacet
  facet normal 0.940904 0.338674 0
    outer loop
      vertex 25.3244 11.1703 3.5
      vertex 25.3776 11.0225 8
      vertex 25.3776 11.0225 3.5
    endloop
  endfacet
  facet normal 0.860622 0.509244 0
    outer loop
      vertex 25.1908 11.4544 8
      vertex 25.1108 11.5896 3.5
      vertex 25.1108 11.5896 8
    endloop
  endfacet
  facet normal 0.860622 0.509244 0
    outer loop
      vertex 25.1108 11.5896 3.5
      vertex 25.1908 11.4544 8
      vertex 25.1908 11.4544 3.5
    endloop
  endfacet
  facet normal 0.827021 0.562171 0
    outer loop
      vertex 25.1108 11.5896 8
      vertex 25.0225 11.7195 3.5
      vertex 25.0225 11.7195 8
    endloop
  endfacet
  facet normal 0.827021 0.562171 0
    outer loop
      vertex 25.0225 11.7195 3.5
      vertex 25.1108 11.5896 8
      vertex 25.1108 11.5896 3.5
    endloop
  endfacet
  facet normal 0.749968 0.661474 0
    outer loop
      vertex 24.9263 11.8436 8
      vertex 24.8224 11.9614 3.5
      vertex 24.8224 11.9614 8
    endloop
  endfacet
  facet normal 0.749968 0.661474 0
    outer loop
      vertex 24.8224 11.9614 3.5
      vertex 24.9263 11.8436 8
      vertex 24.9263 11.8436 3.5
    endloop
  endfacet
  facet normal 0.661474 0.749968 -0
    outer loop
      vertex 24.7114 12.0724 3.5
      vertex 24.5936 12.1763 8
      vertex 24.7114 12.0724 8
    endloop
  endfacet
  facet normal 0.661474 0.749968 0
    outer loop
      vertex 24.5936 12.1763 8
      vertex 24.7114 12.0724 3.5
      vertex 24.5936 12.1763 3.5
    endloop
  endfacet
  facet normal -0.031195 0.999513 0
    outer loop
      vertex 23 12.75 3.5
      vertex 22.843 12.7451 8
      vertex 23 12.75 8
    endloop
  endfacet
  facet normal -0.031195 0.999513 0
    outer loop
      vertex 22.843 12.7451 8
      vertex 23 12.75 3.5
      vertex 22.843 12.7451 3.5
    endloop
  endfacet
  facet normal 0.612661 0.790346 -0
    outer loop
      vertex 24.5936 12.1763 3.5
      vertex 24.4695 12.2725 8
      vertex 24.5936 12.1763 8
    endloop
  endfacet
  facet normal 0.612661 0.790346 0
    outer loop
      vertex 24.4695 12.2725 8
      vertex 24.5936 12.1763 3.5
      vertex 24.4695 12.2725 3.5
    endloop
  endfacet
  facet normal 0.396839 0.917888 -0
    outer loop
      vertex 24.0644 12.5121 3.5
      vertex 23.9203 12.5744 8
      vertex 24.0644 12.5121 8
    endloop
  endfacet
  facet normal 0.396839 0.917888 0
    outer loop
      vertex 23.9203 12.5744 8
      vertex 24.0644 12.5121 3.5
      vertex 23.9203 12.5744 3.5
    endloop
  endfacet
  facet normal 0.279511 0.960142 -0
    outer loop
      vertex 23.7725 12.6276 3.5
      vertex 23.6217 12.6715 8
      vertex 23.7725 12.6276 8
    endloop
  endfacet
  facet normal 0.279511 0.960142 0
    outer loop
      vertex 23.6217 12.6715 8
      vertex 23.7725 12.6276 3.5
      vertex 23.6217 12.6715 3.5
    endloop
  endfacet
  facet normal 0.156551 0.98767 -0
    outer loop
      vertex 23.4685 12.7057 3.5
      vertex 23.3133 12.7303 8
      vertex 23.4685 12.7057 8
    endloop
  endfacet
  facet normal 0.156551 0.98767 0
    outer loop
      vertex 23.3133 12.7303 8
      vertex 23.4685 12.7057 3.5
      vertex 23.3133 12.7303 3.5
    endloop
  endfacet
  facet normal -0.999513 -0.031195 0
    outer loop
      vertex 20.5049 10.093 3.5
      vertex 20.5 10.25 8
      vertex 20.5 10.25 3.5
    endloop
  endfacet
  facet normal -0.999513 -0.031195 0
    outer loop
      vertex 20.5 10.25 8
      vertex 20.5049 10.093 3.5
      vertex 20.5049 10.093 8
    endloop
  endfacet
  facet normal -0.960142 0.279511 0
    outer loop
      vertex 20.5785 10.8717 3.5
      vertex 20.6224 11.0225 8
      vertex 20.6224 11.0225 3.5
    endloop
  endfacet
  facet normal -0.960142 0.279511 0
    outer loop
      vertex 20.6224 11.0225 8
      vertex 20.5785 10.8717 3.5
      vertex 20.5785 10.8717 8
    endloop
  endfacet
  facet normal -0.98767 0.156551 0
    outer loop
      vertex 20.5197 10.5633 3.5
      vertex 20.5443 10.7185 8
      vertex 20.5443 10.7185 3.5
    endloop
  endfacet
  facet normal -0.98767 0.156551 0
    outer loop
      vertex 20.5443 10.7185 8
      vertex 20.5197 10.5633 3.5
      vertex 20.5197 10.5633 8
    endloop
  endfacet
  facet normal -0.917888 0.396839 0
    outer loop
      vertex 20.6756 11.1703 3.5
      vertex 20.7379 11.3144 8
      vertex 20.7379 11.3144 3.5
    endloop
  endfacet
  facet normal -0.917888 0.396839 0
    outer loop
      vertex 20.7379 11.3144 8
      vertex 20.6756 11.1703 3.5
      vertex 20.6756 11.1703 8
    endloop
  endfacet
  facet normal -0.860622 0.509244 0
    outer loop
      vertex 20.8092 11.4544 3.5
      vertex 20.8892 11.5896 8
      vertex 20.8892 11.5896 3.5
    endloop
  endfacet
  facet normal -0.860622 0.509244 0
    outer loop
      vertex 20.8892 11.5896 8
      vertex 20.8092 11.4544 3.5
      vertex 20.8092 11.4544 8
    endloop
  endfacet
  facet normal -0.749968 0.661474 0
    outer loop
      vertex 21.0737 11.8436 3.5
      vertex 21.1776 11.9614 8
      vertex 21.1776 11.9614 3.5
    endloop
  endfacet
  facet normal -0.749968 0.661474 0
    outer loop
      vertex 21.1776 11.9614 8
      vertex 21.0737 11.8436 3.5
      vertex 21.0737 11.8436 8
    endloop
  endfacet
  facet normal -0.279511 0.960142 0
    outer loop
      vertex 22.3783 12.6715 3.5
      vertex 22.2275 12.6276 8
      vertex 22.3783 12.6715 8
    endloop
  endfacet
  facet normal -0.279511 0.960142 0
    outer loop
      vertex 22.2275 12.6276 8
      vertex 22.3783 12.6715 3.5
      vertex 22.2275 12.6276 3.5
    endloop
  endfacet
  facet normal -0.094268 0.995547 0
    outer loop
      vertex 22.843 12.7451 3.5
      vertex 22.6867 12.7303 8
      vertex 22.843 12.7451 8
    endloop
  endfacet
  facet normal -0.094268 0.995547 0
    outer loop
      vertex 22.6867 12.7303 8
      vertex 22.843 12.7451 3.5
      vertex 22.6867 12.7303 3.5
    endloop
  endfacet
  facet normal -0.509244 0.860622 0
    outer loop
      vertex 21.7956 12.4408 3.5
      vertex 21.6604 12.3608 8
      vertex 21.7956 12.4408 8
    endloop
  endfacet
  facet normal -0.509244 0.860622 0
    outer loop
      vertex 21.6604 12.3608 8
      vertex 21.7956 12.4408 3.5
      vertex 21.6604 12.3608 3.5
    endloop
  endfacet
  facet normal -0.562171 0.827021 0
    outer loop
      vertex 21.6604 12.3608 3.5
      vertex 21.5305 12.2725 8
      vertex 21.6604 12.3608 8
    endloop
  endfacet
  facet normal -0.562171 0.827021 0
    outer loop
      vertex 21.5305 12.2725 8
      vertex 21.6604 12.3608 3.5
      vertex 21.5305 12.2725 3.5
    endloop
  endfacet
  facet normal -0.661474 0.749968 0
    outer loop
      vertex 21.4064 12.1763 3.5
      vertex 21.2886 12.0724 8
      vertex 21.4064 12.1763 8
    endloop
  endfacet
  facet normal -0.661474 0.749968 0
    outer loop
      vertex 21.2886 12.0724 8
      vertex 21.4064 12.1763 3.5
      vertex 21.2886 12.0724 3.5
    endloop
  endfacet
  facet normal 0.999513 0.031195 0
    outer loop
      vertex 25.5 10.25 8
      vertex 25.4951 10.407 3.5
      vertex 25.4951 10.407 8
    endloop
  endfacet
  facet normal 0.999513 0.031195 0
    outer loop
      vertex 25.4951 10.407 3.5
      vertex 25.5 10.25 8
      vertex 25.5 10.25 3.5
    endloop
  endfacet
  facet normal 0.0941418 -0.995559 0
    outer loop
      vertex 23.157 7.75493 3.5
      vertex 23.3133 7.76971 8
      vertex 23.157 7.75493 8
    endloop
  endfacet
  facet normal 0.0941418 -0.995559 0
    outer loop
      vertex 23.3133 7.76971 8
      vertex 23.157 7.75493 3.5
      vertex 23.3133 7.76971 3.5
    endloop
  endfacet
  facet normal 0.960147 -0.279494 0
    outer loop
      vertex 25.3776 9.47746 8
      vertex 25.4215 9.62827 3.5
      vertex 25.4215 9.62827 8
    endloop
  endfacet
  facet normal 0.960147 -0.279494 0
    outer loop
      vertex 25.4215 9.62827 3.5
      vertex 25.3776 9.47746 8
      vertex 25.3776 9.47746 3.5
    endloop
  endfacet
  facet normal 0.156365 -0.987699 0
    outer loop
      vertex 23.3133 7.76971 3.5
      vertex 23.4685 7.79428 8
      vertex 23.3133 7.76971 8
    endloop
  endfacet
  facet normal 0.156365 -0.987699 0
    outer loop
      vertex 23.4685 7.79428 8
      vertex 23.3133 7.76971 3.5
      vertex 23.4685 7.79428 3.5
    endloop
  endfacet
  facet normal 0.397214 -0.917726 0
    outer loop
      vertex 23.9203 7.92556 3.5
      vertex 24.0644 7.98793 8
      vertex 23.9203 7.92556 8
    endloop
  endfacet
  facet normal 0.397214 -0.917726 0
    outer loop
      vertex 24.0644 7.98793 8
      vertex 23.9203 7.92556 3.5
      vertex 24.0644 7.98793 3.5
    endloop
  endfacet
  facet normal 0.6129 -0.790161 0
    outer loop
      vertex 24.4695 8.22746 3.5
      vertex 24.5936 8.32372 8
      vertex 24.4695 8.22746 8
    endloop
  endfacet
  facet normal 0.6129 -0.790161 0
    outer loop
      vertex 24.5936 8.32372 8
      vertex 24.4695 8.22746 3.5
      vertex 24.5936 8.32372 3.5
    endloop
  endfacet
  facet normal 0.509008 -0.860762 0
    outer loop
      vertex 24.2044 8.05923 3.5
      vertex 24.3396 8.13918 8
      vertex 24.2044 8.05923 8
    endloop
  endfacet
  facet normal 0.509008 -0.860762 0
    outer loop
      vertex 24.3396 8.13918 8
      vertex 24.2044 8.05923 3.5
      vertex 24.3396 8.13918 3.5
    endloop
  endfacet
  facet normal 0.562084 -0.82708 0
    outer loop
      vertex 24.3396 8.13918 3.5
      vertex 24.4695 8.22746 8
      vertex 24.3396 8.13918 8
    endloop
  endfacet
  facet normal 0.562084 -0.82708 0
    outer loop
      vertex 24.4695 8.22746 8
      vertex 24.3396 8.13918 3.5
      vertex 24.4695 8.22746 3.5
    endloop
  endfacet
  facet normal 0.917929 -0.396746 0
    outer loop
      vertex 25.2621 9.18555 8
      vertex 25.3244 9.32969 3.5
      vertex 25.3244 9.32969 8
    endloop
  endfacet
  facet normal 0.917929 -0.396746 0
    outer loop
      vertex 25.3244 9.32969 3.5
      vertex 25.2621 9.18555 8
      vertex 25.2621 9.18555 3.5
    endloop
  endfacet
  facet normal 0.749996 -0.661443 0
    outer loop
      vertex 24.8224 8.53863 8
      vertex 24.9263 8.65644 3.5
      vertex 24.9263 8.65644 8
    endloop
  endfacet
  facet normal 0.749996 -0.661443 0
    outer loop
      vertex 24.9263 8.65644 3.5
      vertex 24.8224 8.53863 8
      vertex 24.8224 8.53863 3.5
    endloop
  endfacet
  facet normal -0.279041 -0.960279 0
    outer loop
      vertex 22.2275 7.87236 3.5
      vertex 22.3783 7.82854 8
      vertex 22.2275 7.87236 8
    endloop
  endfacet
  facet normal -0.279041 -0.960279 -0
    outer loop
      vertex 22.3783 7.82854 8
      vertex 22.2275 7.87236 3.5
      vertex 22.3783 7.82854 3.5
    endloop
  endfacet
  facet normal -0.156365 -0.987699 0
    outer loop
      vertex 22.5315 7.79428 3.5
      vertex 22.6867 7.76971 8
      vertex 22.5315 7.79428 8
    endloop
  endfacet
  facet normal -0.156365 -0.987699 -0
    outer loop
      vertex 22.6867 7.76971 8
      vertex 22.5315 7.79428 3.5
      vertex 22.6867 7.76971 3.5
    endloop
  endfacet
  facet normal -0.562084 -0.82708 0
    outer loop
      vertex 21.5305 8.22746 3.5
      vertex 21.6604 8.13918 8
      vertex 21.5305 8.22746 8
    endloop
  endfacet
  facet normal -0.562084 -0.82708 -0
    outer loop
      vertex 21.6604 8.13918 8
      vertex 21.5305 8.22746 3.5
      vertex 21.6604 8.13918 3.5
    endloop
  endfacet
  facet normal -0.661331 -0.750094 0
    outer loop
      vertex 21.2886 8.42758 3.5
      vertex 21.4064 8.32372 8
      vertex 21.2886 8.42758 8
    endloop
  endfacet
  facet normal -0.661331 -0.750094 -0
    outer loop
      vertex 21.4064 8.32372 8
      vertex 21.2886 8.42758 3.5
      vertex 21.4064 8.32372 3.5
    endloop
  endfacet
  facet normal -0.453821 -0.891093 0
    outer loop
      vertex 21.7956 8.05923 3.5
      vertex 21.9356 7.98793 8
      vertex 21.7956 8.05923 8
    endloop
  endfacet
  facet normal -0.453821 -0.891093 -0
    outer loop
      vertex 21.9356 7.98793 8
      vertex 21.7956 8.05923 3.5
      vertex 21.9356 7.98793 3.5
    endloop
  endfacet
  facet normal -0.397214 -0.917726 0
    outer loop
      vertex 21.9356 7.98793 3.5
      vertex 22.0797 7.92556 8
      vertex 21.9356 7.98793 8
    endloop
  endfacet
  facet normal -0.397214 -0.917726 -0
    outer loop
      vertex 22.0797 7.92556 8
      vertex 21.9356 7.98793 3.5
      vertex 22.0797 7.92556 3.5
    endloop
  endfacet
  facet normal -0.976001 -0.217766 0
    outer loop
      vertex 20.5785 9.62827 3.5
      vertex 20.5443 9.78155 8
      vertex 20.5443 9.78155 3.5
    endloop
  endfacet
  facet normal -0.976001 -0.217766 0
    outer loop
      vertex 20.5443 9.78155 8
      vertex 20.5785 9.62827 3.5
      vertex 20.5785 9.62827 8
    endloop
  endfacet
  facet normal -0.995549 -0.0942501 0
    outer loop
      vertex 20.5197 9.93667 3.5
      vertex 20.5049 10.093 8
      vertex 20.5049 10.093 3.5
    endloop
  endfacet
  facet normal -0.995549 -0.0942501 0
    outer loop
      vertex 20.5049 10.093 8
      vertex 20.5197 9.93667 3.5
      vertex 20.5197 9.93667 8
    endloop
  endfacet
  facet normal -0.917929 -0.396746 0
    outer loop
      vertex 20.7379 9.18555 3.5
      vertex 20.6756 9.32969 8
      vertex 20.6756 9.32969 3.5
    endloop
  endfacet
  facet normal -0.917929 -0.396746 0
    outer loop
      vertex 20.6756 9.32969 8
      vertex 20.7379 9.18555 3.5
      vertex 20.7379 9.18555 8
    endloop
  endfacet
  facet normal -0.960147 -0.279494 0
    outer loop
      vertex 20.6224 9.47746 3.5
      vertex 20.5785 9.62827 8
      vertex 20.5785 9.62827 3.5
    endloop
  endfacet
  facet normal -0.960147 -0.279494 0
    outer loop
      vertex 20.5785 9.62827 8
      vertex 20.6224 9.47746 3.5
      vertex 20.6224 9.47746 8
    endloop
  endfacet
  facet normal -0.860606 -0.509272 0
    outer loop
      vertex 20.8892 8.91043 3.5
      vertex 20.8092 9.04562 8
      vertex 20.8092 9.04562 3.5
    endloop
  endfacet
  facet normal -0.860606 -0.509272 0
    outer loop
      vertex 20.8092 9.04562 8
      vertex 20.8892 8.91043 3.5
      vertex 20.8892 8.91043 8
    endloop
  endfacet
  facet normal -0.790346 -0.612661 0
    outer loop
      vertex 21.0737 8.65644 3.5
      vertex 20.9775 8.78054 8
      vertex 20.9775 8.78054 3.5
    endloop
  endfacet
  facet normal -0.790346 -0.612661 0
    outer loop
      vertex 20.9775 8.78054 8
      vertex 21.0737 8.65644 3.5
      vertex 21.0737 8.65644 8
    endloop
  endfacet
  facet normal 0.995547 0.094268 0
    outer loop
      vertex 25.4951 10.407 8
      vertex 25.4803 10.5633 3.5
      vertex 25.4803 10.5633 8
    endloop
  endfacet
  facet normal 0.995547 0.094268 0
    outer loop
      vertex 25.4803 10.5633 3.5
      vertex 25.4951 10.407 8
      vertex 25.4951 10.407 3.5
    endloop
  endfacet
  facet normal 0.453821 0.891093 -0
    outer loop
      vertex 24.2044 12.4408 3.5
      vertex 24.0644 12.5121 8
      vertex 24.2044 12.4408 8
    endloop
  endfacet
  facet normal 0.453821 0.891093 0
    outer loop
      vertex 24.0644 12.5121 8
      vertex 24.2044 12.4408 3.5
      vertex 24.0644 12.5121 3.5
    endloop
  endfacet
  facet normal 0.031195 0.999513 -0
    outer loop
      vertex 23.157 12.7451 3.5
      vertex 23 12.75 8
      vertex 23.157 12.7451 8
    endloop
  endfacet
  facet normal 0.031195 0.999513 0
    outer loop
      vertex 23 12.75 8
      vertex 23.157 12.7451 3.5
      vertex 23 12.75 3.5
    endloop
  endfacet
  facet normal 0 0 1
    outer loop
      vertex 25.4951 10.407 8
      vertex 25.4951 10.093 8
      vertex 25.5 10.25 8
    endloop
  endfacet
  facet normal 0 0 1
    outer loop
      vertex 25.4803 10.5633 8
      vertex 25.4951 10.093 8
      vertex 25.4951 10.407 8
    endloop
  endfacet
  facet normal 0 0 1
    outer loop
      vertex 25.4803 10.5633 8
      vertex 25.4803 9.93667 8
      vertex 25.4951 10.093 8
    endloop
  endfacet
  facet normal 0 0 1
    outer loop
      vertex 25.4557 10.7185 8
      vertex 25.4803 9.93667 8
      vertex 25.4803 10.5633 8
    endloop
  endfacet
  facet normal 0 0 1
    outer loop
      vertex 25.4557 10.7185 8
      vertex 25.4557 9.78155 8
      vertex 25.4803 9.93667 8
    endloop
  endfacet
  facet normal 0 0 1
    outer loop
      vertex 25.4215 10.8717 8
      vertex 25.4557 9.78155 8
      vertex 25.4557 10.7185 8
    endloop
  endfacet
  facet normal 0 0 1
    outer loop
      vertex 25.4215 10.8717 8
      vertex 25.4215 9.62827 8
      vertex 25.4557 9.78155 8
    endloop
  endfacet
  facet normal 0 0 1
    outer loop
      vertex 25.3776 11.0225 8
      vertex 25.4215 9.62827 8
      vertex 25.4215 10.8717 8
    endloop
  endfacet
  facet normal 0 0 1
    outer loop
      vertex 25.3776 11.0225 8
      vertex 25.3776 9.47746 8
      vertex 25.4215 9.62827 8
    endloop
  endfacet
  facet normal 0 0 1
    outer loop
      vertex 25.3244 11.1703 8
      vertex 25.3776 9.47746 8
      vertex 25.3776 11.0225 8
    endloop
  endfacet
  facet normal 0 0 1
    outer loop
      vertex 25.3244 11.1703 8
      vertex 25.3244 9.32969 8
      vertex 25.3776 9.47746 8
    endloop
  endfacet
  facet normal 0 0 1
    outer loop
      vertex 25.2621 11.3144 8
      vertex 25.3244 9.32969 8
      vertex 25.3244 11.1703 8
    endloop
  endfacet
  facet normal 0 0 1
    outer loop
      vertex 25.2621 11.3144 8
      vertex 25.2621 9.18555 8
      vertex 25.3244 9.32969 8
    endloop
  endfacet
  facet normal 0 0 1
    outer loop
      vertex 25.1908 11.4544 8
      vertex 25.2621 9.18555 8
      vertex 25.2621 11.3144 8
    endloop
  endfacet
  facet normal 0 0 1
    outer loop
      vertex 25.1908 11.4544 8
      vertex 25.1908 9.04562 8
      vertex 25.2621 9.18555 8
    endloop
  endfacet
  facet normal 0 0 1
    outer loop
      vertex 25.1108 11.5896 8
      vertex 25.1908 9.04562 8
      vertex 25.1908 11.4544 8
    endloop
  endfacet
  facet normal 0 0 1
    outer loop
      vertex 25.1108 11.5896 8
      vertex 25.1108 8.91043 8
      vertex 25.1908 9.04562 8
    endloop
  endfacet
  facet normal 0 0 1
    outer loop
      vertex 25.0225 11.7195 8
      vertex 25.1108 8.91043 8
      vertex 25.1108 11.5896 8
    endloop
  endfacet
  facet normal 0 0 1
    outer loop
      vertex 25.0225 11.7195 8
      vertex 25.0225 8.78054 8
      vertex 25.1108 8.91043 8
    endloop
  endfacet
  facet normal 0 0 1
    outer loop
      vertex 24.9263 11.8436 8
      vertex 25.0225 8.78054 8
      vertex 25.0225 11.7195 8
    endloop
  endfacet
  facet normal 0 0 1
    outer loop
      vertex 24.9263 11.8436 8
      vertex 24.9263 8.65644 8
      vertex 25.0225 8.78054 8
    endloop
  endfacet
  facet normal 0 0 1
    outer loop
      vertex 24.8224 11.9614 8
      vertex 24.9263 8.65644 8
      vertex 24.9263 11.8436 8
    endloop
  endfacet
  facet normal 0 0 1
    outer loop
      vertex 24.8224 11.9614 8
      vertex 24.8224 8.53863 8
      vertex 24.9263 8.65644 8
    endloop
  endfacet
  facet normal 0 0 1
    outer loop
      vertex 24.7114 12.0724 8
      vertex 24.8224 8.53863 8
      vertex 24.8224 11.9614 8
    endloop
  endfacet
  facet normal 0 0 1
    outer loop
      vertex 24.7114 12.0724 8
      vertex 24.7114 8.42758 8
      vertex 24.8224 8.53863 8
    endloop
  endfacet
  facet normal 0 0 1
    outer loop
      vertex 24.5936 12.1763 8
      vertex 24.7114 8.42758 8
      vertex 24.7114 12.0724 8
    endloop
  endfacet
  facet normal 0 0 1
    outer loop
      vertex 24.5936 12.1763 8
      vertex 24.5936 8.32372 8
      vertex 24.7114 8.42758 8
    endloop
  endfacet
  facet normal 0 0 1
    outer loop
      vertex 24.4695 12.2725 8
      vertex 24.5936 8.32372 8
      vertex 24.5936 12.1763 8
    endloop
  endfacet
  facet normal 0 0 1
    outer loop
      vertex 24.4695 12.2725 8
      vertex 24.4695 8.22746 8
      vertex 24.5936 8.32372 8
    endloop
  endfacet
  facet normal 0 0 1
    outer loop
      vertex 24.3396 12.3608 8
      vertex 24.4695 8.22746 8
      vertex 24.4695 12.2725 8
    endloop
  endfacet
  facet normal 0 0 1
    outer loop
      vertex 24.3396 12.3608 8
      vertex 24.3396 8.13918 8
      vertex 24.4695 8.22746 8
    endloop
  endfacet
  facet normal 0 0 1
    outer loop
      vertex 24.2044 12.4408 8
      vertex 24.3396 8.13918 8
      vertex 24.3396 12.3608 8
    endloop
  endfacet
  facet normal 0 0 1
    outer loop
      vertex 24.2044 12.4408 8
      vertex 24.2044 8.05923 8
      vertex 24.3396 8.13918 8
    endloop
  endfacet
  facet normal 0 0 1
    outer loop
      vertex 24.0644 12.5121 8
      vertex 24.2044 8.05923 8
      vertex 24.2044 12.4408 8
    endloop
  endfacet
  facet normal 0 0 1
    outer loop
      vertex 24.0644 12.5121 8
      vertex 24.0644 7.98793 8
      vertex 24.2044 8.05923 8
    endloop
  endfacet
  facet normal 0 0 1
    outer loop
      vertex 23.9203 12.5744 8
      vertex 24.0644 7.98793 8
      vertex 24.0644 12.5121 8
    endloop
  endfacet
  facet normal 0 0 1
    outer loop
      vertex 23.9203 12.5744 8
      vertex 23.9203 7.92556 8
      vertex 24.0644 7.98793 8
    endloop
  endfacet
  facet normal 0 0 1
    outer loop
      vertex 23.7725 12.6276 8
      vertex 23.9203 7.92556 8
      vertex 23.9203 12.5744 8
    endloop
  endfacet
  facet normal 0 0 1
    outer loop
      vertex 23.7725 12.6276 8
      vertex 23.7725 7.87236 8
      vertex 23.9203 7.92556 8
    endloop
  endfacet
  facet normal 0 0 1
    outer loop
      vertex 23.6217 12.6715 8
      vertex 23.7725 7.87236 8
      vertex 23.7725 12.6276 8
    endloop
  endfacet
  facet normal 0 0 1
    outer loop
      vertex 23.6217 12.6715 8
      vertex 23.6217 7.82854 8
      vertex 23.7725 7.87236 8
    endloop
  endfacet
  facet normal 0 0 1
    outer loop
      vertex 23.4685 12.7057 8
      vertex 23.6217 7.82854 8
      vertex 23.6217 12.6715 8
    endloop
  endfacet
  facet normal 0 0 1
    outer loop
      vertex 23.4685 12.7057 8
      vertex 23.4685 7.79428 8
      vertex 23.6217 7.82854 8
    endloop
  endfacet
  facet normal 0 0 1
    outer loop
      vertex 23.3133 12.7303 8
      vertex 23.4685 7.79428 8
      vertex 23.4685 12.7057 8
    endloop
  endfacet
  facet normal 0 0 1
    outer loop
      vertex 23.3133 12.7303 8
      vertex 23.3133 7.76971 8
      vertex 23.4685 7.79428 8
    endloop
  endfacet
  facet normal 0 0 1
    outer loop
      vertex 23.157 12.7451 8
      vertex 23.3133 7.76971 8
      vertex 23.3133 12.7303 8
    endloop
  endfacet
  facet normal 0 0 1
    outer loop
      vertex 23.157 12.7451 8
      vertex 23.157 7.75493 8
      vertex 23.3133 7.76971 8
    endloop
  endfacet
  facet normal 0 0 1
    outer loop
      vertex 23 12.75 8
      vertex 23.157 7.75493 8
      vertex 23.157 12.7451 8
    endloop
  endfacet
  facet normal 0 0 1
    outer loop
      vertex 23 12.75 8
      vertex 23 7.75 8
      vertex 23.157 7.75493 8
    endloop
  endfacet
  facet normal -0 0 1
    outer loop
      vertex 22.843 12.7451 8
      vertex 23 7.75 8
      vertex 23 12.75 8
    endloop
  endfacet
  facet normal 0 0 1
    outer loop
      vertex 22.843 12.7451 8
      vertex 22.843 7.75493 8
      vertex 23 7.75 8
    endloop
  endfacet
  facet normal -0 0 1
    outer loop
      vertex 22.6867 12.7303 8
      vertex 22.843 7.75493 8
      vertex 22.843 12.7451 8
    endloop
  endfacet
  facet normal 0 0 1
    outer loop
      vertex 22.6867 12.7303 8
      vertex 22.6867 7.76971 8
      vertex 22.843 7.75493 8
    endloop
  endfacet
  facet normal -0 0 1
    outer loop
      vertex 22.5315 12.7057 8
      vertex 22.6867 7.76971 8
      vertex 22.6867 12.7303 8
    endloop
  endfacet
  facet normal 0 0 1
    outer loop
      vertex 22.5315 12.7057 8
      vertex 22.5315 7.79428 8
      vertex 22.6867 7.76971 8
    endloop
  endfacet
  facet normal -0 0 1
    outer loop
      vertex 22.3783 12.6715 8
      vertex 22.5315 7.79428 8
      vertex 22.5315 12.7057 8
    endloop
  endfacet
  facet normal 0 0 1
    outer loop
      vertex 22.3783 12.6715 8
      vertex 22.3783 7.82854 8
      vertex 22.5315 7.79428 8
    endloop
  endfacet
  facet normal -0 0 1
    outer loop
      vertex 22.2275 12.6276 8
      vertex 22.3783 7.82854 8
      vertex 22.3783 12.6715 8
    endloop
  endfacet
  facet normal 0 0 1
    outer loop
      vertex 22.2275 12.6276 8
      vertex 22.2275 7.87236 8
      vertex 22.3783 7.82854 8
    endloop
  endfacet
  facet normal -0 0 1
    outer loop
      vertex 22.0797 12.5744 8
      vertex 22.2275 7.87236 8
      vertex 22.2275 12.6276 8
    endloop
  endfacet
  facet normal 0 0 1
    outer loop
      vertex 22.0797 12.5744 8
      vertex 22.0797 7.92556 8
      vertex 22.2275 7.87236 8
    endloop
  endfacet
  facet normal -0 0 1
    outer loop
      vertex 21.9356 12.5121 8
      vertex 22.0797 7.92556 8
      vertex 22.0797 12.5744 8
    endloop
  endfacet
  facet normal 0 0 1
    outer loop
      vertex 21.9356 12.5121 8
      vertex 21.9356 7.98793 8
      vertex 22.0797 7.92556 8
    endloop
  endfacet
  facet normal -0 0 1
    outer loop
      vertex 21.7956 12.4408 8
      vertex 21.9356 7.98793 8
      vertex 21.9356 12.5121 8
    endloop
  endfacet
  facet normal 0 0 1
    outer loop
      vertex 21.7956 12.4408 8
      vertex 21.7956 8.05923 8
      vertex 21.9356 7.98793 8
    endloop
  endfacet
  facet normal -0 0 1
    outer loop
      vertex 21.6604 12.3608 8
      vertex 21.7956 8.05923 8
      vertex 21.7956 12.4408 8
    endloop
  endfacet
  facet normal 0 0 1
    outer loop
      vertex 21.6604 12.3608 8
      vertex 21.6604 8.13918 8
      vertex 21.7956 8.05923 8
    endloop
  endfacet
  facet normal -0 0 1
    outer loop
      vertex 21.5305 12.2725 8
      vertex 21.6604 8.13918 8
      vertex 21.6604 12.3608 8
    endloop
  endfacet
  facet normal 0 0 1
    outer loop
      vertex 21.5305 12.2725 8
      vertex 21.5305 8.22746 8
      vertex 21.6604 8.13918 8
    endloop
  endfacet
  facet normal -0 0 1
    outer loop
      vertex 21.4064 12.1763 8
      vertex 21.5305 8.22746 8
      vertex 21.5305 12.2725 8
    endloop
  endfacet
  facet normal 0 0 1
    outer loop
      vertex 21.4064 12.1763 8
      vertex 21.4064 8.32372 8
      vertex 21.5305 8.22746 8
    endloop
  endfacet
  facet normal -0 0 1
    outer loop
      vertex 21.2886 12.0724 8
      vertex 21.4064 8.32372 8
      vertex 21.4064 12.1763 8
    endloop
  endfacet
  facet normal 0 0 1
    outer loop
      vertex 21.2886 12.0724 8
      vertex 21.2886 8.42758 8
      vertex 21.4064 8.32372 8
    endloop
  endfacet
  facet normal -0 0 1
    outer loop
      vertex 21.1776 11.9614 8
      vertex 21.2886 8.42758 8
      vertex 21.2886 12.0724 8
    endloop
  endfacet
  facet normal 0 0 1
    outer loop
      vertex 21.1776 11.9614 8
      vertex 21.1776 8.53863 8
      vertex 21.2886 8.42758 8
    endloop
  endfacet
  facet normal -0 0 1
    outer loop
      vertex 21.0737 11.8436 8
      vertex 21.1776 8.53863 8
      vertex 21.1776 11.9614 8
    endloop
  endfacet
  facet normal 0 0 1
    outer loop
      vertex 21.0737 11.8436 8
      vertex 21.0737 8.65644 8
      vertex 21.1776 8.53863 8
    endloop
  endfacet
  facet normal -0 0 1
    outer loop
      vertex 20.9775 11.7195 8
      vertex 21.0737 8.65644 8
      vertex 21.0737 11.8436 8
    endloop
  endfacet
  facet normal 0 0 1
    outer loop
      vertex 20.9775 11.7195 8
      vertex 20.9775 8.78054 8
      vertex 21.0737 8.65644 8
    endloop
  endfacet
  facet normal -0 0 1
    outer loop
      vertex 20.8892 11.5896 8
      vertex 20.9775 8.78054 8
      vertex 20.9775 11.7195 8
    endloop
  endfacet
  facet normal 0 0 1
    outer loop
      vertex 20.8892 11.5896 8
      vertex 20.8892 8.91043 8
      vertex 20.9775 8.78054 8
    endloop
  endfacet
  facet normal -0 0 1
    outer loop
      vertex 20.8092 11.4544 8
      vertex 20.8892 8.91043 8
      vertex 20.8892 11.5896 8
    endloop
  endfacet
  facet normal 0 0 1
    outer loop
      vertex 20.8092 11.4544 8
      vertex 20.8092 9.04562 8
      vertex 20.8892 8.91043 8
    endloop
  endfacet
  facet normal -0 0 1
    outer loop
      vertex 20.7379 11.3144 8
      vertex 20.8092 9.04562 8
      vertex 20.8092 11.4544 8
    endloop
  endfacet
  facet normal 0 0 1
    outer loop
      vertex 20.7379 11.3144 8
      vertex 20.7379 9.18555 8
      vertex 20.8092 9.04562 8
    endloop
  endfacet
  facet normal -0 0 1
    outer loop
      vertex 20.6756 11.1703 8
      vertex 20.7379 9.18555 8
      vertex 20.7379 11.3144 8
    endloop
  endfacet
  facet normal 0 0 1
    outer loop
      vertex 20.6756 11.1703 8
      vertex 20.6756 9.32969 8
      vertex 20.7379 9.18555 8
    endloop
  endfacet
  facet normal -0 0 1
    outer loop
      vertex 20.6224 11.0225 8
      vertex 20.6756 9.32969 8
      vertex 20.6756 11.1703 8
    endloop
  endfacet
  facet normal 0 0 1
    outer loop
      vertex 20.6224 11.0225 8
      vertex 20.6224 9.47746 8
      vertex 20.6756 9.32969 8
    endloop
  endfacet
  facet normal -0 0 1
    outer loop
      vertex 20.5785 10.8717 8
      vertex 20.6224 9.47746 8
      vertex 20.6224 11.0225 8
    endloop
  endfacet
  facet normal 0 0 1
    outer loop
      vertex 20.5785 10.8717 8
      vertex 20.5785 9.62827 8
      vertex 20.6224 9.47746 8
    endloop
  endfacet
  facet normal -0 0 1
    outer loop
      vertex 20.5443 10.7185 8
      vertex 20.5785 9.62827 8
      vertex 20.5785 10.8717 8
    endloop
  endfacet
  facet normal 0 0 1
    outer loop
      vertex 20.5443 10.7185 8
      vertex 20.5443 9.78155 8
      vertex 20.5785 9.62827 8
    endloop
  endfacet
  facet normal -0 0 1
    outer loop
      vertex 20.5197 10.5633 8
      vertex 20.5443 9.78155 8
      vertex 20.5443 10.7185 8
    endloop
  endfacet
  facet normal 0 0 1
    outer loop
      vertex 20.5197 10.5633 8
      vertex 20.5197 9.93667 8
      vertex 20.5443 9.78155 8
    endloop
  endfacet
  facet normal -0 0 1
    outer loop
      vertex 20.5049 10.407 8
      vertex 20.5197 9.93667 8
      vertex 20.5197 10.5633 8
    endloop
  endfacet
  facet normal 0 0 1
    outer loop
      vertex 20.5049 10.407 8
      vertex 20.5049 10.093 8
      vertex 20.5197 9.93667 8
    endloop
  endfacet
  facet normal 0 -0 1
    outer loop
      vertex 20.5049 10.093 8
      vertex 20.5049 10.407 8
      vertex 20.5 10.25 8
    endloop
  endfacet
  facet normal 0.987657 -0.15663 0
    outer loop
      vertex 25.4557 9.78155 8
      vertex 25.4803 9.93667 3.5
      vertex 25.4803 9.93667 8
    endloop
  endfacet
  facet normal 0.987657 -0.15663 0
    outer loop
      vertex 25.4803 9.93667 3.5
      vertex 25.4557 9.78155 8
      vertex 25.4557 9.78155 3.5
    endloop
  endfacet
  facet normal 0.338674 -0.940904 0
    outer loop
      vertex 23.7725 7.87236 3.5
      vertex 23.9203 7.92556 8
      vertex 23.7725 7.87236 8
    endloop
  endfacet
  facet normal 0.338674 -0.940904 0
    outer loop
      vertex 23.9203 7.92556 8
      vertex 23.7725 7.87236 3.5
      vertex 23.9203 7.92556 3.5
    endloop
  endfacet
  facet normal 0.661331 -0.750094 0
    outer loop
      vertex 24.5936 8.32372 3.5
      vertex 24.7114 8.42758 8
      vertex 24.5936 8.32372 8
    endloop
  endfacet
  facet normal 0.661331 -0.750094 0
    outer loop
      vertex 24.7114 8.42758 8
      vertex 24.5936 8.32372 3.5
      vertex 24.7114 8.42758 3.5
    endloop
  endfacet
  facet normal -0.218239 -0.975895 0
    outer loop
      vertex 22.3783 7.82854 3.5
      vertex 22.5315 7.79428 8
      vertex 22.3783 7.82854 8
    endloop
  endfacet
  facet normal -0.218239 -0.975895 -0
    outer loop
      vertex 22.5315 7.79428 8
      vertex 22.3783 7.82854 3.5
      vertex 22.5315 7.79428 3.5
    endloop
  endfacet
  facet normal -0.0941418 -0.995559 0
    outer loop
      vertex 22.6867 7.76971 3.5
      vertex 22.843 7.75493 8
      vertex 22.6867 7.76971 8
    endloop
  endfacet
  facet normal -0.0941418 -0.995559 -0
    outer loop
      vertex 22.843 7.75493 8
      vertex 22.6867 7.76971 3.5
      vertex 22.843 7.75493 3.5
    endloop
  endfacet
  facet normal -0.6129 -0.790161 0
    outer loop
      vertex 21.4064 8.32372 3.5
      vertex 21.5305 8.22746 8
      vertex 21.4064 8.32372 8
    endloop
  endfacet
  facet normal -0.6129 -0.790161 -0
    outer loop
      vertex 21.5305 8.22746 8
      vertex 21.4064 8.32372 3.5
      vertex 21.5305 8.22746 3.5
    endloop
  endfacet
  facet normal -0.987657 -0.15663 0
    outer loop
      vertex 20.5443 9.78155 3.5
      vertex 20.5197 9.93667 8
      vertex 20.5197 9.93667 3.5
    endloop
  endfacet
  facet normal -0.987657 -0.15663 0
    outer loop
      vertex 20.5197 9.93667 8
      vertex 20.5443 9.78155 3.5
      vertex 20.5443 9.78155 8
    endloop
  endfacet
  facet normal -0.940882 -0.338735 0
    outer loop
      vertex 20.6756 9.32969 3.5
      vertex 20.6224 9.47746 8
      vertex 20.6224 9.47746 3.5
    endloop
  endfacet
  facet normal -0.940882 -0.338735 0
    outer loop
      vertex 20.6224 9.47746 8
      vertex 20.6756 9.32969 3.5
      vertex 20.6756 9.32969 8
    endloop
  endfacet
  facet normal -0.827001 -0.5622 0
    outer loop
      vertex 20.9775 8.78054 3.5
      vertex 20.8892 8.91043 8
      vertex 20.8892 8.91043 3.5
    endloop
  endfacet
  facet normal -0.827001 -0.5622 0
    outer loop
      vertex 20.8892 8.91043 8
      vertex 20.9775 8.78054 3.5
      vertex 20.9775 8.78054 8
    endloop
  endfacet
  facet normal -0.749996 -0.661443 0
    outer loop
      vertex 21.1776 8.53863 3.5
      vertex 21.0737 8.65644 8
      vertex 21.0737 8.65644 3.5
    endloop
  endfacet
  facet normal -0.749996 -0.661443 0
    outer loop
      vertex 21.0737 8.65644 8
      vertex 21.1776 8.53863 3.5
      vertex 21.1776 8.53863 8
    endloop
  endfacet
  facet normal 0.995549 -0.0942501 0
    outer loop
      vertex 25.4803 9.93667 8
      vertex 25.4951 10.093 3.5
      vertex 25.4951 10.093 8
    endloop
  endfacet
  facet normal 0.995549 -0.0942501 0
    outer loop
      vertex 25.4951 10.093 3.5
      vertex 25.4803 9.93667 8
      vertex 25.4803 9.93667 3.5
    endloop
  endfacet
  facet normal 0.976001 -0.217766 0
    outer loop
      vertex 25.4215 9.62827 8
      vertex 25.4557 9.78155 3.5
      vertex 25.4557 9.78155 8
    endloop
  endfacet
  facet normal 0.976001 -0.217766 0
    outer loop
      vertex 25.4557 9.78155 3.5
      vertex 25.4215 9.62827 8
      vertex 25.4215 9.62827 3.5
    endloop
  endfacet
  facet normal -1 0 0
    outer loop
      vertex 28.5 3 0
      vertex 28.5 11 3.5
      vertex 28.5 11 0
    endloop
  endfacet
  facet normal -1 -0 0
    outer loop
      vertex 28.5 11 3.5
      vertex 28.5 3 0
      vertex 28.5 3 3.5
    endloop
  endfacet
  facet normal 0 0 1
    outer loop
      vertex 36.5 11 3.5
      vertex 35 7 3.5
      vertex 36.5 3 3.5
    endloop
  endfacet
  facet normal 0 0 1
    outer loop
      vertex 36.5 11 3.5
      vertex 34.9951 7.15698 3.5
      vertex 35 7 3.5
    endloop
  endfacet
  facet normal 0 0 1
    outer loop
      vertex 36.5 11 3.5
      vertex 34.9803 7.31333 3.5
      vertex 34.9951 7.15698 3.5
    endloop
  endfacet
  facet normal 0 0 1
    outer loop
      vertex 36.5 11 3.5
      vertex 34.9557 7.46845 3.5
      vertex 34.9803 7.31333 3.5
    endloop
  endfacet
  facet normal 0 0 1
    outer loop
      vertex 36.5 11 3.5
      vertex 34.9215 7.62172 3.5
      vertex 34.9557 7.46845 3.5
    endloop
  endfacet
  facet normal 0 0 1
    outer loop
      vertex 36.5 11 3.5
      vertex 34.8776 7.77254 3.5
      vertex 34.9215 7.62172 3.5
    endloop
  endfacet
  facet normal 0 0 1
    outer loop
      vertex 36.5 11 3.5
      vertex 34.8244 7.92031 3.5
      vertex 34.8776 7.77254 3.5
    endloop
  endfacet
  facet normal 0 0 1
    outer loop
      vertex 36.5 11 3.5
      vertex 34.7621 8.06445 3.5
      vertex 34.8244 7.92031 3.5
    endloop
  endfacet
  facet normal 0 0 1
    outer loop
      vertex 36.5 11 3.5
      vertex 34.6908 8.20438 3.5
      vertex 34.7621 8.06445 3.5
    endloop
  endfacet
  facet normal 0 0 1
    outer loop
      vertex 36.5 11 3.5
      vertex 34.6108 8.33957 3.5
      vertex 34.6908 8.20438 3.5
    endloop
  endfacet
  facet normal 0 0 1
    outer loop
      vertex 36.5 11 3.5
      vertex 34.5225 8.46946 3.5
      vertex 34.6108 8.33957 3.5
    endloop
  endfacet
  facet normal 0 0 1
    outer loop
      vertex 36.5 11 3.5
      vertex 34.4263 8.59356 3.5
      vertex 34.5225 8.46946 3.5
    endloop
  endfacet
  facet normal 0 0 1
    outer loop
      vertex 36.5 11 3.5
      vertex 34.3224 8.71137 3.5
      vertex 34.4263 8.59356 3.5
    endloop
  endfacet
  facet normal 0 0 1
    outer loop
      vertex 36.5 11 3.5
      vertex 34.2114 8.82242 3.5
      vertex 34.3224 8.71137 3.5
    endloop
  endfacet
  facet normal 0 0 1
    outer loop
      vertex 36.5 11 3.5
      vertex 34.0936 8.92628 3.5
      vertex 34.2114 8.82242 3.5
    endloop
  endfacet
  facet normal 0 0 1
    outer loop
      vertex 36.5 11 3.5
      vertex 33.9695 9.02254 3.5
      vertex 34.0936 8.92628 3.5
    endloop
  endfacet
  facet normal 0 0 1
    outer loop
      vertex 36.5 11 3.5
      vertex 33.8396 9.11082 3.5
      vertex 33.9695 9.02254 3.5
    endloop
  endfacet
  facet normal 0 0 1
    outer loop
      vertex 36.5 11 3.5
      vertex 33.7044 9.19077 3.5
      vertex 33.8396 9.11082 3.5
    endloop
  endfacet
  facet normal 0 0 1
    outer loop
      vertex 36.5 11 3.5
      vertex 33.5644 9.26207 3.5
      vertex 33.7044 9.19077 3.5
    endloop
  endfacet
  facet normal 0 0 1
    outer loop
      vertex 36.5 11 3.5
      vertex 33.4203 9.32444 3.5
      vertex 33.5644 9.26207 3.5
    endloop
  endfacet
  facet normal 0 0 1
    outer loop
      vertex 36.5 11 3.5
      vertex 33.2725 9.37764 3.5
      vertex 33.4203 9.32444 3.5
    endloop
  endfacet
  facet normal 0 0 1
    outer loop
      vertex 36.5 11 3.5
      vertex 33.1217 9.42146 3.5
      vertex 33.2725 9.37764 3.5
    endloop
  endfacet
  facet normal 0 0 1
    outer loop
      vertex 36.5 11 3.5
      vertex 32.9685 9.45572 3.5
      vertex 33.1217 9.42146 3.5
    endloop
  endfacet
  facet normal 0 0 1
    outer loop
      vertex 36.5 11 3.5
      vertex 32.8133 9.48029 3.5
      vertex 32.9685 9.45572 3.5
    endloop
  endfacet
  facet normal 0 0 1
    outer loop
      vertex 36.5 11 3.5
      vertex 32.657 9.49507 3.5
      vertex 32.8133 9.48029 3.5
    endloop
  endfacet
  facet normal 0 0 1
    outer loop
      vertex 36.5 11 3.5
      vertex 32.5 9.5 3.5
      vertex 32.657 9.49507 3.5
    endloop
  endfacet
  facet normal -0 0 1
    outer loop
      vertex 28.5 11 3.5
      vertex 32.5 9.5 3.5
      vertex 36.5 11 3.5
    endloop
  endfacet
  facet normal 0 0 1
    outer loop
      vertex 32.5 9.5 3.5
      vertex 28.5 11 3.5
      vertex 32.343 9.49507 3.5
    endloop
  endfacet
  facet normal 0 0 1
    outer loop
      vertex 32.343 9.49507 3.5
      vertex 28.5 11 3.5
      vertex 32.1867 9.48029 3.5
    endloop
  endfacet
  facet normal 0 0 1
    outer loop
      vertex 32.1867 9.48029 3.5
      vertex 28.5 11 3.5
      vertex 32.0315 9.45572 3.5
    endloop
  endfacet
  facet normal 0 0 1
    outer loop
      vertex 32.0315 9.45572 3.5
      vertex 28.5 11 3.5
      vertex 31.8783 9.42146 3.5
    endloop
  endfacet
  facet normal 0 0 1
    outer loop
      vertex 30.0049 7.15698 3.5
      vertex 28.5 11 3.5
      vertex 30 7 3.5
    endloop
  endfacet
  facet normal 0 0 1
    outer loop
      vertex 30.0197 7.31333 3.5
      vertex 28.5 11 3.5
      vertex 30.0049 7.15698 3.5
    endloop
  endfacet
  facet normal 0 0 1
    outer loop
      vertex 30.0443 7.46845 3.5
      vertex 28.5 11 3.5
      vertex 30.0197 7.31333 3.5
    endloop
  endfacet
  facet normal 0 0 1
    outer loop
      vertex 30.0785 7.62172 3.5
      vertex 28.5 11 3.5
      vertex 30.0443 7.46845 3.5
    endloop
  endfacet
  facet normal 0 0 1
    outer loop
      vertex 30.1224 7.77254 3.5
      vertex 28.5 11 3.5
      vertex 30.0785 7.62172 3.5
    endloop
  endfacet
  facet normal 0 0 1
    outer loop
      vertex 30.1756 7.92031 3.5
      vertex 28.5 11 3.5
      vertex 30.1224 7.77254 3.5
    endloop
  endfacet
  facet normal 0 0 1
    outer loop
      vertex 30.2379 8.06445 3.5
      vertex 28.5 11 3.5
      vertex 30.1756 7.92031 3.5
    endloop
  endfacet
  facet normal 0 0 1
    outer loop
      vertex 30.3092 8.20438 3.5
      vertex 28.5 11 3.5
      vertex 30.2379 8.06445 3.5
    endloop
  endfacet
  facet normal 0 0 1
    outer loop
      vertex 30.3892 8.33957 3.5
      vertex 28.5 11 3.5
      vertex 30.3092 8.20438 3.5
    endloop
  endfacet
  facet normal 0 0 1
    outer loop
      vertex 30.4775 8.46946 3.5
      vertex 28.5 11 3.5
      vertex 30.3892 8.33957 3.5
    endloop
  endfacet
  facet normal 0 0 1
    outer loop
      vertex 30.5737 8.59356 3.5
      vertex 28.5 11 3.5
      vertex 30.4775 8.46946 3.5
    endloop
  endfacet
  facet normal 0 0 1
    outer loop
      vertex 30.6776 8.71137 3.5
      vertex 28.5 11 3.5
      vertex 30.5737 8.59356 3.5
    endloop
  endfacet
  facet normal 0 0 1
    outer loop
      vertex 30.7886 8.82242 3.5
      vertex 28.5 11 3.5
      vertex 30.6776 8.71137 3.5
    endloop
  endfacet
  facet normal 0 0 1
    outer loop
      vertex 30.9064 8.92628 3.5
      vertex 28.5 11 3.5
      vertex 30.7886 8.82242 3.5
    endloop
  endfacet
  facet normal 0 0 1
    outer loop
      vertex 31.0305 9.02254 3.5
      vertex 28.5 11 3.5
      vertex 30.9064 8.92628 3.5
    endloop
  endfacet
  facet normal 0 0 1
    outer loop
      vertex 31.1604 9.11082 3.5
      vertex 28.5 11 3.5
      vertex 31.0305 9.02254 3.5
    endloop
  endfacet
  facet normal 0 0 1
    outer loop
      vertex 31.2956 9.19077 3.5
      vertex 28.5 11 3.5
      vertex 31.1604 9.11082 3.5
    endloop
  endfacet
  facet normal 0 0 1
    outer loop
      vertex 31.4356 9.26207 3.5
      vertex 28.5 11 3.5
      vertex 31.2956 9.19077 3.5
    endloop
  endfacet
  facet normal 0 0 1
    outer loop
      vertex 31.5797 9.32444 3.5
      vertex 28.5 11 3.5
      vertex 31.4356 9.26207 3.5
    endloop
  endfacet
  facet normal 0 0 1
    outer loop
      vertex 31.7275 9.37764 3.5
      vertex 28.5 11 3.5
      vertex 31.5797 9.32444 3.5
    endloop
  endfacet
  facet normal 0 0 1
    outer loop
      vertex 31.8783 9.42146 3.5
      vertex 28.5 11 3.5
      vertex 31.7275 9.37764 3.5
    endloop
  endfacet
  facet normal -0 0 1
    outer loop
      vertex 34.9951 6.84302 3.5
      vertex 36.5 3 3.5
      vertex 35 7 3.5
    endloop
  endfacet
  facet normal -0 0 1
    outer loop
      vertex 34.9803 6.68667 3.5
      vertex 36.5 3 3.5
      vertex 34.9951 6.84302 3.5
    endloop
  endfacet
  facet normal -0 0 1
    outer loop
      vertex 34.9557 6.53155 3.5
      vertex 36.5 3 3.5
      vertex 34.9803 6.68667 3.5
    endloop
  endfacet
  facet normal -0 0 1
    outer loop
      vertex 34.9215 6.37827 3.5
      vertex 36.5 3 3.5
      vertex 34.9557 6.53155 3.5
    endloop
  endfacet
  facet normal -0 0 1
    outer loop
      vertex 34.8776 6.22746 3.5
      vertex 36.5 3 3.5
      vertex 34.9215 6.37827 3.5
    endloop
  endfacet
  facet normal -0 0 1
    outer loop
      vertex 34.8244 6.07969 3.5
      vertex 36.5 3 3.5
      vertex 34.8776 6.22746 3.5
    endloop
  endfacet
  facet normal -0 0 1
    outer loop
      vertex 34.7621 5.93555 3.5
      vertex 36.5 3 3.5
      vertex 34.8244 6.07969 3.5
    endloop
  endfacet
  facet normal -0 0 1
    outer loop
      vertex 34.6908 5.79562 3.5
      vertex 36.5 3 3.5
      vertex 34.7621 5.93555 3.5
    endloop
  endfacet
  facet normal -0 0 1
    outer loop
      vertex 34.6108 5.66043 3.5
      vertex 36.5 3 3.5
      vertex 34.6908 5.79562 3.5
    endloop
  endfacet
  facet normal -0 0 1
    outer loop
      vertex 34.5225 5.53054 3.5
      vertex 36.5 3 3.5
      vertex 34.6108 5.66043 3.5
    endloop
  endfacet
  facet normal -0 0 1
    outer loop
      vertex 34.4263 5.40644 3.5
      vertex 36.5 3 3.5
      vertex 34.5225 5.53054 3.5
    endloop
  endfacet
  facet normal -0 0 1
    outer loop
      vertex 34.3224 5.28863 3.5
      vertex 36.5 3 3.5
      vertex 34.4263 5.40644 3.5
    endloop
  endfacet
  facet normal -0 0 1
    outer loop
      vertex 34.2114 5.17758 3.5
      vertex 36.5 3 3.5
      vertex 34.3224 5.28863 3.5
    endloop
  endfacet
  facet normal -0 0 1
    outer loop
      vertex 34.0936 5.07372 3.5
      vertex 36.5 3 3.5
      vertex 34.2114 5.17758 3.5
    endloop
  endfacet
  facet normal -0 0 1
    outer loop
      vertex 33.9695 4.97746 3.5
      vertex 36.5 3 3.5
      vertex 34.0936 5.07372 3.5
    endloop
  endfacet
  facet normal -0 0 1
    outer loop
      vertex 33.8396 4.88918 3.5
      vertex 36.5 3 3.5
      vertex 33.9695 4.97746 3.5
    endloop
  endfacet
  facet normal -0 0 1
    outer loop
      vertex 33.7044 4.80923 3.5
      vertex 36.5 3 3.5
      vertex 33.8396 4.88918 3.5
    endloop
  endfacet
  facet normal -0 0 1
    outer loop
      vertex 33.5644 4.73793 3.5
      vertex 36.5 3 3.5
      vertex 33.7044 4.80923 3.5
    endloop
  endfacet
  facet normal -0 0 1
    outer loop
      vertex 33.4203 4.67556 3.5
      vertex 36.5 3 3.5
      vertex 33.5644 4.73793 3.5
    endloop
  endfacet
  facet normal -0 0 1
    outer loop
      vertex 33.2725 4.62236 3.5
      vertex 36.5 3 3.5
      vertex 33.4203 4.67556 3.5
    endloop
  endfacet
  facet normal -0 0 1
    outer loop
      vertex 33.1217 4.57854 3.5
      vertex 36.5 3 3.5
      vertex 33.2725 4.62236 3.5
    endloop
  endfacet
  facet normal -0 0 1
    outer loop
      vertex 32.9685 4.54428 3.5
      vertex 36.5 3 3.5
      vertex 33.1217 4.57854 3.5
    endloop
  endfacet
  facet normal -0 0 1
    outer loop
      vertex 32.8133 4.51971 3.5
      vertex 36.5 3 3.5
      vertex 32.9685 4.54428 3.5
    endloop
  endfacet
  facet normal -0 0 1
    outer loop
      vertex 32.657 4.50493 3.5
      vertex 36.5 3 3.5
      vertex 32.8133 4.51971 3.5
    endloop
  endfacet
  facet normal -0 0 1
    outer loop
      vertex 32.5 4.5 3.5
      vertex 36.5 3 3.5
      vertex 32.657 4.50493 3.5
    endloop
  endfacet
  facet normal 0 0 1
    outer loop
      vertex 28.5 3 3.5
      vertex 32.5 4.5 3.5
      vertex 32.343 4.50493 3.5
    endloop
  endfacet
  facet normal 0 0 1
    outer loop
      vertex 28.5 3 3.5
      vertex 32.343 4.50493 3.5
      vertex 32.1867 4.51971 3.5
    endloop
  endfacet
  facet normal 0 0 1
    outer loop
      vertex 28.5 3 3.5
      vertex 32.1867 4.51971 3.5
      vertex 32.0315 4.54428 3.5
    endloop
  endfacet
  facet normal 0 0 1
    outer loop
      vertex 28.5 3 3.5
      vertex 32.0315 4.54428 3.5
      vertex 31.8783 4.57854 3.5
    endloop
  endfacet
  facet normal 0 0 1
    outer loop
      vertex 28.5 3 3.5
      vertex 31.8783 4.57854 3.5
      vertex 31.7275 4.62236 3.5
    endloop
  endfacet
  facet normal 0 0 1
    outer loop
      vertex 28.5 3 3.5
      vertex 30 7 3.5
      vertex 28.5 11 3.5
    endloop
  endfacet
  facet normal 0 0 1
    outer loop
      vertex 30 7 3.5
      vertex 28.5 3 3.5
      vertex 30.0049 6.84302 3.5
    endloop
  endfacet
  facet normal 0 0 1
    outer loop
      vertex 30.0049 6.84302 3.5
      vertex 28.5 3 3.5
      vertex 30.0197 6.68667 3.5
    endloop
  endfacet
  facet normal 0 0 1
    outer loop
      vertex 30.0197 6.68667 3.5
      vertex 28.5 3 3.5
      vertex 30.0443 6.53155 3.5
    endloop
  endfacet
  facet normal 0 0 1
    outer loop
      vertex 30.0443 6.53155 3.5
      vertex 28.5 3 3.5
      vertex 30.0785 6.37827 3.5
    endloop
  endfacet
  facet normal 0 0 1
    outer loop
      vertex 32.5 4.5 3.5
      vertex 28.5 3 3.5
      vertex 36.5 3 3.5
    endloop
  endfacet
  facet normal 0 0 1
    outer loop
      vertex 31.5797 4.67556 3.5
      vertex 28.5 3 3.5
      vertex 31.7275 4.62236 3.5
    endloop
  endfacet
  facet normal 0 0 1
    outer loop
      vertex 31.4356 4.73793 3.5
      vertex 28.5 3 3.5
      vertex 31.5797 4.67556 3.5
    endloop
  endfacet
  facet normal 0 0 1
    outer loop
      vertex 31.2956 4.80923 3.5
      vertex 28.5 3 3.5
      vertex 31.4356 4.73793 3.5
    endloop
  endfacet
  facet normal 0 0 1
    outer loop
      vertex 31.1604 4.88918 3.5
      vertex 28.5 3 3.5
      vertex 31.2956 4.80923 3.5
    endloop
  endfacet
  facet normal 0 0 1
    outer loop
      vertex 31.0305 4.97746 3.5
      vertex 28.5 3 3.5
      vertex 31.1604 4.88918 3.5
    endloop
  endfacet
  facet normal 0 0 1
    outer loop
      vertex 30.9064 5.07372 3.5
      vertex 28.5 3 3.5
      vertex 31.0305 4.97746 3.5
    endloop
  endfacet
  facet normal 0 0 1
    outer loop
      vertex 30.7886 5.17758 3.5
      vertex 28.5 3 3.5
      vertex 30.9064 5.07372 3.5
    endloop
  endfacet
  facet normal 0 0 1
    outer loop
      vertex 30.6776 5.28863 3.5
      vertex 28.5 3 3.5
      vertex 30.7886 5.17758 3.5
    endloop
  endfacet
  facet normal 0 0 1
    outer loop
      vertex 30.5737 5.40644 3.5
      vertex 28.5 3 3.5
      vertex 30.6776 5.28863 3.5
    endloop
  endfacet
  facet normal 0 0 1
    outer loop
      vertex 30.4775 5.53054 3.5
      vertex 28.5 3 3.5
      vertex 30.5737 5.40644 3.5
    endloop
  endfacet
  facet normal 0 0 1
    outer loop
      vertex 30.3892 5.66043 3.5
      vertex 28.5 3 3.5
      vertex 30.4775 5.53054 3.5
    endloop
  endfacet
  facet normal 0 0 1
    outer loop
      vertex 30.3092 5.79562 3.5
      vertex 28.5 3 3.5
      vertex 30.3892 5.66043 3.5
    endloop
  endfacet
  facet normal 0 0 1
    outer loop
      vertex 30.2379 5.93555 3.5
      vertex 28.5 3 3.5
      vertex 30.3092 5.79562 3.5
    endloop
  endfacet
  facet normal 0 0 1
    outer loop
      vertex 30.1756 6.07969 3.5
      vertex 28.5 3 3.5
      vertex 30.2379 5.93555 3.5
    endloop
  endfacet
  facet normal 0 0 1
    outer loop
      vertex 30.1224 6.22746 3.5
      vertex 28.5 3 3.5
      vertex 30.1756 6.07969 3.5
    endloop
  endfacet
  facet normal 0 0 1
    outer loop
      vertex 30.0785 6.37827 3.5
      vertex 28.5 3 3.5
      vertex 30.1224 6.22746 3.5
    endloop
  endfacet
  facet normal 1 -0 0
    outer loop
      vertex 36.5 3 3.5
      vertex 36.5 11 0
      vertex 36.5 11 3.5
    endloop
  endfacet
  facet normal 1 0 0
    outer loop
      vertex 36.5 11 0
      vertex 36.5 3 3.5
      vertex 36.5 3 0
    endloop
  endfacet
  facet normal 0 1 -0
    outer loop
      vertex 36.5 11 0
      vertex 28.5 11 3.5
      vertex 36.5 11 3.5
    endloop
  endfacet
  facet normal 0 1 0
    outer loop
      vertex 28.5 11 3.5
      vertex 36.5 11 0
      vertex 28.5 11 0
    endloop
  endfacet
  facet normal 0 0 -1
    outer loop
      vertex 28.5 3 0
      vertex 36.5 11 0
      vertex 36.5 3 0
    endloop
  endfacet
  facet normal -0 0 -1
    outer loop
      vertex 36.5 11 0
      vertex 28.5 3 0
      vertex 28.5 11 0
    endloop
  endfacet
  facet normal 0 -1 0
    outer loop
      vertex 28.5 3 0
      vertex 36.5 3 3.5
      vertex 28.5 3 3.5
    endloop
  endfacet
  facet normal 0 -1 -0
    outer loop
      vertex 36.5 3 3.5
      vertex 28.5 3 0
      vertex 36.5 3 0
    endloop
  endfacet
  facet normal -0.338674 -0.940904 0
    outer loop
      vertex 31.5797 4.67556 3.5
      vertex 31.7275 4.62236 8
      vertex 31.5797 4.67556 8
    endloop
  endfacet
  facet normal -0.338674 -0.940904 -0
    outer loop
      vertex 31.7275 4.62236 8
      vertex 31.5797 4.67556 3.5
      vertex 31.7275 4.62236 3.5
    endloop
  endfacet
  facet normal 0.562084 0.82708 -0
    outer loop
      vertex 33.9695 9.02254 3.5
      vertex 33.8396 9.11082 8
      vertex 33.9695 9.02254 8
    endloop
  endfacet
  facet normal 0.562084 0.82708 0
    outer loop
      vertex 33.8396 9.11082 8
      vertex 33.9695 9.02254 3.5
      vertex 33.8396 9.11082 3.5
    endloop
  endfacet
  facet normal -0.397214 0.917726 0
    outer loop
      vertex 31.5797 9.32444 3.5
      vertex 31.4356 9.26207 8
      vertex 31.5797 9.32444 8
    endloop
  endfacet
  facet normal -0.397214 0.917726 0
    outer loop
      vertex 31.4356 9.26207 8
      vertex 31.5797 9.32444 3.5
      vertex 31.4356 9.26207 3.5
    endloop
  endfacet
  facet normal -0.891001 -0.454001 0
    outer loop
      vertex 30.3092 5.79562 3.5
      vertex 30.2379 5.93555 8
      vertex 30.2379 5.93555 3.5
    endloop
  endfacet
  facet normal -0.891001 -0.454001 0
    outer loop
      vertex 30.2379 5.93555 8
      vertex 30.3092 5.79562 3.5
      vertex 30.3092 5.79562 8
    endloop
  endfacet
  facet normal 0.975998 0.21778 0
    outer loop
      vertex 34.9557 7.46845 8
      vertex 34.9215 7.62172 3.5
      vertex 34.9215 7.62172 8
    endloop
  endfacet
  facet normal 0.975998 0.21778 0
    outer loop
      vertex 34.9215 7.62172 3.5
      vertex 34.9557 7.46845 8
      vertex 34.9557 7.46845 3.5
    endloop
  endfacet
  facet normal 0.960152 0.279477 0
    outer loop
      vertex 34.9215 7.62172 8
      vertex 34.8776 7.77254 3.5
      vertex 34.8776 7.77254 8
    endloop
  endfacet
  facet normal 0.960152 0.279477 0
    outer loop
      vertex 34.8776 7.77254 3.5
      vertex 34.9215 7.62172 8
      vertex 34.9215 7.62172 3.5
    endloop
  endfacet
  facet normal 0.790346 0.612661 0
    outer loop
      vertex 34.5225 8.46946 8
      vertex 34.4263 8.59356 3.5
      vertex 34.4263 8.59356 8
    endloop
  endfacet
  facet normal 0.790346 0.612661 0
    outer loop
      vertex 34.4263 8.59356 3.5
      vertex 34.5225 8.46946 8
      vertex 34.5225 8.46946 3.5
    endloop
  endfacet
  facet normal 0.509008 0.860762 -0
    outer loop
      vertex 33.8396 9.11082 3.5
      vertex 33.7044 9.19077 8
      vertex 33.8396 9.11082 8
    endloop
  endfacet
  facet normal 0.509008 0.860762 0
    outer loop
      vertex 33.7044 9.19077 8
      vertex 33.8396 9.11082 3.5
      vertex 33.7044 9.19077 3.5
    endloop
  endfacet
  facet normal -0.999513 0.031199 0
    outer loop
      vertex 30 7 3.5
      vertex 30.0049 7.15698 8
      vertex 30.0049 7.15698 3.5
    endloop
  endfacet
  facet normal -0.999513 0.031199 0
    outer loop
      vertex 30.0049 7.15698 8
      vertex 30 7 3.5
      vertex 30 7 8
    endloop
  endfacet
  facet normal -0.891001 0.454001 0
    outer loop
      vertex 30.2379 8.06445 3.5
      vertex 30.3092 8.20438 8
      vertex 30.3092 8.20438 3.5
    endloop
  endfacet
  facet normal -0.891001 0.454001 0
    outer loop
      vertex 30.3092 8.20438 8
      vertex 30.2379 8.06445 3.5
      vertex 30.2379 8.06445 8
    endloop
  endfacet
  facet normal -0.6129 0.790161 0
    outer loop
      vertex 31.0305 9.02254 3.5
      vertex 30.9064 8.92628 8
      vertex 31.0305 9.02254 8
    endloop
  endfacet
  facet normal -0.6129 0.790161 0
    outer loop
      vertex 30.9064 8.92628 8
      vertex 31.0305 9.02254 3.5
      vertex 30.9064 8.92628 3.5
    endloop
  endfacet
  facet normal 0.891001 -0.454001 0
    outer loop
      vertex 34.6908 5.79562 8
      vertex 34.7621 5.93555 3.5
      vertex 34.7621 5.93555 8
    endloop
  endfacet
  facet normal 0.891001 -0.454001 0
    outer loop
      vertex 34.7621 5.93555 3.5
      vertex 34.6908 5.79562 8
      vertex 34.6908 5.79562 3.5
    endloop
  endfacet
  facet normal 0.279041 -0.960279 0
    outer loop
      vertex 33.1217 4.57854 3.5
      vertex 33.2725 4.62236 8
      vertex 33.1217 4.57854 8
    endloop
  endfacet
  facet normal 0.279041 -0.960279 0
    outer loop
      vertex 33.2725 4.62236 8
      vertex 33.1217 4.57854 3.5
      vertex 33.2725 4.62236 3.5
    endloop
  endfacet
  facet normal 0.707266 -0.706948 0
    outer loop
      vertex 34.2114 5.17758 8
      vertex 34.3224 5.28863 3.5
      vertex 34.3224 5.28863 8
    endloop
  endfacet
  facet normal 0.707266 -0.706948 0
    outer loop
      vertex 34.3224 5.28863 3.5
      vertex 34.2114 5.17758 8
      vertex 34.2114 5.17758 3.5
    endloop
  endfacet
  facet normal 0.917929 0.396746 0
    outer loop
      vertex 34.8244 7.92031 8
      vertex 34.7621 8.06445 3.5
      vertex 34.7621 8.06445 8
    endloop
  endfacet
  facet normal 0.917929 0.396746 0
    outer loop
      vertex 34.7621 8.06445 3.5
      vertex 34.8244 7.92031 8
      vertex 34.8244 7.92031 3.5
    endloop
  endfacet
  facet normal 0.891001 0.454001 0
    outer loop
      vertex 34.7621 8.06445 8
      vertex 34.6908 8.20438 3.5
      vertex 34.6908 8.20438 8
    endloop
  endfacet
  facet normal 0.891001 0.454001 0
    outer loop
      vertex 34.6908 8.20438 3.5
      vertex 34.7621 8.06445 8
      vertex 34.7621 8.06445 3.5
    endloop
  endfacet
  facet normal 0.707266 0.706948 0
    outer loop
      vertex 34.3224 8.71137 8
      vertex 34.2114 8.82242 3.5
      vertex 34.2114 8.82242 8
    endloop
  endfacet
  facet normal 0.707266 0.706948 0
    outer loop
      vertex 34.2114 8.82242 3.5
      vertex 34.3224 8.71137 8
      vertex 34.3224 8.71137 3.5
    endloop
  endfacet
  facet normal 0.218239 0.975895 -0
    outer loop
      vertex 33.1217 9.42146 3.5
      vertex 32.9685 9.45572 8
      vertex 33.1217 9.42146 8
    endloop
  endfacet
  facet normal 0.218239 0.975895 0
    outer loop
      vertex 32.9685 9.45572 8
      vertex 33.1217 9.42146 3.5
      vertex 32.9685 9.45572 3.5
    endloop
  endfacet
  facet normal 0.338674 0.940904 -0
    outer loop
      vertex 33.4203 9.32444 3.5
      vertex 33.2725 9.37764 8
      vertex 33.4203 9.32444 8
    endloop
  endfacet
  facet normal 0.338674 0.940904 0
    outer loop
      vertex 33.2725 9.37764 8
      vertex 33.4203 9.32444 3.5
      vertex 33.2725 9.37764 3.5
    endloop
  endfacet
  facet normal 0.0941418 0.995559 -0
    outer loop
      vertex 32.8133 9.48029 3.5
      vertex 32.657 9.49507 8
      vertex 32.8133 9.48029 8
    endloop
  endfacet
  facet normal 0.0941418 0.995559 0
    outer loop
      vertex 32.657 9.49507 8
      vertex 32.8133 9.48029 3.5
      vertex 32.657 9.49507 3.5
    endloop
  endfacet
  facet normal -0.975998 0.21778 0
    outer loop
      vertex 30.0443 7.46845 3.5
      vertex 30.0785 7.62172 8
      vertex 30.0785 7.62172 3.5
    endloop
  endfacet
  facet normal -0.975998 0.21778 0
    outer loop
      vertex 30.0785 7.62172 8
      vertex 30.0443 7.46845 3.5
      vertex 30.0443 7.46845 8
    endloop
  endfacet
  facet normal -0.940882 0.338735 0
    outer loop
      vertex 30.1224 7.77254 3.5
      vertex 30.1756 7.92031 8
      vertex 30.1756 7.92031 3.5
    endloop
  endfacet
  facet normal -0.940882 0.338735 0
    outer loop
      vertex 30.1756 7.92031 8
      vertex 30.1224 7.77254 3.5
      vertex 30.1224 7.77254 8
    endloop
  endfacet
  facet normal -0.99555 0.0942382 0
    outer loop
      vertex 30.0049 7.15698 3.5
      vertex 30.0197 7.31333 8
      vertex 30.0197 7.31333 3.5
    endloop
  endfacet
  facet normal -0.99555 0.0942382 0
    outer loop
      vertex 30.0197 7.31333 8
      vertex 30.0049 7.15698 3.5
      vertex 30.0049 7.15698 8
    endloop
  endfacet
  facet normal -0.790346 0.612661 0
    outer loop
      vertex 30.4775 8.46946 3.5
      vertex 30.5737 8.59356 8
      vertex 30.5737 8.59356 3.5
    endloop
  endfacet
  facet normal -0.790346 0.612661 0
    outer loop
      vertex 30.5737 8.59356 8
      vertex 30.4775 8.46946 3.5
      vertex 30.4775 8.46946 8
    endloop
  endfacet
  facet normal -0.827001 0.5622 0
    outer loop
      vertex 30.3892 8.33957 3.5
      vertex 30.4775 8.46946 8
      vertex 30.4775 8.46946 3.5
    endloop
  endfacet
  facet normal -0.827001 0.5622 0
    outer loop
      vertex 30.4775 8.46946 8
      vertex 30.3892 8.33957 3.5
      vertex 30.3892 8.33957 8
    endloop
  endfacet
  facet normal -0.156365 0.987699 0
    outer loop
      vertex 32.1867 9.48029 3.5
      vertex 32.0315 9.45572 8
      vertex 32.1867 9.48029 8
    endloop
  endfacet
  facet normal -0.156365 0.987699 0
    outer loop
      vertex 32.0315 9.45572 8
      vertex 32.1867 9.48029 3.5
      vertex 32.0315 9.45572 3.5
    endloop
  endfacet
  facet normal -0.338674 0.940904 0
    outer loop
      vertex 31.7275 9.37764 3.5
      vertex 31.5797 9.32444 8
      vertex 31.7275 9.37764 8
    endloop
  endfacet
  facet normal -0.338674 0.940904 0
    outer loop
      vertex 31.5797 9.32444 8
      vertex 31.7275 9.37764 3.5
      vertex 31.5797 9.32444 3.5
    endloop
  endfacet
  facet normal -0.218239 0.975895 0
    outer loop
      vertex 32.0315 9.45572 3.5
      vertex 31.8783 9.42146 8
      vertex 32.0315 9.45572 8
    endloop
  endfacet
  facet normal -0.218239 0.975895 0
    outer loop
      vertex 31.8783 9.42146 8
      vertex 32.0315 9.45572 3.5
      vertex 31.8783 9.42146 3.5
    endloop
  endfacet
  facet normal -0.453821 0.891093 0
    outer loop
      vertex 31.4356 9.26207 3.5
      vertex 31.2956 9.19077 8
      vertex 31.4356 9.26207 8
    endloop
  endfacet
  facet normal -0.453821 0.891093 0
    outer loop
      vertex 31.2956 9.19077 8
      vertex 31.4356 9.26207 3.5
      vertex 31.2956 9.19077 3.5
    endloop
  endfacet
  facet normal -0.707266 0.706948 0
    outer loop
      vertex 30.6776 8.71137 3.5
      vertex 30.7886 8.82242 8
      vertex 30.7886 8.82242 3.5
    endloop
  endfacet
  facet normal -0.707266 0.706948 0
    outer loop
      vertex 30.7886 8.82242 8
      vertex 30.6776 8.71137 3.5
      vertex 30.6776 8.71137 8
    endloop
  endfacet
  facet normal 0.999513 -0.031199 0
    outer loop
      vertex 34.9951 6.84302 8
      vertex 35 7 3.5
      vertex 35 7 8
    endloop
  endfacet
  facet normal 0.999513 -0.031199 0
    outer loop
      vertex 35 7 3.5
      vertex 34.9951 6.84302 8
      vertex 34.9951 6.84302 3.5
    endloop
  endfacet
  facet normal 0.940882 -0.338735 0
    outer loop
      vertex 34.8244 6.07969 8
      vertex 34.8776 6.22746 3.5
      vertex 34.8776 6.22746 8
    endloop
  endfacet
  facet normal 0.940882 -0.338735 0
    outer loop
      vertex 34.8776 6.22746 3.5
      vertex 34.8244 6.07969 8
      vertex 34.8244 6.07969 3.5
    endloop
  endfacet
  facet normal 0.218239 -0.975895 0
    outer loop
      vertex 32.9685 4.54428 3.5
      vertex 33.1217 4.57854 8
      vertex 32.9685 4.54428 8
    endloop
  endfacet
  facet normal 0.218239 -0.975895 0
    outer loop
      vertex 33.1217 4.57854 8
      vertex 32.9685 4.54428 3.5
      vertex 33.1217 4.57854 3.5
    endloop
  endfacet
  facet normal 0.453821 -0.891093 0
    outer loop
      vertex 33.5644 4.73793 3.5
      vertex 33.7044 4.80923 8
      vertex 33.5644 4.73793 8
    endloop
  endfacet
  facet normal 0.453821 -0.891093 0
    outer loop
      vertex 33.7044 4.80923 8
      vertex 33.5644 4.73793 3.5
      vertex 33.7044 4.80923 3.5
    endloop
  endfacet
  facet normal 0.790346 -0.612661 0
    outer loop
      vertex 34.4263 5.40644 8
      vertex 34.5225 5.53054 3.5
      vertex 34.5225 5.53054 8
    endloop
  endfacet
  facet normal 0.790346 -0.612661 0
    outer loop
      vertex 34.5225 5.53054 3.5
      vertex 34.4263 5.40644 8
      vertex 34.4263 5.40644 3.5
    endloop
  endfacet
  facet normal 0.860606 -0.509272 0
    outer loop
      vertex 34.6108 5.66043 8
      vertex 34.6908 5.79562 3.5
      vertex 34.6908 5.79562 8
    endloop
  endfacet
  facet normal 0.860606 -0.509272 0
    outer loop
      vertex 34.6908 5.79562 3.5
      vertex 34.6108 5.66043 8
      vertex 34.6108 5.66043 3.5
    endloop
  endfacet
  facet normal 0.827001 -0.5622 0
    outer loop
      vertex 34.5225 5.53054 8
      vertex 34.6108 5.66043 3.5
      vertex 34.6108 5.66043 8
    endloop
  endfacet
  facet normal 0.827001 -0.5622 0
    outer loop
      vertex 34.6108 5.66043 3.5
      vertex 34.5225 5.53054 8
      vertex 34.5225 5.53054 3.5
    endloop
  endfacet
  facet normal 0.0313858 -0.999507 0
    outer loop
      vertex 32.5 4.5 3.5
      vertex 32.657 4.50493 8
      vertex 32.5 4.5 8
    endloop
  endfacet
  facet normal 0.0313858 -0.999507 0
    outer loop
      vertex 32.657 4.50493 8
      vertex 32.5 4.5 3.5
      vertex 32.657 4.50493 3.5
    endloop
  endfacet
  facet normal -0.0313858 -0.999507 0
    outer loop
      vertex 32.343 4.50493 3.5
      vertex 32.5 4.5 8
      vertex 32.343 4.50493 8
    endloop
  endfacet
  facet normal -0.0313858 -0.999507 -0
    outer loop
      vertex 32.5 4.5 8
      vertex 32.343 4.50493 3.5
      vertex 32.5 4.5 3.5
    endloop
  endfacet
  facet normal -0.509008 -0.860762 0
    outer loop
      vertex 31.1604 4.88918 3.5
      vertex 31.2956 4.80923 8
      vertex 31.1604 4.88918 8
    endloop
  endfacet
  facet normal -0.509008 -0.860762 -0
    outer loop
      vertex 31.2956 4.80923 8
      vertex 31.1604 4.88918 3.5
      vertex 31.2956 4.80923 3.5
    endloop
  endfacet
  facet normal -0.707266 -0.706948 0
    outer loop
      vertex 30.7886 5.17758 3.5
      vertex 30.6776 5.28863 8
      vertex 30.6776 5.28863 3.5
    endloop
  endfacet
  facet normal -0.707266 -0.706948 0
    outer loop
      vertex 30.6776 5.28863 8
      vertex 30.7886 5.17758 3.5
      vertex 30.7886 5.17758 8
    endloop
  endfacet
  facet normal 0.987657 0.15663 0
    outer loop
      vertex 34.9803 7.31333 8
      vertex 34.9557 7.46845 3.5
      vertex 34.9557 7.46845 8
    endloop
  endfacet
  facet normal 0.987657 0.15663 0
    outer loop
      vertex 34.9557 7.46845 3.5
      vertex 34.9803 7.31333 8
      vertex 34.9803 7.31333 3.5
    endloop
  endfacet
  facet normal 0.940882 0.338735 0
    outer loop
      vertex 34.8776 7.77254 8
      vertex 34.8244 7.92031 3.5
      vertex 34.8244 7.92031 8
    endloop
  endfacet
  facet normal 0.940882 0.338735 0
    outer loop
      vertex 34.8244 7.92031 3.5
      vertex 34.8776 7.77254 8
      vertex 34.8776 7.77254 3.5
    endloop
  endfacet
  facet normal 0.860606 0.509272 0
    outer loop
      vertex 34.6908 8.20438 8
      vertex 34.6108 8.33957 3.5
      vertex 34.6108 8.33957 8
    endloop
  endfacet
  facet normal 0.860606 0.509272 0
    outer loop
      vertex 34.6108 8.33957 3.5
      vertex 34.6908 8.20438 8
      vertex 34.6908 8.20438 3.5
    endloop
  endfacet
  facet normal 0.827001 0.5622 0
    outer loop
      vertex 34.6108 8.33957 8
      vertex 34.5225 8.46946 3.5
      vertex 34.5225 8.46946 8
    endloop
  endfacet
  facet normal 0.827001 0.5622 0
    outer loop
      vertex 34.5225 8.46946 3.5
      vertex 34.6108 8.33957 8
      vertex 34.6108 8.33957 3.5
    endloop
  endfacet
  facet normal 0.749996 0.661443 0
    outer loop
      vertex 34.4263 8.59356 8
      vertex 34.3224 8.71137 3.5
      vertex 34.3224 8.71137 8
    endloop
  endfacet
  facet normal 0.749996 0.661443 0
    outer loop
      vertex 34.3224 8.71137 3.5
      vertex 34.4263 8.59356 8
      vertex 34.4263 8.59356 3.5
    endloop
  endfacet
  facet normal 0.661331 0.750094 -0
    outer loop
      vertex 34.2114 8.82242 3.5
      vertex 34.0936 8.92628 8
      vertex 34.2114 8.82242 8
    endloop
  endfacet
  facet normal 0.661331 0.750094 0
    outer loop
      vertex 34.0936 8.92628 8
      vertex 34.2114 8.82242 3.5
      vertex 34.0936 8.92628 3.5
    endloop
  endfacet
  facet normal -0.0313858 0.999507 0
    outer loop
      vertex 32.5 9.5 3.5
      vertex 32.343 9.49507 8
      vertex 32.5 9.5 8
    endloop
  endfacet
  facet normal -0.0313858 0.999507 0
    outer loop
      vertex 32.343 9.49507 8
      vertex 32.5 9.5 3.5
      vertex 32.343 9.49507 3.5
    endloop
  endfacet
  facet normal 0.6129 0.790161 -0
    outer loop
      vertex 34.0936 8.92628 3.5
      vertex 33.9695 9.02254 8
      vertex 34.0936 8.92628 8
    endloop
  endfacet
  facet normal 0.6129 0.790161 0
    outer loop
      vertex 33.9695 9.02254 8
      vertex 34.0936 8.92628 3.5
      vertex 33.9695 9.02254 3.5
    endloop
  endfacet
  facet normal 0.397214 0.917726 -0
    outer loop
      vertex 33.5644 9.26207 3.5
      vertex 33.4203 9.32444 8
      vertex 33.5644 9.26207 8
    endloop
  endfacet
  facet normal 0.397214 0.917726 0
    outer loop
      vertex 33.4203 9.32444 8
      vertex 33.5644 9.26207 3.5
      vertex 33.4203 9.32444 3.5
    endloop
  endfacet
  facet normal 0.279041 0.960279 -0
    outer loop
      vertex 33.2725 9.37764 3.5
      vertex 33.1217 9.42146 8
      vertex 33.2725 9.37764 8
    endloop
  endfacet
  facet normal 0.279041 0.960279 0
    outer loop
      vertex 33.1217 9.42146 8
      vertex 33.2725 9.37764 3.5
      vertex 33.1217 9.42146 3.5
    endloop
  endfacet
  facet normal 0.156365 0.987699 -0
    outer loop
      vertex 32.9685 9.45572 3.5
      vertex 32.8133 9.48029 8
      vertex 32.9685 9.45572 8
    endloop
  endfacet
  facet normal 0.156365 0.987699 0
    outer loop
      vertex 32.8133 9.48029 8
      vertex 32.9685 9.45572 3.5
      vertex 32.8133 9.48029 3.5
    endloop
  endfacet
  facet normal -0.999513 -0.031199 0
    outer loop
      vertex 30.0049 6.84302 3.5
      vertex 30 7 8
      vertex 30 7 3.5
    endloop
  endfacet
  facet normal -0.999513 -0.031199 0
    outer loop
      vertex 30 7 8
      vertex 30.0049 6.84302 3.5
      vertex 30.0049 6.84302 8
    endloop
  endfacet
  facet normal -0.960152 0.279477 0
    outer loop
      vertex 30.0785 7.62172 3.5
      vertex 30.1224 7.77254 8
      vertex 30.1224 7.77254 3.5
    endloop
  endfacet
  facet normal -0.960152 0.279477 0
    outer loop
      vertex 30.1224 7.77254 8
      vertex 30.0785 7.62172 3.5
      vertex 30.0785 7.62172 8
    endloop
  endfacet
  facet normal -0.987657 0.15663 0
    outer loop
      vertex 30.0197 7.31333 3.5
      vertex 30.0443 7.46845 8
      vertex 30.0443 7.46845 3.5
    endloop
  endfacet
  facet normal -0.987657 0.15663 0
    outer loop
      vertex 30.0443 7.46845 8
      vertex 30.0197 7.31333 3.5
      vertex 30.0197 7.31333 8
    endloop
  endfacet
  facet normal -0.917929 0.396746 0
    outer loop
      vertex 30.1756 7.92031 3.5
      vertex 30.2379 8.06445 8
      vertex 30.2379 8.06445 3.5
    endloop
  endfacet
  facet normal -0.917929 0.396746 0
    outer loop
      vertex 30.2379 8.06445 8
      vertex 30.1756 7.92031 3.5
      vertex 30.1756 7.92031 8
    endloop
  endfacet
  facet normal -0.860606 0.509272 0
    outer loop
      vertex 30.3092 8.20438 3.5
      vertex 30.3892 8.33957 8
      vertex 30.3892 8.33957 3.5
    endloop
  endfacet
  facet normal -0.860606 0.509272 0
    outer loop
      vertex 30.3892 8.33957 8
      vertex 30.3092 8.20438 3.5
      vertex 30.3092 8.20438 8
    endloop
  endfacet
  facet normal -0.749996 0.661443 0
    outer loop
      vertex 30.5737 8.59356 3.5
      vertex 30.6776 8.71137 8
      vertex 30.6776 8.71137 3.5
    endloop
  endfacet
  facet normal -0.749996 0.661443 0
    outer loop
      vertex 30.6776 8.71137 8
      vertex 30.5737 8.59356 3.5
      vertex 30.5737 8.59356 8
    endloop
  endfacet
  facet normal -0.279041 0.960279 0
    outer loop
      vertex 31.8783 9.42146 3.5
      vertex 31.7275 9.37764 8
      vertex 31.8783 9.42146 8
    endloop
  endfacet
  facet normal -0.279041 0.960279 0
    outer loop
      vertex 31.7275 9.37764 8
      vertex 31.8783 9.42146 3.5
      vertex 31.7275 9.37764 3.5
    endloop
  endfacet
  facet normal -0.0941418 0.995559 0
    outer loop
      vertex 32.343 9.49507 3.5
      vertex 32.1867 9.48029 8
      vertex 32.343 9.49507 8
    endloop
  endfacet
  facet normal -0.0941418 0.995559 0
    outer loop
      vertex 32.1867 9.48029 8
      vertex 32.343 9.49507 3.5
      vertex 32.1867 9.48029 3.5
    endloop
  endfacet
  facet normal -0.509008 0.860762 0
    outer loop
      vertex 31.2956 9.19077 3.5
      vertex 31.1604 9.11082 8
      vertex 31.2956 9.19077 8
    endloop
  endfacet
  facet normal -0.509008 0.860762 0
    outer loop
      vertex 31.1604 9.11082 8
      vertex 31.2956 9.19077 3.5
      vertex 31.1604 9.11082 3.5
    endloop
  endfacet
  facet normal -0.562084 0.82708 0
    outer loop
      vertex 31.1604 9.11082 3.5
      vertex 31.0305 9.02254 8
      vertex 31.1604 9.11082 8
    endloop
  endfacet
  facet normal -0.562084 0.82708 0
    outer loop
      vertex 31.0305 9.02254 8
      vertex 31.1604 9.11082 3.5
      vertex 31.0305 9.02254 3.5
    endloop
  endfacet
  facet normal -0.661331 0.750094 0
    outer loop
      vertex 30.9064 8.92628 3.5
      vertex 30.7886 8.82242 8
      vertex 30.9064 8.92628 8
    endloop
  endfacet
  facet normal -0.661331 0.750094 0
    outer loop
      vertex 30.7886 8.82242 8
      vertex 30.9064 8.92628 3.5
      vertex 30.7886 8.82242 3.5
    endloop
  endfacet
  facet normal 0.999513 0.031199 0
    outer loop
      vertex 35 7 8
      vertex 34.9951 7.15698 3.5
      vertex 34.9951 7.15698 8
    endloop
  endfacet
  facet normal 0.999513 0.031199 0
    outer loop
      vertex 34.9951 7.15698 3.5
      vertex 35 7 8
      vertex 35 7 3.5
    endloop
  endfacet
  facet normal 0.0941418 -0.995559 0
    outer loop
      vertex 32.657 4.50493 3.5
      vertex 32.8133 4.51971 8
      vertex 32.657 4.50493 8
    endloop
  endfacet
  facet normal 0.0941418 -0.995559 0
    outer loop
      vertex 32.8133 4.51971 8
      vertex 32.657 4.50493 3.5
      vertex 32.8133 4.51971 3.5
    endloop
  endfacet
  facet normal 0.960147 -0.279494 0
    outer loop
      vertex 34.8776 6.22746 8
      vertex 34.9215 6.37827 3.5
      vertex 34.9215 6.37827 8
    endloop
  endfacet
  facet normal 0.960147 -0.279494 0
    outer loop
      vertex 34.9215 6.37827 3.5
      vertex 34.8776 6.22746 8
      vertex 34.8776 6.22746 3.5
    endloop
  endfacet
  facet normal 0.156365 -0.987699 0
    outer loop
      vertex 32.8133 4.51971 3.5
      vertex 32.9685 4.54428 8
      vertex 32.8133 4.51971 8
    endloop
  endfacet
  facet normal 0.156365 -0.987699 0
    outer loop
      vertex 32.9685 4.54428 8
      vertex 32.8133 4.51971 3.5
      vertex 32.9685 4.54428 3.5
    endloop
  endfacet
  facet normal 0.397214 -0.917726 0
    outer loop
      vertex 33.4203 4.67556 3.5
      vertex 33.5644 4.73793 8
      vertex 33.4203 4.67556 8
    endloop
  endfacet
  facet normal 0.397214 -0.917726 0
    outer loop
      vertex 33.5644 4.73793 8
      vertex 33.4203 4.67556 3.5
      vertex 33.5644 4.73793 3.5
    endloop
  endfacet
  facet normal 0.6129 -0.790161 0
    outer loop
      vertex 33.9695 4.97746 3.5
      vertex 34.0936 5.07372 8
      vertex 33.9695 4.97746 8
    endloop
  endfacet
  facet normal 0.6129 -0.790161 0
    outer loop
      vertex 34.0936 5.07372 8
      vertex 33.9695 4.97746 3.5
      vertex 34.0936 5.07372 3.5
    endloop
  endfacet
  facet normal 0.509008 -0.860762 0
    outer loop
      vertex 33.7044 4.80923 3.5
      vertex 33.8396 4.88918 8
      vertex 33.7044 4.80923 8
    endloop
  endfacet
  facet normal 0.509008 -0.860762 0
    outer loop
      vertex 33.8396 4.88918 8
      vertex 33.7044 4.80923 3.5
      vertex 33.8396 4.88918 3.5
    endloop
  endfacet
  facet normal 0.562084 -0.82708 0
    outer loop
      vertex 33.8396 4.88918 3.5
      vertex 33.9695 4.97746 8
      vertex 33.8396 4.88918 8
    endloop
  endfacet
  facet normal 0.562084 -0.82708 0
    outer loop
      vertex 33.9695 4.97746 8
      vertex 33.8396 4.88918 3.5
      vertex 33.9695 4.97746 3.5
    endloop
  endfacet
  facet normal 0.917929 -0.396746 0
    outer loop
      vertex 34.7621 5.93555 8
      vertex 34.8244 6.07969 3.5
      vertex 34.8244 6.07969 8
    endloop
  endfacet
  facet normal 0.917929 -0.396746 0
    outer loop
      vertex 34.8244 6.07969 3.5
      vertex 34.7621 5.93555 8
      vertex 34.7621 5.93555 3.5
    endloop
  endfacet
  facet normal 0.749996 -0.661443 0
    outer loop
      vertex 34.3224 5.28863 8
      vertex 34.4263 5.40644 3.5
      vertex 34.4263 5.40644 8
    endloop
  endfacet
  facet normal 0.749996 -0.661443 0
    outer loop
      vertex 34.4263 5.40644 3.5
      vertex 34.3224 5.28863 8
      vertex 34.3224 5.28863 3.5
    endloop
  endfacet
  facet normal -0.279041 -0.960279 0
    outer loop
      vertex 31.7275 4.62236 3.5
      vertex 31.8783 4.57854 8
      vertex 31.7275 4.62236 8
    endloop
  endfacet
  facet normal -0.279041 -0.960279 -0
    outer loop
      vertex 31.8783 4.57854 8
      vertex 31.7275 4.62236 3.5
      vertex 31.8783 4.57854 3.5
    endloop
  endfacet
  facet normal -0.156365 -0.987699 0
    outer loop
      vertex 32.0315 4.54428 3.5
      vertex 32.1867 4.51971 8
      vertex 32.0315 4.54428 8
    endloop
  endfacet
  facet normal -0.156365 -0.987699 -0
    outer loop
      vertex 32.1867 4.51971 8
      vertex 32.0315 4.54428 3.5
      vertex 32.1867 4.51971 3.5
    endloop
  endfacet
  facet normal -0.562084 -0.82708 0
    outer loop
      vertex 31.0305 4.97746 3.5
      vertex 31.1604 4.88918 8
      vertex 31.0305 4.97746 8
    endloop
  endfacet
  facet normal -0.562084 -0.82708 -0
    outer loop
      vertex 31.1604 4.88918 8
      vertex 31.0305 4.97746 3.5
      vertex 31.1604 4.88918 3.5
    endloop
  endfacet
  facet normal -0.661331 -0.750094 0
    outer loop
      vertex 30.7886 5.17758 3.5
      vertex 30.9064 5.07372 8
      vertex 30.7886 5.17758 8
    endloop
  endfacet
  facet normal -0.661331 -0.750094 -0
    outer loop
      vertex 30.9064 5.07372 8
      vertex 30.7886 5.17758 3.5
      vertex 30.9064 5.07372 3.5
    endloop
  endfacet
  facet normal -0.453821 -0.891093 0
    outer loop
      vertex 31.2956 4.80923 3.5
      vertex 31.4356 4.73793 8
      vertex 31.2956 4.80923 8
    endloop
  endfacet
  facet normal -0.453821 -0.891093 -0
    outer loop
      vertex 31.4356 4.73793 8
      vertex 31.2956 4.80923 3.5
      vertex 31.4356 4.73793 3.5
    endloop
  endfacet
  facet normal -0.397214 -0.917726 0
    outer loop
      vertex 31.4356 4.73793 3.5
      vertex 31.5797 4.67556 8
      vertex 31.4356 4.73793 8
    endloop
  endfacet
  facet normal -0.397214 -0.917726 -0
    outer loop
      vertex 31.5797 4.67556 8
      vertex 31.4356 4.73793 3.5
      vertex 31.5797 4.67556 3.5
    endloop
  endfacet
  facet normal -0.976001 -0.217766 0
    outer loop
      vertex 30.0785 6.37827 3.5
      vertex 30.0443 6.53155 8
      vertex 30.0443 6.53155 3.5
    endloop
  endfacet
  facet normal -0.976001 -0.217766 0
    outer loop
      vertex 30.0443 6.53155 8
      vertex 30.0785 6.37827 3.5
      vertex 30.0785 6.37827 8
    endloop
  endfacet
  facet normal -0.99555 -0.0942382 0
    outer loop
      vertex 30.0197 6.68667 3.5
      vertex 30.0049 6.84302 8
      vertex 30.0049 6.84302 3.5
    endloop
  endfacet
  facet normal -0.99555 -0.0942382 0
    outer loop
      vertex 30.0049 6.84302 8
      vertex 30.0197 6.68667 3.5
      vertex 30.0197 6.68667 8
    endloop
  endfacet
  facet normal -0.917929 -0.396746 0
    outer loop
      vertex 30.2379 5.93555 3.5
      vertex 30.1756 6.07969 8
      vertex 30.1756 6.07969 3.5
    endloop
  endfacet
  facet normal -0.917929 -0.396746 0
    outer loop
      vertex 30.1756 6.07969 8
      vertex 30.2379 5.93555 3.5
      vertex 30.2379 5.93555 8
    endloop
  endfacet
  facet normal -0.960147 -0.279494 0
    outer loop
      vertex 30.1224 6.22746 3.5
      vertex 30.0785 6.37827 8
      vertex 30.0785 6.37827 3.5
    endloop
  endfacet
  facet normal -0.960147 -0.279494 0
    outer loop
      vertex 30.0785 6.37827 8
      vertex 30.1224 6.22746 3.5
      vertex 30.1224 6.22746 8
    endloop
  endfacet
  facet normal -0.860606 -0.509272 0
    outer loop
      vertex 30.3892 5.66043 3.5
      vertex 30.3092 5.79562 8
      vertex 30.3092 5.79562 3.5
    endloop
  endfacet
  facet normal -0.860606 -0.509272 0
    outer loop
      vertex 30.3092 5.79562 8
      vertex 30.3892 5.66043 3.5
      vertex 30.3892 5.66043 8
    endloop
  endfacet
  facet normal -0.790346 -0.612661 0
    outer loop
      vertex 30.5737 5.40644 3.5
      vertex 30.4775 5.53054 8
      vertex 30.4775 5.53054 3.5
    endloop
  endfacet
  facet normal -0.790346 -0.612661 0
    outer loop
      vertex 30.4775 5.53054 8
      vertex 30.5737 5.40644 3.5
      vertex 30.5737 5.40644 8
    endloop
  endfacet
  facet normal 0.99555 0.0942382 0
    outer loop
      vertex 34.9951 7.15698 8
      vertex 34.9803 7.31333 3.5
      vertex 34.9803 7.31333 8
    endloop
  endfacet
  facet normal 0.99555 0.0942382 0
    outer loop
      vertex 34.9803 7.31333 3.5
      vertex 34.9951 7.15698 8
      vertex 34.9951 7.15698 3.5
    endloop
  endfacet
  facet normal 0.453821 0.891093 -0
    outer loop
      vertex 33.7044 9.19077 3.5
      vertex 33.5644 9.26207 8
      vertex 33.7044 9.19077 8
    endloop
  endfacet
  facet normal 0.453821 0.891093 0
    outer loop
      vertex 33.5644 9.26207 8
      vertex 33.7044 9.19077 3.5
      vertex 33.5644 9.26207 3.5
    endloop
  endfacet
  facet normal 0.0313858 0.999507 -0
    outer loop
      vertex 32.657 9.49507 3.5
      vertex 32.5 9.5 8
      vertex 32.657 9.49507 8
    endloop
  endfacet
  facet normal 0.0313858 0.999507 0
    outer loop
      vertex 32.5 9.5 8
      vertex 32.657 9.49507 3.5
      vertex 32.5 9.5 3.5
    endloop
  endfacet
  facet normal 0 0 1
    outer loop
      vertex 34.9951 7.15698 8
      vertex 34.9951 6.84302 8
      vertex 35 7 8
    endloop
  endfacet
  facet normal 0 0 1
    outer loop
      vertex 34.9803 7.31333 8
      vertex 34.9951 6.84302 8
      vertex 34.9951 7.15698 8
    endloop
  endfacet
  facet normal 0 0 1
    outer loop
      vertex 34.9803 7.31333 8
      vertex 34.9803 6.68667 8
      vertex 34.9951 6.84302 8
    endloop
  endfacet
  facet normal 0 0 1
    outer loop
      vertex 34.9557 7.46845 8
      vertex 34.9803 6.68667 8
      vertex 34.9803 7.31333 8
    endloop
  endfacet
  facet normal 0 0 1
    outer loop
      vertex 34.9557 7.46845 8
      vertex 34.9557 6.53155 8
      vertex 34.9803 6.68667 8
    endloop
  endfacet
  facet normal 0 0 1
    outer loop
      vertex 34.9215 7.62172 8
      vertex 34.9557 6.53155 8
      vertex 34.9557 7.46845 8
    endloop
  endfacet
  facet normal 0 0 1
    outer loop
      vertex 34.9215 7.62172 8
      vertex 34.9215 6.37827 8
      vertex 34.9557 6.53155 8
    endloop
  endfacet
  facet normal 0 0 1
    outer loop
      vertex 34.8776 7.77254 8
      vertex 34.9215 6.37827 8
      vertex 34.9215 7.62172 8
    endloop
  endfacet
  facet normal 0 0 1
    outer loop
      vertex 34.8776 7.77254 8
      vertex 34.8776 6.22746 8
      vertex 34.9215 6.37827 8
    endloop
  endfacet
  facet normal 0 0 1
    outer loop
      vertex 34.8244 7.92031 8
      vertex 34.8776 6.22746 8
      vertex 34.8776 7.77254 8
    endloop
  endfacet
  facet normal 0 0 1
    outer loop
      vertex 34.8244 7.92031 8
      vertex 34.8244 6.07969 8
      vertex 34.8776 6.22746 8
    endloop
  endfacet
  facet normal 0 0 1
    outer loop
      vertex 34.7621 8.06445 8
      vertex 34.8244 6.07969 8
      vertex 34.8244 7.92031 8
    endloop
  endfacet
  facet normal 0 0 1
    outer loop
      vertex 34.7621 8.06445 8
      vertex 34.7621 5.93555 8
      vertex 34.8244 6.07969 8
    endloop
  endfacet
  facet normal 0 0 1
    outer loop
      vertex 34.6908 8.20438 8
      vertex 34.7621 5.93555 8
      vertex 34.7621 8.06445 8
    endloop
  endfacet
  facet normal 0 0 1
    outer loop
      vertex 34.6908 8.20438 8
      vertex 34.6908 5.79562 8
      vertex 34.7621 5.93555 8
    endloop
  endfacet
  facet normal 0 0 1
    outer loop
      vertex 34.6108 8.33957 8
      vertex 34.6908 5.79562 8
      vertex 34.6908 8.20438 8
    endloop
  endfacet
  facet normal 0 0 1
    outer loop
      vertex 34.6108 8.33957 8
      vertex 34.6108 5.66043 8
      vertex 34.6908 5.79562 8
    endloop
  endfacet
  facet normal 0 0 1
    outer loop
      vertex 34.5225 8.46946 8
      vertex 34.6108 5.66043 8
      vertex 34.6108 8.33957 8
    endloop
  endfacet
  facet normal 0 0 1
    outer loop
      vertex 34.5225 8.46946 8
      vertex 34.5225 5.53054 8
      vertex 34.6108 5.66043 8
    endloop
  endfacet
  facet normal 0 0 1
    outer loop
      vertex 34.4263 8.59356 8
      vertex 34.5225 5.53054 8
      vertex 34.5225 8.46946 8
    endloop
  endfacet
  facet normal 0 0 1
    outer loop
      vertex 34.4263 8.59356 8
      vertex 34.4263 5.40644 8
      vertex 34.5225 5.53054 8
    endloop
  endfacet
  facet normal 0 0 1
    outer loop
      vertex 34.3224 8.71137 8
      vertex 34.4263 5.40644 8
      vertex 34.4263 8.59356 8
    endloop
  endfacet
  facet normal 0 0 1
    outer loop
      vertex 34.3224 8.71137 8
      vertex 34.3224 5.28863 8
      vertex 34.4263 5.40644 8
    endloop
  endfacet
  facet normal 0 0 1
    outer loop
      vertex 34.2114 8.82242 8
      vertex 34.3224 5.28863 8
      vertex 34.3224 8.71137 8
    endloop
  endfacet
  facet normal 0 0 1
    outer loop
      vertex 34.2114 8.82242 8
      vertex 34.2114 5.17758 8
      vertex 34.3224 5.28863 8
    endloop
  endfacet
  facet normal 0 0 1
    outer loop
      vertex 34.0936 8.92628 8
      vertex 34.2114 5.17758 8
      vertex 34.2114 8.82242 8
    endloop
  endfacet
  facet normal 0 0 1
    outer loop
      vertex 34.0936 8.92628 8
      vertex 34.0936 5.07372 8
      vertex 34.2114 5.17758 8
    endloop
  endfacet
  facet normal 0 0 1
    outer loop
      vertex 33.9695 9.02254 8
      vertex 34.0936 5.07372 8
      vertex 34.0936 8.92628 8
    endloop
  endfacet
  facet normal 0 0 1
    outer loop
      vertex 33.9695 9.02254 8
      vertex 33.9695 4.97746 8
      vertex 34.0936 5.07372 8
    endloop
  endfacet
  facet normal 0 0 1
    outer loop
      vertex 33.8396 9.11082 8
      vertex 33.9695 4.97746 8
      vertex 33.9695 9.02254 8
    endloop
  endfacet
  facet normal 0 0 1
    outer loop
      vertex 33.8396 9.11082 8
      vertex 33.8396 4.88918 8
      vertex 33.9695 4.97746 8
    endloop
  endfacet
  facet normal 0 0 1
    outer loop
      vertex 33.7044 9.19077 8
      vertex 33.8396 4.88918 8
      vertex 33.8396 9.11082 8
    endloop
  endfacet
  facet normal 0 0 1
    outer loop
      vertex 33.7044 9.19077 8
      vertex 33.7044 4.80923 8
      vertex 33.8396 4.88918 8
    endloop
  endfacet
  facet normal 0 0 1
    outer loop
      vertex 33.5644 9.26207 8
      vertex 33.7044 4.80923 8
      vertex 33.7044 9.19077 8
    endloop
  endfacet
  facet normal 0 0 1
    outer loop
      vertex 33.5644 9.26207 8
      vertex 33.5644 4.73793 8
      vertex 33.7044 4.80923 8
    endloop
  endfacet
  facet normal 0 0 1
    outer loop
      vertex 33.4203 9.32444 8
      vertex 33.5644 4.73793 8
      vertex 33.5644 9.26207 8
    endloop
  endfacet
  facet normal 0 0 1
    outer loop
      vertex 33.4203 9.32444 8
      vertex 33.4203 4.67556 8
      vertex 33.5644 4.73793 8
    endloop
  endfacet
  facet normal 0 0 1
    outer loop
      vertex 33.2725 9.37764 8
      vertex 33.4203 4.67556 8
      vertex 33.4203 9.32444 8
    endloop
  endfacet
  facet normal 0 0 1
    outer loop
      vertex 33.2725 9.37764 8
      vertex 33.2725 4.62236 8
      vertex 33.4203 4.67556 8
    endloop
  endfacet
  facet normal 0 0 1
    outer loop
      vertex 33.1217 9.42146 8
      vertex 33.2725 4.62236 8
      vertex 33.2725 9.37764 8
    endloop
  endfacet
  facet normal 0 0 1
    outer loop
      vertex 33.1217 9.42146 8
      vertex 33.1217 4.57854 8
      vertex 33.2725 4.62236 8
    endloop
  endfacet
  facet normal 0 0 1
    outer loop
      vertex 32.9685 9.45572 8
      vertex 33.1217 4.57854 8
      vertex 33.1217 9.42146 8
    endloop
  endfacet
  facet normal 0 0 1
    outer loop
      vertex 32.9685 9.45572 8
      vertex 32.9685 4.54428 8
      vertex 33.1217 4.57854 8
    endloop
  endfacet
  facet normal 0 0 1
    outer loop
      vertex 32.8133 9.48029 8
      vertex 32.9685 4.54428 8
      vertex 32.9685 9.45572 8
    endloop
  endfacet
  facet normal 0 0 1
    outer loop
      vertex 32.8133 9.48029 8
      vertex 32.8133 4.51971 8
      vertex 32.9685 4.54428 8
    endloop
  endfacet
  facet normal 0 0 1
    outer loop
      vertex 32.657 9.49507 8
      vertex 32.8133 4.51971 8
      vertex 32.8133 9.48029 8
    endloop
  endfacet
  facet normal 0 0 1
    outer loop
      vertex 32.657 9.49507 8
      vertex 32.657 4.50493 8
      vertex 32.8133 4.51971 8
    endloop
  endfacet
  facet normal 0 0 1
    outer loop
      vertex 32.5 9.5 8
      vertex 32.657 4.50493 8
      vertex 32.657 9.49507 8
    endloop
  endfacet
  facet normal 0 0 1
    outer loop
      vertex 32.5 9.5 8
      vertex 32.5 4.5 8
      vertex 32.657 4.50493 8
    endloop
  endfacet
  facet normal -0 0 1
    outer loop
      vertex 32.343 9.49507 8
      vertex 32.5 4.5 8
      vertex 32.5 9.5 8
    endloop
  endfacet
  facet normal 0 0 1
    outer loop
      vertex 32.343 9.49507 8
      vertex 32.343 4.50493 8
      vertex 32.5 4.5 8
    endloop
  endfacet
  facet normal -0 0 1
    outer loop
      vertex 32.1867 9.48029 8
      vertex 32.343 4.50493 8
      vertex 32.343 9.49507 8
    endloop
  endfacet
  facet normal 0 0 1
    outer loop
      vertex 32.1867 9.48029 8
      vertex 32.1867 4.51971 8
      vertex 32.343 4.50493 8
    endloop
  endfacet
  facet normal -0 0 1
    outer loop
      vertex 32.0315 9.45572 8
      vertex 32.1867 4.51971 8
      vertex 32.1867 9.48029 8
    endloop
  endfacet
  facet normal 0 0 1
    outer loop
      vertex 32.0315 9.45572 8
      vertex 32.0315 4.54428 8
      vertex 32.1867 4.51971 8
    endloop
  endfacet
  facet normal -0 0 1
    outer loop
      vertex 31.8783 9.42146 8
      vertex 32.0315 4.54428 8
      vertex 32.0315 9.45572 8
    endloop
  endfacet
  facet normal 0 0 1
    outer loop
      vertex 31.8783 9.42146 8
      vertex 31.8783 4.57854 8
      vertex 32.0315 4.54428 8
    endloop
  endfacet
  facet normal -0 0 1
    outer loop
      vertex 31.7275 9.37764 8
      vertex 31.8783 4.57854 8
      vertex 31.8783 9.42146 8
    endloop
  endfacet
  facet normal 0 0 1
    outer loop
      vertex 31.7275 9.37764 8
      vertex 31.7275 4.62236 8
      vertex 31.8783 4.57854 8
    endloop
  endfacet
  facet normal -0 0 1
    outer loop
      vertex 31.5797 9.32444 8
      vertex 31.7275 4.62236 8
      vertex 31.7275 9.37764 8
    endloop
  endfacet
  facet normal 0 0 1
    outer loop
      vertex 31.5797 9.32444 8
      vertex 31.5797 4.67556 8
      vertex 31.7275 4.62236 8
    endloop
  endfacet
  facet normal -0 0 1
    outer loop
      vertex 31.4356 9.26207 8
      vertex 31.5797 4.67556 8
      vertex 31.5797 9.32444 8
    endloop
  endfacet
  facet normal 0 0 1
    outer loop
      vertex 31.4356 9.26207 8
      vertex 31.4356 4.73793 8
      vertex 31.5797 4.67556 8
    endloop
  endfacet
  facet normal -0 0 1
    outer loop
      vertex 31.2956 9.19077 8
      vertex 31.4356 4.73793 8
      vertex 31.4356 9.26207 8
    endloop
  endfacet
  facet normal 0 0 1
    outer loop
      vertex 31.2956 9.19077 8
      vertex 31.2956 4.80923 8
      vertex 31.4356 4.73793 8
    endloop
  endfacet
  facet normal -0 0 1
    outer loop
      vertex 31.1604 9.11082 8
      vertex 31.2956 4.80923 8
      vertex 31.2956 9.19077 8
    endloop
  endfacet
  facet normal 0 0 1
    outer loop
      vertex 31.1604 9.11082 8
      vertex 31.1604 4.88918 8
      vertex 31.2956 4.80923 8
    endloop
  endfacet
  facet normal -0 0 1
    outer loop
      vertex 31.0305 9.02254 8
      vertex 31.1604 4.88918 8
      vertex 31.1604 9.11082 8
    endloop
  endfacet
  facet normal 0 0 1
    outer loop
      vertex 31.0305 9.02254 8
      vertex 31.0305 4.97746 8
      vertex 31.1604 4.88918 8
    endloop
  endfacet
  facet normal -0 0 1
    outer loop
      vertex 30.9064 8.92628 8
      vertex 31.0305 4.97746 8
      vertex 31.0305 9.02254 8
    endloop
  endfacet
  facet normal 0 0 1
    outer loop
      vertex 30.9064 8.92628 8
      vertex 30.9064 5.07372 8
      vertex 31.0305 4.97746 8
    endloop
  endfacet
  facet normal -0 0 1
    outer loop
      vertex 30.7886 8.82242 8
      vertex 30.9064 5.07372 8
      vertex 30.9064 8.92628 8
    endloop
  endfacet
  facet normal 0 0 1
    outer loop
      vertex 30.7886 8.82242 8
      vertex 30.7886 5.17758 8
      vertex 30.9064 5.07372 8
    endloop
  endfacet
  facet normal -0 0 1
    outer loop
      vertex 30.6776 8.71137 8
      vertex 30.7886 5.17758 8
      vertex 30.7886 8.82242 8
    endloop
  endfacet
  facet normal 0 0 1
    outer loop
      vertex 30.6776 8.71137 8
      vertex 30.6776 5.28863 8
      vertex 30.7886 5.17758 8
    endloop
  endfacet
  facet normal -0 0 1
    outer loop
      vertex 30.5737 8.59356 8
      vertex 30.6776 5.28863 8
      vertex 30.6776 8.71137 8
    endloop
  endfacet
  facet normal 0 0 1
    outer loop
      vertex 30.5737 8.59356 8
      vertex 30.5737 5.40644 8
      vertex 30.6776 5.28863 8
    endloop
  endfacet
  facet normal -0 0 1
    outer loop
      vertex 30.4775 8.46946 8
      vertex 30.5737 5.40644 8
      vertex 30.5737 8.59356 8
    endloop
  endfacet
  facet normal 0 0 1
    outer loop
      vertex 30.4775 8.46946 8
      vertex 30.4775 5.53054 8
      vertex 30.5737 5.40644 8
    endloop
  endfacet
  facet normal -0 0 1
    outer loop
      vertex 30.3892 8.33957 8
      vertex 30.4775 5.53054 8
      vertex 30.4775 8.46946 8
    endloop
  endfacet
  facet normal 0 0 1
    outer loop
      vertex 30.3892 8.33957 8
      vertex 30.3892 5.66043 8
      vertex 30.4775 5.53054 8
    endloop
  endfacet
  facet normal -0 0 1
    outer loop
      vertex 30.3092 8.20438 8
      vertex 30.3892 5.66043 8
      vertex 30.3892 8.33957 8
    endloop
  endfacet
  facet normal 0 0 1
    outer loop
      vertex 30.3092 8.20438 8
      vertex 30.3092 5.79562 8
      vertex 30.3892 5.66043 8
    endloop
  endfacet
  facet normal -0 0 1
    outer loop
      vertex 30.2379 8.06445 8
      vertex 30.3092 5.79562 8
      vertex 30.3092 8.20438 8
    endloop
  endfacet
  facet normal 0 0 1
    outer loop
      vertex 30.2379 8.06445 8
      vertex 30.2379 5.93555 8
      vertex 30.3092 5.79562 8
    endloop
  endfacet
  facet normal -0 0 1
    outer loop
      vertex 30.1756 7.92031 8
      vertex 30.2379 5.93555 8
      vertex 30.2379 8.06445 8
    endloop
  endfacet
  facet normal 0 0 1
    outer loop
      vertex 30.1756 7.92031 8
      vertex 30.1756 6.07969 8
      vertex 30.2379 5.93555 8
    endloop
  endfacet
  facet normal -0 0 1
    outer loop
      vertex 30.1224 7.77254 8
      vertex 30.1756 6.07969 8
      vertex 30.1756 7.92031 8
    endloop
  endfacet
  facet normal 0 0 1
    outer loop
      vertex 30.1224 7.77254 8
      vertex 30.1224 6.22746 8
      vertex 30.1756 6.07969 8
    endloop
  endfacet
  facet normal -0 0 1
    outer loop
      vertex 30.0785 7.62172 8
      vertex 30.1224 6.22746 8
      vertex 30.1224 7.77254 8
    endloop
  endfacet
  facet normal 0 0 1
    outer loop
      vertex 30.0785 7.62172 8
      vertex 30.0785 6.37827 8
      vertex 30.1224 6.22746 8
    endloop
  endfacet
  facet normal -0 0 1
    outer loop
      vertex 30.0443 7.46845 8
      vertex 30.0785 6.37827 8
      vertex 30.0785 7.62172 8
    endloop
  endfacet
  facet normal 0 0 1
    outer loop
      vertex 30.0443 7.46845 8
      vertex 30.0443 6.53155 8
      vertex 30.0785 6.37827 8
    endloop
  endfacet
  facet normal -0 0 1
    outer loop
      vertex 30.0197 7.31333 8
      vertex 30.0443 6.53155 8
      vertex 30.0443 7.46845 8
    endloop
  endfacet
  facet normal 0 0 1
    outer loop
      vertex 30.0197 7.31333 8
      vertex 30.0197 6.68667 8
      vertex 30.0443 6.53155 8
    endloop
  endfacet
  facet normal -0 0 1
    outer loop
      vertex 30.0049 7.15698 8
      vertex 30.0197 6.68667 8
      vertex 30.0197 7.31333 8
    endloop
  endfacet
  facet normal 0 0 1
    outer loop
      vertex 30.0049 7.15698 8
      vertex 30.0049 6.84302 8
      vertex 30.0197 6.68667 8
    endloop
  endfacet
  facet normal 0 -0 1
    outer loop
      vertex 30.0049 6.84302 8
      vertex 30.0049 7.15698 8
      vertex 30 7 8
    endloop
  endfacet
  facet normal 0.987657 -0.15663 0
    outer loop
      vertex 34.9557 6.53155 8
      vertex 34.9803 6.68667 3.5
      vertex 34.9803 6.68667 8
    endloop
  endfacet
  facet normal 0.987657 -0.15663 0
    outer loop
      vertex 34.9803 6.68667 3.5
      vertex 34.9557 6.53155 8
      vertex 34.9557 6.53155 3.5
    endloop
  endfacet
  facet normal 0.338674 -0.940904 0
    outer loop
      vertex 33.2725 4.62236 3.5
      vertex 33.4203 4.67556 8
      vertex 33.2725 4.62236 8
    endloop
  endfacet
  facet normal 0.338674 -0.940904 0
    outer loop
      vertex 33.4203 4.67556 8
      vertex 33.2725 4.62236 3.5
      vertex 33.4203 4.67556 3.5
    endloop
  endfacet
  facet normal 0.661331 -0.750094 0
    outer loop
      vertex 34.0936 5.07372 3.5
      vertex 34.2114 5.17758 8
      vertex 34.0936 5.07372 8
    endloop
  endfacet
  facet normal 0.661331 -0.750094 0
    outer loop
      vertex 34.2114 5.17758 8
      vertex 34.0936 5.07372 3.5
      vertex 34.2114 5.17758 3.5
    endloop
  endfacet
  facet normal -0.218239 -0.975895 0
    outer loop
      vertex 31.8783 4.57854 3.5
      vertex 32.0315 4.54428 8
      vertex 31.8783 4.57854 8
    endloop
  endfacet
  facet normal -0.218239 -0.975895 -0
    outer loop
      vertex 32.0315 4.54428 8
      vertex 31.8783 4.57854 3.5
      vertex 32.0315 4.54428 3.5
    endloop
  endfacet
  facet normal -0.0941418 -0.995559 0
    outer loop
      vertex 32.1867 4.51971 3.5
      vertex 32.343 4.50493 8
      vertex 32.1867 4.51971 8
    endloop
  endfacet
  facet normal -0.0941418 -0.995559 -0
    outer loop
      vertex 32.343 4.50493 8
      vertex 32.1867 4.51971 3.5
      vertex 32.343 4.50493 3.5
    endloop
  endfacet
  facet normal -0.6129 -0.790161 0
    outer loop
      vertex 30.9064 5.07372 3.5
      vertex 31.0305 4.97746 8
      vertex 30.9064 5.07372 8
    endloop
  endfacet
  facet normal -0.6129 -0.790161 -0
    outer loop
      vertex 31.0305 4.97746 8
      vertex 30.9064 5.07372 3.5
      vertex 31.0305 4.97746 3.5
    endloop
  endfacet
  facet normal -0.987657 -0.15663 0
    outer loop
      vertex 30.0443 6.53155 3.5
      vertex 30.0197 6.68667 8
      vertex 30.0197 6.68667 3.5
    endloop
  endfacet
  facet normal -0.987657 -0.15663 0
    outer loop
      vertex 30.0197 6.68667 8
      vertex 30.0443 6.53155 3.5
      vertex 30.0443 6.53155 8
    endloop
  endfacet
  facet normal -0.940882 -0.338735 0
    outer loop
      vertex 30.1756 6.07969 3.5
      vertex 30.1224 6.22746 8
      vertex 30.1224 6.22746 3.5
    endloop
  endfacet
  facet normal -0.940882 -0.338735 0
    outer loop
      vertex 30.1224 6.22746 8
      vertex 30.1756 6.07969 3.5
      vertex 30.1756 6.07969 8
    endloop
  endfacet
  facet normal -0.827001 -0.5622 0
    outer loop
      vertex 30.4775 5.53054 3.5
      vertex 30.3892 5.66043 8
      vertex 30.3892 5.66043 3.5
    endloop
  endfacet
  facet normal -0.827001 -0.5622 0
    outer loop
      vertex 30.3892 5.66043 8
      vertex 30.4775 5.53054 3.5
      vertex 30.4775 5.53054 8
    endloop
  endfacet
  facet normal -0.749996 -0.661443 0
    outer loop
      vertex 30.6776 5.28863 3.5
      vertex 30.5737 5.40644 8
      vertex 30.5737 5.40644 3.5
    endloop
  endfacet
  facet normal -0.749996 -0.661443 0
    outer loop
      vertex 30.5737 5.40644 8
      vertex 30.6776 5.28863 3.5
      vertex 30.6776 5.28863 8
    endloop
  endfacet
  facet normal 0.99555 -0.0942382 0
    outer loop
      vertex 34.9803 6.68667 8
      vertex 34.9951 6.84302 3.5
      vertex 34.9951 6.84302 8
    endloop
  endfacet
  facet normal 0.99555 -0.0942382 0
    outer loop
      vertex 34.9951 6.84302 3.5
      vertex 34.9803 6.68667 8
      vertex 34.9803 6.68667 3.5
    endloop
  endfacet
  facet normal 0.976001 -0.217766 0
    outer loop
      vertex 34.9215 6.37827 8
      vertex 34.9557 6.53155 3.5
      vertex 34.9557 6.53155 8
    endloop
  endfacet
  facet normal 0.976001 -0.217766 0
    outer loop
      vertex 34.9557 6.53155 3.5
      vertex 34.9215 6.37827 8
      vertex 34.9215 6.37827 3.5
    endloop
  endfacet
  facet normal 0 1 -0
    outer loop
      vertex 27 6.5 0
      vertex 23 6.5 3.5
      vertex 27 6.5 3.5
    endloop
  endfacet
  facet normal 0 1 0
    outer loop
      vertex 19 6.5 0
      vertex 23 6.5 3.5
      vertex 27 6.5 0
    endloop
  endfacet
  facet normal 0 1 0
    outer loop
      vertex 23 6.5 3.5
      vertex 19 6.5 0
      vertex 19 6.5 3.5
    endloop
  endfacet
  facet normal 0 -1 0
    outer loop
      vertex 19 7.75 0
      vertex 23 7.75 3.5
      vertex 19 7.75 3.5
    endloop
  endfacet
  facet normal 0 -1 0
    outer loop
      vertex 27 7.75 0
      vertex 23 7.75 3.5
      vertex 19 7.75 0
    endloop
  endfacet
  facet normal 0 -1 0
    outer loop
      vertex 23 7.75 3.5
      vertex 27 7.75 0
      vertex 27 7.75 3.5
    endloop
  endfacet
endsolid OpenSCAD_Model
