solid OpenSCAD_Model
  facet normal 0 1 -0
    outer loop
      vertex 93 26.02 13.52
      vertex 91 26.02 14.02
      vertex 93 26.02 14.02
    endloop
  endfacet
  facet normal 0 1 0
    outer loop
      vertex 91 26.02 14.02
      vertex 93 26.02 13.52
      vertex 91 26.02 13.52
    endloop
  endfacet
  facet normal 0 -1 0
    outer loop
      vertex 91 26.52 13.52
      vertex 93 26.52 14.02
      vertex 91 26.52 14.02
    endloop
  endfacet
  facet normal 0 -1 -0
    outer loop
      vertex 93 26.52 14.02
      vertex 91 26.52 13.52
      vertex 93 26.52 13.52
    endloop
  endfacet
  facet normal 0 0 -1
    outer loop
      vertex 91 26.02 14.02
      vertex 93 26.52 14.02
      vertex 93 26.02 14.02
    endloop
  endfacet
  facet normal -0 0 -1
    outer loop
      vertex 93 26.52 14.02
      vertex 91 26.02 14.02
      vertex 91 26.52 14.02
    endloop
  endfacet
  facet normal -0 0 1
    outer loop
      vertex 91 26.52 13.52
      vertex 93 26.02 13.52
      vertex 93 26.52 13.52
    endloop
  endfacet
  facet normal 0 0 1
    outer loop
      vertex 93 26.02 13.52
      vertex 91 26.52 13.52
      vertex 91 26.02 13.52
    endloop
  endfacet
  facet normal 0 1 -0
    outer loop
      vertex 93 28.56 13.52
      vertex 91 28.56 14.02
      vertex 93 28.56 14.02
    endloop
  endfacet
  facet normal 0 1 0
    outer loop
      vertex 91 28.56 14.02
      vertex 93 28.56 13.52
      vertex 91 28.56 13.52
    endloop
  endfacet
  facet normal 0 -1 0
    outer loop
      vertex 91 29.06 13.52
      vertex 93 29.06 14.02
      vertex 91 29.06 14.02
    endloop
  endfacet
  facet normal 0 -1 -0
    outer loop
      vertex 93 29.06 14.02
      vertex 91 29.06 13.52
      vertex 93 29.06 13.52
    endloop
  endfacet
  facet normal 0 0 -1
    outer loop
      vertex 91 28.56 14.02
      vertex 93 29.06 14.02
      vertex 93 28.56 14.02
    endloop
  endfacet
  facet normal -0 0 -1
    outer loop
      vertex 93 29.06 14.02
      vertex 91 28.56 14.02
      vertex 91 29.06 14.02
    endloop
  endfacet
  facet normal -0 0 1
    outer loop
      vertex 91 29.06 13.52
      vertex 93 28.56 13.52
      vertex 93 29.06 13.52
    endloop
  endfacet
  facet normal 0 0 1
    outer loop
      vertex 93 28.56 13.52
      vertex 91 29.06 13.52
      vertex 91 28.56 13.52
    endloop
  endfacet
  facet normal 0 1 -0
    outer loop
      vertex 93 31.1 13.52
      vertex 91 31.1 14.02
      vertex 93 31.1 14.02
    endloop
  endfacet
  facet normal 0 1 0
    outer loop
      vertex 91 31.1 14.02
      vertex 93 31.1 13.52
      vertex 91 31.1 13.52
    endloop
  endfacet
  facet normal 0 -1 0
    outer loop
      vertex 91 31.6 13.52
      vertex 93 31.6 14.02
      vertex 91 31.6 14.02
    endloop
  endfacet
  facet normal 0 -1 -0
    outer loop
      vertex 93 31.6 14.02
      vertex 91 31.6 13.52
      vertex 93 31.6 13.52
    endloop
  endfacet
  facet normal -0 0 1
    outer loop
      vertex 91 31.6 13.52
      vertex 93 31.1 13.52
      vertex 93 31.6 13.52
    endloop
  endfacet
  facet normal 0 0 1
    outer loop
      vertex 93 31.1 13.52
      vertex 91 31.6 13.52
      vertex 91 31.1 13.52
    endloop
  endfacet
  facet normal 0 0 -1
    outer loop
      vertex 91 31.1 14.02
      vertex 93 31.6 14.02
      vertex 93 31.1 14.02
    endloop
  endfacet
  facet normal -0 0 -1
    outer loop
      vertex 93 31.6 14.02
      vertex 91 31.1 14.02
      vertex 91 31.6 14.02
    endloop
  endfacet
  facet normal -0.661311 0.750111 0
    outer loop
      vertex 57.7114 51.1776 0
      vertex 57.5936 51.0737 2
      vertex 57.7114 51.1776 2
    endloop
  endfacet
  facet normal -0.661311 0.750111 0
    outer loop
      vertex 57.5936 51.0737 2
      vertex 57.7114 51.1776 0
      vertex 57.5936 51.0737 0
    endloop
  endfacet
  facet normal 0.397147 0.917755 -0
    outer loop
      vertex 55.0797 50.6756 0
      vertex 54.9356 50.7379 2
      vertex 55.0797 50.6756 2
    endloop
  endfacet
  facet normal 0.397147 0.917755 0
    outer loop
      vertex 54.9356 50.7379 2
      vertex 55.0797 50.6756 0
      vertex 54.9356 50.7379 0
    endloop
  endfacet
  facet normal 0.917764 0.397127 0
    outer loop
      vertex 53.7379 51.9356 2
      vertex 53.6756 52.0797 0
      vertex 53.6756 52.0797 2
    endloop
  endfacet
  facet normal 0.917764 0.397127 0
    outer loop
      vertex 53.6756 52.0797 0
      vertex 53.7379 51.9356 2
      vertex 53.7379 51.9356 0
    endloop
  endfacet
  facet normal -0.562088 -0.827077 0
    outer loop
      vertex 57.3396 55.1108 0
      vertex 57.4695 55.0225 2
      vertex 57.3396 55.1108 2
    endloop
  endfacet
  facet normal -0.562088 -0.827077 -0
    outer loop
      vertex 57.4695 55.0225 2
      vertex 57.3396 55.1108 0
      vertex 57.4695 55.0225 0
    endloop
  endfacet
  facet normal 0.397147 -0.917755 0
    outer loop
      vertex 54.9356 55.2621 0
      vertex 55.0797 55.3244 2
      vertex 54.9356 55.2621 2
    endloop
  endfacet
  facet normal 0.397147 -0.917755 0
    outer loop
      vertex 55.0797 55.3244 2
      vertex 54.9356 55.2621 0
      vertex 55.0797 55.3244 0
    endloop
  endfacet
  facet normal -0.917755 0.397147 0
    outer loop
      vertex 58.2621 51.9356 0
      vertex 58.3244 52.0797 2
      vertex 58.3244 52.0797 0
    endloop
  endfacet
  facet normal -0.917755 0.397147 0
    outer loop
      vertex 58.3244 52.0797 2
      vertex 58.2621 51.9356 0
      vertex 58.2621 51.9356 2
    endloop
  endfacet
  facet normal -0.891006 0.453992 0
    outer loop
      vertex 58.1908 51.7956 0
      vertex 58.2621 51.9356 2
      vertex 58.2621 51.9356 0
    endloop
  endfacet
  facet normal -0.891006 0.453992 0
    outer loop
      vertex 58.2621 51.9356 2
      vertex 58.1908 51.7956 0
      vertex 58.1908 51.7956 2
    endloop
  endfacet
  facet normal -0.397156 0.917751 0
    outer loop
      vertex 57.0644 50.7379 0
      vertex 56.9203 50.6756 2
      vertex 57.0644 50.7379 2
    endloop
  endfacet
  facet normal -0.397156 0.917751 0
    outer loop
      vertex 56.9203 50.6756 2
      vertex 57.0644 50.7379 0
      vertex 56.9203 50.6756 0
    endloop
  endfacet
  facet normal 0.750111 0.661311 0
    outer loop
      vertex 54.1776 51.2886 2
      vertex 54.0737 51.4064 0
      vertex 54.0737 51.4064 2
    endloop
  endfacet
  facet normal 0.750111 0.661311 0
    outer loop
      vertex 54.0737 51.4064 0
      vertex 54.1776 51.2886 2
      vertex 54.1776 51.2886 0
    endloop
  endfacet
  facet normal 0.218136 0.975918 -0
    outer loop
      vertex 55.5315 50.5443 0
      vertex 55.3783 50.5785 2
      vertex 55.5315 50.5443 2
    endloop
  endfacet
  facet normal 0.218136 0.975918 0
    outer loop
      vertex 55.3783 50.5785 2
      vertex 55.5315 50.5443 0
      vertex 55.3783 50.5785 0
    endloop
  endfacet
  facet normal -0.999507 -0.0314061 0
    outer loop
      vertex 58.5 53 0
      vertex 58.4951 53.157 2
      vertex 58.4951 53.157 0
    endloop
  endfacet
  facet normal -0.999507 -0.0314061 0
    outer loop
      vertex 58.4951 53.157 2
      vertex 58.5 53 0
      vertex 58.5 53 2
    endloop
  endfacet
  facet normal -0.750111 -0.661311 0
    outer loop
      vertex 57.9263 54.5936 0
      vertex 57.8224 54.7114 2
      vertex 57.8224 54.7114 0
    endloop
  endfacet
  facet normal -0.750111 -0.661311 0
    outer loop
      vertex 57.8224 54.7114 2
      vertex 57.9263 54.5936 0
      vertex 57.9263 54.5936 2
    endloop
  endfacet
  facet normal 0.661311 -0.750111 0
    outer loop
      vertex 54.2886 54.8224 0
      vertex 54.4064 54.9263 2
      vertex 54.2886 54.8224 2
    endloop
  endfacet
  facet normal 0.661311 -0.750111 0
    outer loop
      vertex 54.4064 54.9263 2
      vertex 54.2886 54.8224 0
      vertex 54.4064 54.9263 0
    endloop
  endfacet
  facet normal -0.975912 0.218165 0
    outer loop
      vertex 58.4215 52.3783 0
      vertex 58.4557 52.5315 2
      vertex 58.4557 52.5315 0
    endloop
  endfacet
  facet normal -0.975912 0.218165 0
    outer loop
      vertex 58.4557 52.5315 2
      vertex 58.4215 52.3783 0
      vertex 58.4215 52.3783 2
    endloop
  endfacet
  facet normal -0.827089 0.562071 0
    outer loop
      vertex 58.0225 51.5305 0
      vertex 58.1108 51.6604 2
      vertex 58.1108 51.6604 0
    endloop
  endfacet
  facet normal -0.827089 0.562071 0
    outer loop
      vertex 58.1108 51.6604 2
      vertex 58.0225 51.5305 0
      vertex 58.0225 51.5305 2
    endloop
  endfacet
  facet normal -0.707107 0.707107 0
    outer loop
      vertex 57.7114 51.1776 0
      vertex 57.8224 51.2886 2
      vertex 57.8224 51.2886 0
    endloop
  endfacet
  facet normal -0.707107 0.707107 0
    outer loop
      vertex 57.8224 51.2886 2
      vertex 57.7114 51.1776 0
      vertex 57.7114 51.1776 2
    endloop
  endfacet
  facet normal -0.562088 0.827077 0
    outer loop
      vertex 57.4695 50.9775 0
      vertex 57.3396 50.8892 2
      vertex 57.4695 50.9775 2
    endloop
  endfacet
  facet normal -0.562088 0.827077 0
    outer loop
      vertex 57.3396 50.8892 2
      vertex 57.4695 50.9775 0
      vertex 57.3396 50.8892 0
    endloop
  endfacet
  facet normal -0.509035 0.860746 0
    outer loop
      vertex 57.3396 50.8892 0
      vertex 57.2044 50.8092 2
      vertex 57.3396 50.8892 2
    endloop
  endfacet
  facet normal -0.509035 0.860746 0
    outer loop
      vertex 57.2044 50.8092 2
      vertex 57.3396 50.8892 0
      vertex 57.2044 50.8092 0
    endloop
  endfacet
  facet normal -0.0314061 0.999507 0
    outer loop
      vertex 56.157 50.5049 0
      vertex 56 50.5 2
      vertex 56.157 50.5049 2
    endloop
  endfacet
  facet normal -0.0314061 0.999507 0
    outer loop
      vertex 56 50.5 2
      vertex 56.157 50.5049 0
      vertex 56 50.5 0
    endloop
  endfacet
  facet normal -0.338734 0.940882 0
    outer loop
      vertex 56.9203 50.6756 0
      vertex 56.7725 50.6224 2
      vertex 56.9203 50.6756 2
    endloop
  endfacet
  facet normal -0.338734 0.940882 0
    outer loop
      vertex 56.7725 50.6224 2
      vertex 56.9203 50.6756 0
      vertex 56.7725 50.6224 0
    endloop
  endfacet
  facet normal -0.218142 0.975917 0
    outer loop
      vertex 56.6217 50.5785 0
      vertex 56.4685 50.5443 2
      vertex 56.6217 50.5785 2
    endloop
  endfacet
  facet normal -0.218142 0.975917 0
    outer loop
      vertex 56.4685 50.5443 2
      vertex 56.6217 50.5785 0
      vertex 56.4685 50.5443 0
    endloop
  endfacet
  facet normal 0.999507 0.0314061 0
    outer loop
      vertex 53.5049 52.843 2
      vertex 53.5 53 0
      vertex 53.5 53 2
    endloop
  endfacet
  facet normal 0.999507 0.0314061 0
    outer loop
      vertex 53.5 53 0
      vertex 53.5049 52.843 2
      vertex 53.5049 52.843 0
    endloop
  endfacet
  facet normal 0.940882 0.338734 0
    outer loop
      vertex 53.6756 52.0797 2
      vertex 53.6224 52.2275 0
      vertex 53.6224 52.2275 2
    endloop
  endfacet
  facet normal 0.940882 0.338734 0
    outer loop
      vertex 53.6224 52.2275 0
      vertex 53.6756 52.0797 2
      vertex 53.6756 52.0797 0
    endloop
  endfacet
  facet normal 0.975917 0.218142 0
    outer loop
      vertex 53.5785 52.3783 2
      vertex 53.5443 52.5315 0
      vertex 53.5443 52.5315 2
    endloop
  endfacet
  facet normal 0.975917 0.218142 0
    outer loop
      vertex 53.5443 52.5315 0
      vertex 53.5785 52.3783 2
      vertex 53.5785 52.3783 0
    endloop
  endfacet
  facet normal 0.860746 0.509035 0
    outer loop
      vertex 53.8892 51.6604 2
      vertex 53.8092 51.7956 0
      vertex 53.8092 51.7956 2
    endloop
  endfacet
  facet normal 0.860746 0.509035 0
    outer loop
      vertex 53.8092 51.7956 0
      vertex 53.8892 51.6604 2
      vertex 53.8892 51.6604 0
    endloop
  endfacet
  facet normal 0.827089 0.562071 0
    outer loop
      vertex 53.9775 51.5305 2
      vertex 53.8892 51.6604 0
      vertex 53.8892 51.6604 2
    endloop
  endfacet
  facet normal 0.827089 0.562071 0
    outer loop
      vertex 53.8892 51.6604 0
      vertex 53.9775 51.5305 2
      vertex 53.9775 51.5305 0
    endloop
  endfacet
  facet normal 0.156422 0.98769 -0
    outer loop
      vertex 55.6867 50.5197 0
      vertex 55.5315 50.5443 2
      vertex 55.6867 50.5197 2
    endloop
  endfacet
  facet normal 0.156422 0.98769 0
    outer loop
      vertex 55.5315 50.5443 2
      vertex 55.6867 50.5197 0
      vertex 55.5315 50.5443 0
    endloop
  endfacet
  facet normal 0.562099 0.82707 -0
    outer loop
      vertex 54.6604 50.8892 0
      vertex 54.5305 50.9775 2
      vertex 54.6604 50.8892 2
    endloop
  endfacet
  facet normal 0.562099 0.82707 0
    outer loop
      vertex 54.5305 50.9775 2
      vertex 54.6604 50.8892 0
      vertex 54.5305 50.9775 0
    endloop
  endfacet
  facet normal 0.453992 0.891006 -0
    outer loop
      vertex 54.9356 50.7379 0
      vertex 54.7956 50.8092 2
      vertex 54.9356 50.7379 2
    endloop
  endfacet
  facet normal 0.453992 0.891006 0
    outer loop
      vertex 54.7956 50.8092 2
      vertex 54.9356 50.7379 0
      vertex 54.7956 50.8092 0
    endloop
  endfacet
  facet normal 0.707107 0.707107 0
    outer loop
      vertex 54.2886 51.1776 2
      vertex 54.1776 51.2886 0
      vertex 54.1776 51.2886 2
    endloop
  endfacet
  facet normal 0.707107 0.707107 0
    outer loop
      vertex 54.1776 51.2886 0
      vertex 54.2886 51.1776 2
      vertex 54.2886 51.1776 0
    endloop
  endfacet
  facet normal -0.940882 -0.338734 0
    outer loop
      vertex 58.3776 53.7725 0
      vertex 58.3244 53.9203 2
      vertex 58.3244 53.9203 0
    endloop
  endfacet
  facet normal -0.940882 -0.338734 0
    outer loop
      vertex 58.3244 53.9203 2
      vertex 58.3776 53.7725 0
      vertex 58.3776 53.7725 2
    endloop
  endfacet
  facet normal -0.218142 -0.975917 0
    outer loop
      vertex 56.4685 55.4557 0
      vertex 56.6217 55.4215 2
      vertex 56.4685 55.4557 2
    endloop
  endfacet
  facet normal -0.218142 -0.975917 -0
    outer loop
      vertex 56.6217 55.4215 2
      vertex 56.4685 55.4557 0
      vertex 56.6217 55.4215 0
    endloop
  endfacet
  facet normal -0.453982 -0.891011 0
    outer loop
      vertex 57.0644 55.2621 0
      vertex 57.2044 55.1908 2
      vertex 57.0644 55.2621 2
    endloop
  endfacet
  facet normal -0.453982 -0.891011 -0
    outer loop
      vertex 57.2044 55.1908 2
      vertex 57.0644 55.2621 0
      vertex 57.2044 55.1908 0
    endloop
  endfacet
  facet normal -0.860735 -0.509053 0
    outer loop
      vertex 58.1908 54.2044 0
      vertex 58.1108 54.3396 2
      vertex 58.1108 54.3396 0
    endloop
  endfacet
  facet normal -0.860735 -0.509053 0
    outer loop
      vertex 58.1108 54.3396 2
      vertex 58.1908 54.2044 0
      vertex 58.1908 54.2044 2
    endloop
  endfacet
  facet normal 0.0314061 -0.999507 0
    outer loop
      vertex 55.843 55.4951 0
      vertex 56 55.5 2
      vertex 55.843 55.4951 2
    endloop
  endfacet
  facet normal 0.0314061 -0.999507 0
    outer loop
      vertex 56 55.5 2
      vertex 55.843 55.4951 0
      vertex 56 55.5 0
    endloop
  endfacet
  facet normal 0.338742 -0.940879 0
    outer loop
      vertex 55.0797 55.3244 0
      vertex 55.2275 55.3776 2
      vertex 55.0797 55.3244 2
    endloop
  endfacet
  facet normal 0.338742 -0.940879 0
    outer loop
      vertex 55.2275 55.3776 2
      vertex 55.0797 55.3244 0
      vertex 55.2275 55.3776 0
    endloop
  endfacet
  facet normal 0.218136 -0.975918 0
    outer loop
      vertex 55.3783 55.4215 0
      vertex 55.5315 55.4557 2
      vertex 55.3783 55.4215 2
    endloop
  endfacet
  facet normal 0.218136 -0.975918 0
    outer loop
      vertex 55.5315 55.4557 2
      vertex 55.3783 55.4215 0
      vertex 55.5315 55.4557 0
    endloop
  endfacet
  facet normal 0.509024 -0.860752 0
    outer loop
      vertex 54.6604 55.1108 0
      vertex 54.7956 55.1908 2
      vertex 54.6604 55.1108 2
    endloop
  endfacet
  facet normal 0.509024 -0.860752 0
    outer loop
      vertex 54.7956 55.1908 2
      vertex 54.6604 55.1108 0
      vertex 54.7956 55.1908 0
    endloop
  endfacet
  facet normal 0.995561 -0.0941202 0
    outer loop
      vertex 53.5049 53.157 2
      vertex 53.5197 53.3133 0
      vertex 53.5197 53.3133 2
    endloop
  endfacet
  facet normal 0.995561 -0.0941202 0
    outer loop
      vertex 53.5197 53.3133 0
      vertex 53.5049 53.157 2
      vertex 53.5049 53.157 0
    endloop
  endfacet
  facet normal 0.890996 -0.454011 0
    outer loop
      vertex 53.7379 54.0644 2
      vertex 53.8092 54.2044 0
      vertex 53.8092 54.2044 2
    endloop
  endfacet
  facet normal 0.890996 -0.454011 0
    outer loop
      vertex 53.8092 54.2044 0
      vertex 53.7379 54.0644 2
      vertex 53.7379 54.0644 0
    endloop
  endfacet
  facet normal -0.995561 0.0941202 0
    outer loop
      vertex 58.4803 52.6867 0
      vertex 58.4951 52.843 2
      vertex 58.4951 52.843 0
    endloop
  endfacet
  facet normal -0.995561 0.0941202 0
    outer loop
      vertex 58.4951 52.843 2
      vertex 58.4803 52.6867 0
      vertex 58.4803 52.6867 2
    endloop
  endfacet
  facet normal -0.98769 0.156422 0
    outer loop
      vertex 58.4557 52.5315 0
      vertex 58.4803 52.6867 2
      vertex 58.4803 52.6867 0
    endloop
  endfacet
  facet normal -0.98769 0.156422 0
    outer loop
      vertex 58.4803 52.6867 2
      vertex 58.4557 52.5315 0
      vertex 58.4557 52.5315 2
    endloop
  endfacet
  facet normal -0.940882 0.338734 0
    outer loop
      vertex 58.3244 52.0797 0
      vertex 58.3776 52.2275 2
      vertex 58.3776 52.2275 0
    endloop
  endfacet
  facet normal -0.940882 0.338734 0
    outer loop
      vertex 58.3776 52.2275 2
      vertex 58.3244 52.0797 0
      vertex 58.3244 52.0797 2
    endloop
  endfacet
  facet normal -0.960295 0.278985 0
    outer loop
      vertex 58.3776 52.2275 0
      vertex 58.4215 52.3783 2
      vertex 58.4215 52.3783 0
    endloop
  endfacet
  facet normal -0.960295 0.278985 0
    outer loop
      vertex 58.4215 52.3783 2
      vertex 58.3776 52.2275 0
      vertex 58.3776 52.2275 2
    endloop
  endfacet
  facet normal -0.860735 0.509053 0
    outer loop
      vertex 58.1108 51.6604 0
      vertex 58.1908 51.7956 2
      vertex 58.1908 51.7956 0
    endloop
  endfacet
  facet normal -0.860735 0.509053 0
    outer loop
      vertex 58.1908 51.7956 2
      vertex 58.1108 51.6604 0
      vertex 58.1108 51.6604 2
    endloop
  endfacet
  facet normal -0.750111 0.661311 0
    outer loop
      vertex 57.8224 51.2886 0
      vertex 57.9263 51.4064 2
      vertex 57.9263 51.4064 0
    endloop
  endfacet
  facet normal -0.750111 0.661311 0
    outer loop
      vertex 57.9263 51.4064 2
      vertex 57.8224 51.2886 0
      vertex 57.8224 51.2886 2
    endloop
  endfacet
  facet normal -0.790162 0.612897 0
    outer loop
      vertex 57.9263 51.4064 0
      vertex 58.0225 51.5305 2
      vertex 58.0225 51.5305 0
    endloop
  endfacet
  facet normal -0.790162 0.612897 0
    outer loop
      vertex 58.0225 51.5305 2
      vertex 57.9263 51.4064 0
      vertex 57.9263 51.4064 2
    endloop
  endfacet
  facet normal -0.612897 0.790162 0
    outer loop
      vertex 57.5936 51.0737 0
      vertex 57.4695 50.9775 2
      vertex 57.5936 51.0737 2
    endloop
  endfacet
  facet normal -0.612897 0.790162 0
    outer loop
      vertex 57.4695 50.9775 2
      vertex 57.5936 51.0737 0
      vertex 57.4695 50.9775 0
    endloop
  endfacet
  facet normal 0.0314061 0.999507 -0
    outer loop
      vertex 56 50.5 0
      vertex 55.843 50.5049 2
      vertex 56 50.5 2
    endloop
  endfacet
  facet normal 0.0314061 0.999507 0
    outer loop
      vertex 55.843 50.5049 2
      vertex 56 50.5 0
      vertex 55.843 50.5049 0
    endloop
  endfacet
  facet normal -0.453982 0.891011 0
    outer loop
      vertex 57.2044 50.8092 0
      vertex 57.0644 50.7379 2
      vertex 57.2044 50.8092 2
    endloop
  endfacet
  facet normal -0.453982 0.891011 0
    outer loop
      vertex 57.0644 50.7379 2
      vertex 57.2044 50.8092 0
      vertex 57.0644 50.7379 0
    endloop
  endfacet
  facet normal -0.156422 0.98769 0
    outer loop
      vertex 56.4685 50.5443 0
      vertex 56.3133 50.5197 2
      vertex 56.4685 50.5443 2
    endloop
  endfacet
  facet normal -0.156422 0.98769 0
    outer loop
      vertex 56.3133 50.5197 2
      vertex 56.4685 50.5443 0
      vertex 56.3133 50.5197 0
    endloop
  endfacet
  facet normal -0.0941202 0.995561 0
    outer loop
      vertex 56.3133 50.5197 0
      vertex 56.157 50.5049 2
      vertex 56.3133 50.5197 2
    endloop
  endfacet
  facet normal -0.0941202 0.995561 0
    outer loop
      vertex 56.157 50.5049 2
      vertex 56.3133 50.5197 0
      vertex 56.157 50.5049 0
    endloop
  endfacet
  facet normal -0.279007 0.960289 0
    outer loop
      vertex 56.7725 50.6224 0
      vertex 56.6217 50.5785 2
      vertex 56.7725 50.6224 2
    endloop
  endfacet
  facet normal -0.279007 0.960289 0
    outer loop
      vertex 56.6217 50.5785 2
      vertex 56.7725 50.6224 0
      vertex 56.6217 50.5785 0
    endloop
  endfacet
  facet normal 0.98769 0.156422 0
    outer loop
      vertex 53.5443 52.5315 2
      vertex 53.5197 52.6867 0
      vertex 53.5197 52.6867 2
    endloop
  endfacet
  facet normal 0.98769 0.156422 0
    outer loop
      vertex 53.5197 52.6867 0
      vertex 53.5443 52.5315 2
      vertex 53.5443 52.5315 0
    endloop
  endfacet
  facet normal 0.995561 0.0941202 0
    outer loop
      vertex 53.5197 52.6867 2
      vertex 53.5049 52.843 0
      vertex 53.5049 52.843 2
    endloop
  endfacet
  facet normal 0.995561 0.0941202 0
    outer loop
      vertex 53.5049 52.843 0
      vertex 53.5197 52.6867 2
      vertex 53.5197 52.6867 0
    endloop
  endfacet
  facet normal 0.960289 0.279007 0
    outer loop
      vertex 53.6224 52.2275 2
      vertex 53.5785 52.3783 0
      vertex 53.5785 52.3783 2
    endloop
  endfacet
  facet normal 0.960289 0.279007 0
    outer loop
      vertex 53.5785 52.3783 0
      vertex 53.6224 52.2275 2
      vertex 53.6224 52.2275 0
    endloop
  endfacet
  facet normal 0.890996 0.454011 0
    outer loop
      vertex 53.8092 51.7956 2
      vertex 53.7379 51.9356 0
      vertex 53.7379 51.9356 2
    endloop
  endfacet
  facet normal 0.890996 0.454011 0
    outer loop
      vertex 53.7379 51.9356 0
      vertex 53.8092 51.7956 2
      vertex 53.8092 51.7956 0
    endloop
  endfacet
  facet normal 0.790151 0.612913 0
    outer loop
      vertex 54.0737 51.4064 2
      vertex 53.9775 51.5305 0
      vertex 53.9775 51.5305 2
    endloop
  endfacet
  facet normal 0.790151 0.612913 0
    outer loop
      vertex 53.9775 51.5305 0
      vertex 54.0737 51.4064 2
      vertex 54.0737 51.4064 0
    endloop
  endfacet
  facet normal 0.279007 0.960289 -0
    outer loop
      vertex 55.3783 50.5785 0
      vertex 55.2275 50.6224 2
      vertex 55.3783 50.5785 2
    endloop
  endfacet
  facet normal 0.279007 0.960289 0
    outer loop
      vertex 55.2275 50.6224 2
      vertex 55.3783 50.5785 0
      vertex 55.2275 50.6224 0
    endloop
  endfacet
  facet normal 0.338742 0.940879 -0
    outer loop
      vertex 55.2275 50.6224 0
      vertex 55.0797 50.6756 2
      vertex 55.2275 50.6224 2
    endloop
  endfacet
  facet normal 0.338742 0.940879 0
    outer loop
      vertex 55.0797 50.6756 2
      vertex 55.2275 50.6224 0
      vertex 55.0797 50.6756 0
    endloop
  endfacet
  facet normal 0.0941202 0.995561 -0
    outer loop
      vertex 55.843 50.5049 0
      vertex 55.6867 50.5197 2
      vertex 55.843 50.5049 2
    endloop
  endfacet
  facet normal 0.0941202 0.995561 0
    outer loop
      vertex 55.6867 50.5197 2
      vertex 55.843 50.5049 0
      vertex 55.6867 50.5197 0
    endloop
  endfacet
  facet normal 0.509024 0.860752 -0
    outer loop
      vertex 54.7956 50.8092 0
      vertex 54.6604 50.8892 2
      vertex 54.7956 50.8092 2
    endloop
  endfacet
  facet normal 0.509024 0.860752 0
    outer loop
      vertex 54.6604 50.8892 2
      vertex 54.7956 50.8092 0
      vertex 54.6604 50.8892 0
    endloop
  endfacet
  facet normal 0.661311 0.750111 -0
    outer loop
      vertex 54.4064 51.0737 0
      vertex 54.2886 51.1776 2
      vertex 54.4064 51.0737 2
    endloop
  endfacet
  facet normal 0.661311 0.750111 0
    outer loop
      vertex 54.2886 51.1776 2
      vertex 54.4064 51.0737 0
      vertex 54.2886 51.1776 0
    endloop
  endfacet
  facet normal 0.612897 0.790162 -0
    outer loop
      vertex 54.5305 50.9775 0
      vertex 54.4064 51.0737 2
      vertex 54.5305 50.9775 2
    endloop
  endfacet
  facet normal 0.612897 0.790162 0
    outer loop
      vertex 54.4064 51.0737 2
      vertex 54.5305 50.9775 0
      vertex 54.4064 51.0737 0
    endloop
  endfacet
  facet normal -0.999507 0.0314061 0
    outer loop
      vertex 58.4951 52.843 0
      vertex 58.5 53 2
      vertex 58.5 53 0
    endloop
  endfacet
  facet normal -0.999507 0.0314061 0
    outer loop
      vertex 58.5 53 2
      vertex 58.4951 52.843 0
      vertex 58.4951 52.843 2
    endloop
  endfacet
  facet normal -0.98769 -0.156422 0
    outer loop
      vertex 58.4803 53.3133 0
      vertex 58.4557 53.4685 2
      vertex 58.4557 53.4685 0
    endloop
  endfacet
  facet normal -0.98769 -0.156422 0
    outer loop
      vertex 58.4557 53.4685 2
      vertex 58.4803 53.3133 0
      vertex 58.4803 53.3133 2
    endloop
  endfacet
  facet normal -0.0941202 -0.995561 0
    outer loop
      vertex 56.157 55.4951 0
      vertex 56.3133 55.4803 2
      vertex 56.157 55.4951 2
    endloop
  endfacet
  facet normal -0.0941202 -0.995561 -0
    outer loop
      vertex 56.3133 55.4803 2
      vertex 56.157 55.4951 0
      vertex 56.3133 55.4803 0
    endloop
  endfacet
  facet normal -0.397156 -0.917751 0
    outer loop
      vertex 56.9203 55.3244 0
      vertex 57.0644 55.2621 2
      vertex 56.9203 55.3244 2
    endloop
  endfacet
  facet normal -0.397156 -0.917751 -0
    outer loop
      vertex 57.0644 55.2621 2
      vertex 56.9203 55.3244 0
      vertex 57.0644 55.2621 0
    endloop
  endfacet
  facet normal -0.279007 -0.960289 0
    outer loop
      vertex 56.6217 55.4215 0
      vertex 56.7725 55.3776 2
      vertex 56.6217 55.4215 2
    endloop
  endfacet
  facet normal -0.279007 -0.960289 -0
    outer loop
      vertex 56.7725 55.3776 2
      vertex 56.6217 55.4215 0
      vertex 56.7725 55.3776 0
    endloop
  endfacet
  facet normal -0.612897 -0.790162 0
    outer loop
      vertex 57.4695 55.0225 0
      vertex 57.5936 54.9263 2
      vertex 57.4695 55.0225 2
    endloop
  endfacet
  facet normal -0.612897 -0.790162 -0
    outer loop
      vertex 57.5936 54.9263 2
      vertex 57.4695 55.0225 0
      vertex 57.5936 54.9263 0
    endloop
  endfacet
  facet normal -0.707107 -0.707107 0
    outer loop
      vertex 57.8224 54.7114 0
      vertex 57.7114 54.8224 2
      vertex 57.7114 54.8224 0
    endloop
  endfacet
  facet normal -0.707107 -0.707107 0
    outer loop
      vertex 57.7114 54.8224 2
      vertex 57.8224 54.7114 0
      vertex 57.8224 54.7114 2
    endloop
  endfacet
  facet normal -0.509035 -0.860746 0
    outer loop
      vertex 57.2044 55.1908 0
      vertex 57.3396 55.1108 2
      vertex 57.2044 55.1908 2
    endloop
  endfacet
  facet normal -0.509035 -0.860746 -0
    outer loop
      vertex 57.3396 55.1108 2
      vertex 57.2044 55.1908 0
      vertex 57.3396 55.1108 0
    endloop
  endfacet
  facet normal -0.891006 -0.453992 0
    outer loop
      vertex 58.2621 54.0644 0
      vertex 58.1908 54.2044 2
      vertex 58.1908 54.2044 0
    endloop
  endfacet
  facet normal -0.891006 -0.453992 0
    outer loop
      vertex 58.1908 54.2044 2
      vertex 58.2621 54.0644 0
      vertex 58.2621 54.0644 2
    endloop
  endfacet
  facet normal -0.827089 -0.562071 0
    outer loop
      vertex 58.1108 54.3396 0
      vertex 58.0225 54.4695 2
      vertex 58.0225 54.4695 0
    endloop
  endfacet
  facet normal -0.827089 -0.562071 0
    outer loop
      vertex 58.0225 54.4695 2
      vertex 58.1108 54.3396 0
      vertex 58.1108 54.3396 2
    endloop
  endfacet
  facet normal 0.156422 -0.98769 0
    outer loop
      vertex 55.5315 55.4557 0
      vertex 55.6867 55.4803 2
      vertex 55.5315 55.4557 2
    endloop
  endfacet
  facet normal 0.156422 -0.98769 0
    outer loop
      vertex 55.6867 55.4803 2
      vertex 55.5315 55.4557 0
      vertex 55.6867 55.4803 0
    endloop
  endfacet
  facet normal 0.279007 -0.960289 0
    outer loop
      vertex 55.2275 55.3776 0
      vertex 55.3783 55.4215 2
      vertex 55.2275 55.3776 2
    endloop
  endfacet
  facet normal 0.279007 -0.960289 0
    outer loop
      vertex 55.3783 55.4215 2
      vertex 55.2275 55.3776 0
      vertex 55.3783 55.4215 0
    endloop
  endfacet
  facet normal 0.453992 -0.891006 0
    outer loop
      vertex 54.7956 55.1908 0
      vertex 54.9356 55.2621 2
      vertex 54.7956 55.1908 2
    endloop
  endfacet
  facet normal 0.453992 -0.891006 0
    outer loop
      vertex 54.9356 55.2621 2
      vertex 54.7956 55.1908 0
      vertex 54.9356 55.2621 0
    endloop
  endfacet
  facet normal 0.562099 -0.82707 0
    outer loop
      vertex 54.5305 55.0225 0
      vertex 54.6604 55.1108 2
      vertex 54.5305 55.0225 2
    endloop
  endfacet
  facet normal 0.562099 -0.82707 0
    outer loop
      vertex 54.6604 55.1108 2
      vertex 54.5305 55.0225 0
      vertex 54.6604 55.1108 0
    endloop
  endfacet
  facet normal 0.940882 -0.338734 0
    outer loop
      vertex 53.6224 53.7725 2
      vertex 53.6756 53.9203 0
      vertex 53.6756 53.9203 2
    endloop
  endfacet
  facet normal 0.940882 -0.338734 0
    outer loop
      vertex 53.6756 53.9203 0
      vertex 53.6224 53.7725 2
      vertex 53.6224 53.7725 0
    endloop
  endfacet
  facet normal 0.960289 -0.279007 0
    outer loop
      vertex 53.5785 53.6217 2
      vertex 53.6224 53.7725 0
      vertex 53.6224 53.7725 2
    endloop
  endfacet
  facet normal 0.960289 -0.279007 0
    outer loop
      vertex 53.6224 53.7725 0
      vertex 53.5785 53.6217 2
      vertex 53.5785 53.6217 0
    endloop
  endfacet
  facet normal 0.917764 -0.397127 0
    outer loop
      vertex 53.6756 53.9203 2
      vertex 53.7379 54.0644 0
      vertex 53.7379 54.0644 2
    endloop
  endfacet
  facet normal 0.917764 -0.397127 0
    outer loop
      vertex 53.7379 54.0644 0
      vertex 53.6756 53.9203 2
      vertex 53.6756 53.9203 0
    endloop
  endfacet
  facet normal 0.975917 -0.218142 0
    outer loop
      vertex 53.5443 53.4685 2
      vertex 53.5785 53.6217 0
      vertex 53.5785 53.6217 2
    endloop
  endfacet
  facet normal 0.975917 -0.218142 0
    outer loop
      vertex 53.5785 53.6217 0
      vertex 53.5443 53.4685 2
      vertex 53.5443 53.4685 0
    endloop
  endfacet
  facet normal 0.98769 -0.156422 0
    outer loop
      vertex 53.5197 53.3133 2
      vertex 53.5443 53.4685 0
      vertex 53.5443 53.4685 2
    endloop
  endfacet
  facet normal 0.98769 -0.156422 0
    outer loop
      vertex 53.5443 53.4685 0
      vertex 53.5197 53.3133 2
      vertex 53.5197 53.3133 0
    endloop
  endfacet
  facet normal 0.860746 -0.509035 0
    outer loop
      vertex 53.8092 54.2044 2
      vertex 53.8892 54.3396 0
      vertex 53.8892 54.3396 2
    endloop
  endfacet
  facet normal 0.860746 -0.509035 0
    outer loop
      vertex 53.8892 54.3396 0
      vertex 53.8092 54.2044 2
      vertex 53.8092 54.2044 0
    endloop
  endfacet
  facet normal 0.827089 -0.562071 0
    outer loop
      vertex 53.8892 54.3396 2
      vertex 53.9775 54.4695 0
      vertex 53.9775 54.4695 2
    endloop
  endfacet
  facet normal 0.827089 -0.562071 0
    outer loop
      vertex 53.9775 54.4695 0
      vertex 53.8892 54.3396 2
      vertex 53.8892 54.3396 0
    endloop
  endfacet
  facet normal 0.707107 -0.707107 0
    outer loop
      vertex 54.1776 54.7114 2
      vertex 54.2886 54.8224 0
      vertex 54.2886 54.8224 2
    endloop
  endfacet
  facet normal 0.707107 -0.707107 0
    outer loop
      vertex 54.2886 54.8224 0
      vertex 54.1776 54.7114 2
      vertex 54.1776 54.7114 0
    endloop
  endfacet
  facet normal 0.790151 -0.612913 0
    outer loop
      vertex 53.9775 54.4695 2
      vertex 54.0737 54.5936 0
      vertex 54.0737 54.5936 2
    endloop
  endfacet
  facet normal 0.790151 -0.612913 0
    outer loop
      vertex 54.0737 54.5936 0
      vertex 53.9775 54.4695 2
      vertex 53.9775 54.4695 0
    endloop
  endfacet
  facet normal 0.999507 -0.0314061 0
    outer loop
      vertex 53.5 53 2
      vertex 53.5049 53.157 0
      vertex 53.5049 53.157 2
    endloop
  endfacet
  facet normal 0.999507 -0.0314061 0
    outer loop
      vertex 53.5049 53.157 0
      vertex 53.5 53 2
      vertex 53.5 53 0
    endloop
  endfacet
  facet normal -0.995561 -0.0941202 0
    outer loop
      vertex 58.4951 53.157 0
      vertex 58.4803 53.3133 2
      vertex 58.4803 53.3133 0
    endloop
  endfacet
  facet normal -0.995561 -0.0941202 0
    outer loop
      vertex 58.4803 53.3133 2
      vertex 58.4951 53.157 0
      vertex 58.4951 53.157 2
    endloop
  endfacet
  facet normal -0.960295 -0.278985 0
    outer loop
      vertex 58.4215 53.6217 0
      vertex 58.3776 53.7725 2
      vertex 58.3776 53.7725 0
    endloop
  endfacet
  facet normal -0.960295 -0.278985 0
    outer loop
      vertex 58.3776 53.7725 2
      vertex 58.4215 53.6217 0
      vertex 58.4215 53.6217 2
    endloop
  endfacet
  facet normal -0.156422 -0.98769 0
    outer loop
      vertex 56.3133 55.4803 0
      vertex 56.4685 55.4557 2
      vertex 56.3133 55.4803 2
    endloop
  endfacet
  facet normal -0.156422 -0.98769 -0
    outer loop
      vertex 56.4685 55.4557 2
      vertex 56.3133 55.4803 0
      vertex 56.4685 55.4557 0
    endloop
  endfacet
  facet normal -0.338734 -0.940882 0
    outer loop
      vertex 56.7725 55.3776 0
      vertex 56.9203 55.3244 2
      vertex 56.7725 55.3776 2
    endloop
  endfacet
  facet normal -0.338734 -0.940882 -0
    outer loop
      vertex 56.9203 55.3244 2
      vertex 56.7725 55.3776 0
      vertex 56.9203 55.3244 0
    endloop
  endfacet
  facet normal -0.661311 -0.750111 0
    outer loop
      vertex 57.5936 54.9263 0
      vertex 57.7114 54.8224 2
      vertex 57.5936 54.9263 2
    endloop
  endfacet
  facet normal -0.661311 -0.750111 -0
    outer loop
      vertex 57.7114 54.8224 2
      vertex 57.5936 54.9263 0
      vertex 57.7114 54.8224 0
    endloop
  endfacet
  facet normal -0.917755 -0.397147 0
    outer loop
      vertex 58.3244 53.9203 0
      vertex 58.2621 54.0644 2
      vertex 58.2621 54.0644 0
    endloop
  endfacet
  facet normal -0.917755 -0.397147 0
    outer loop
      vertex 58.2621 54.0644 2
      vertex 58.3244 53.9203 0
      vertex 58.3244 53.9203 2
    endloop
  endfacet
  facet normal -0.790162 -0.612897 0
    outer loop
      vertex 58.0225 54.4695 0
      vertex 57.9263 54.5936 2
      vertex 57.9263 54.5936 0
    endloop
  endfacet
  facet normal -0.790162 -0.612897 0
    outer loop
      vertex 57.9263 54.5936 2
      vertex 58.0225 54.4695 0
      vertex 58.0225 54.4695 2
    endloop
  endfacet
  facet normal -0.0314061 -0.999507 0
    outer loop
      vertex 56 55.5 0
      vertex 56.157 55.4951 2
      vertex 56 55.5 2
    endloop
  endfacet
  facet normal -0.0314061 -0.999507 -0
    outer loop
      vertex 56.157 55.4951 2
      vertex 56 55.5 0
      vertex 56.157 55.4951 0
    endloop
  endfacet
  facet normal 0.0941202 -0.995561 0
    outer loop
      vertex 55.6867 55.4803 0
      vertex 55.843 55.4951 2
      vertex 55.6867 55.4803 2
    endloop
  endfacet
  facet normal 0.0941202 -0.995561 0
    outer loop
      vertex 55.843 55.4951 2
      vertex 55.6867 55.4803 0
      vertex 55.843 55.4951 0
    endloop
  endfacet
  facet normal 0.612897 -0.790162 0
    outer loop
      vertex 54.4064 54.9263 0
      vertex 54.5305 55.0225 2
      vertex 54.4064 54.9263 2
    endloop
  endfacet
  facet normal 0.612897 -0.790162 0
    outer loop
      vertex 54.5305 55.0225 2
      vertex 54.4064 54.9263 0
      vertex 54.5305 55.0225 0
    endloop
  endfacet
  facet normal 0.750111 -0.661311 0
    outer loop
      vertex 54.0737 54.5936 2
      vertex 54.1776 54.7114 0
      vertex 54.1776 54.7114 2
    endloop
  endfacet
  facet normal 0.750111 -0.661311 0
    outer loop
      vertex 54.1776 54.7114 0
      vertex 54.0737 54.5936 2
      vertex 54.0737 54.5936 0
    endloop
  endfacet
  facet normal -0.975912 -0.218165 0
    outer loop
      vertex 58.4557 53.4685 0
      vertex 58.4215 53.6217 2
      vertex 58.4215 53.6217 0
    endloop
  endfacet
  facet normal -0.975912 -0.218165 0
    outer loop
      vertex 58.4215 53.6217 2
      vertex 58.4557 53.4685 0
      vertex 58.4557 53.4685 2
    endloop
  endfacet
  facet normal -0.661324 0.750101 0
    outer loop
      vertex 67.2114 51.6776 0
      vertex 67.0936 51.5737 2
      vertex 67.2114 51.6776 2
    endloop
  endfacet
  facet normal -0.661324 0.750101 0
    outer loop
      vertex 67.0936 51.5737 2
      vertex 67.2114 51.6776 0
      vertex 67.0936 51.5737 0
    endloop
  endfacet
  facet normal 0.397156 0.917751 -0
    outer loop
      vertex 64.5797 51.1756 0
      vertex 64.4356 51.2379 2
      vertex 64.5797 51.1756 2
    endloop
  endfacet
  facet normal 0.397156 0.917751 0
    outer loop
      vertex 64.4356 51.2379 2
      vertex 64.5797 51.1756 0
      vertex 64.4356 51.2379 0
    endloop
  endfacet
  facet normal 0.917764 0.397127 0
    outer loop
      vertex 63.2379 52.4356 2
      vertex 63.1756 52.5797 0
      vertex 63.1756 52.5797 2
    endloop
  endfacet
  facet normal 0.917764 0.397127 0
    outer loop
      vertex 63.1756 52.5797 0
      vertex 63.2379 52.4356 2
      vertex 63.2379 52.4356 0
    endloop
  endfacet
  facet normal -0.562111 -0.827062 0
    outer loop
      vertex 66.8396 55.6108 0
      vertex 66.9695 55.5225 2
      vertex 66.8396 55.6108 2
    endloop
  endfacet
  facet normal -0.562111 -0.827062 -0
    outer loop
      vertex 66.9695 55.5225 2
      vertex 66.8396 55.6108 0
      vertex 66.9695 55.5225 0
    endloop
  endfacet
  facet normal 0.397156 -0.917751 0
    outer loop
      vertex 64.4356 55.7621 0
      vertex 64.5797 55.8244 2
      vertex 64.4356 55.7621 2
    endloop
  endfacet
  facet normal 0.397156 -0.917751 0
    outer loop
      vertex 64.5797 55.8244 2
      vertex 64.4356 55.7621 0
      vertex 64.5797 55.8244 0
    endloop
  endfacet
  facet normal -0.917764 0.397127 0
    outer loop
      vertex 67.7621 52.4356 0
      vertex 67.8244 52.5797 2
      vertex 67.8244 52.5797 0
    endloop
  endfacet
  facet normal -0.917764 0.397127 0
    outer loop
      vertex 67.8244 52.5797 2
      vertex 67.7621 52.4356 0
      vertex 67.7621 52.4356 2
    endloop
  endfacet
  facet normal -0.890996 0.454011 0
    outer loop
      vertex 67.6908 52.2956 0
      vertex 67.7621 52.4356 2
      vertex 67.7621 52.4356 0
    endloop
  endfacet
  facet normal -0.890996 0.454011 0
    outer loop
      vertex 67.7621 52.4356 2
      vertex 67.6908 52.2956 0
      vertex 67.6908 52.2956 2
    endloop
  endfacet
  facet normal -0.397156 0.917751 0
    outer loop
      vertex 66.5644 51.2379 0
      vertex 66.4203 51.1756 2
      vertex 66.5644 51.2379 2
    endloop
  endfacet
  facet normal -0.397156 0.917751 0
    outer loop
      vertex 66.4203 51.1756 2
      vertex 66.5644 51.2379 0
      vertex 66.4203 51.1756 0
    endloop
  endfacet
  facet normal 0.750111 0.661311 0
    outer loop
      vertex 63.6776 51.7886 2
      vertex 63.5737 51.9064 0
      vertex 63.5737 51.9064 2
    endloop
  endfacet
  facet normal 0.750111 0.661311 0
    outer loop
      vertex 63.5737 51.9064 0
      vertex 63.6776 51.7886 2
      vertex 63.6776 51.7886 0
    endloop
  endfacet
  facet normal 0.218136 0.975918 -0
    outer loop
      vertex 65.0315 51.0443 0
      vertex 64.8783 51.0785 2
      vertex 65.0315 51.0443 2
    endloop
  endfacet
  facet normal 0.218136 0.975918 0
    outer loop
      vertex 64.8783 51.0785 2
      vertex 65.0315 51.0443 0
      vertex 64.8783 51.0785 0
    endloop
  endfacet
  facet normal -0.999506 -0.0314304 0
    outer loop
      vertex 68 53.5 0
      vertex 67.9951 53.657 2
      vertex 67.9951 53.657 0
    endloop
  endfacet
  facet normal -0.999506 -0.0314304 0
    outer loop
      vertex 67.9951 53.657 2
      vertex 68 53.5 0
      vertex 68 53.5 2
    endloop
  endfacet
  facet normal -0.750099 -0.661325 0
    outer loop
      vertex 67.4263 55.0936 0
      vertex 67.3224 55.2114 2
      vertex 67.3224 55.2114 0
    endloop
  endfacet
  facet normal -0.750099 -0.661325 0
    outer loop
      vertex 67.3224 55.2114 2
      vertex 67.4263 55.0936 0
      vertex 67.4263 55.0936 2
    endloop
  endfacet
  facet normal 0.661311 -0.750111 0
    outer loop
      vertex 63.7886 55.3224 0
      vertex 63.9064 55.4263 2
      vertex 63.7886 55.3224 2
    endloop
  endfacet
  facet normal 0.661311 -0.750111 0
    outer loop
      vertex 63.9064 55.4263 2
      vertex 63.7886 55.3224 0
      vertex 63.9064 55.4263 0
    endloop
  endfacet
  facet normal -0.975912 0.218165 0
    outer loop
      vertex 67.9215 52.8783 0
      vertex 67.9557 53.0315 2
      vertex 67.9557 53.0315 0
    endloop
  endfacet
  facet normal -0.975912 0.218165 0
    outer loop
      vertex 67.9557 53.0315 2
      vertex 67.9215 52.8783 0
      vertex 67.9215 52.8783 2
    endloop
  endfacet
  facet normal -0.8271 0.562055 0
    outer loop
      vertex 67.5225 52.0305 0
      vertex 67.6108 52.1604 2
      vertex 67.6108 52.1604 0
    endloop
  endfacet
  facet normal -0.8271 0.562055 0
    outer loop
      vertex 67.6108 52.1604 2
      vertex 67.5225 52.0305 0
      vertex 67.5225 52.0305 2
    endloop
  endfacet
  facet normal -0.707107 0.707107 0
    outer loop
      vertex 67.2114 51.6776 0
      vertex 67.3224 51.7886 2
      vertex 67.3224 51.7886 0
    endloop
  endfacet
  facet normal -0.707107 0.707107 0
    outer loop
      vertex 67.3224 51.7886 2
      vertex 67.2114 51.6776 0
      vertex 67.2114 51.6776 2
    endloop
  endfacet
  facet normal -0.562111 0.827062 0
    outer loop
      vertex 66.9695 51.4775 0
      vertex 66.8396 51.3892 2
      vertex 66.9695 51.4775 2
    endloop
  endfacet
  facet normal -0.562111 0.827062 0
    outer loop
      vertex 66.8396 51.3892 2
      vertex 66.9695 51.4775 0
      vertex 66.8396 51.3892 0
    endloop
  endfacet
  facet normal -0.509024 0.860752 0
    outer loop
      vertex 66.8396 51.3892 0
      vertex 66.7044 51.3092 2
      vertex 66.8396 51.3892 2
    endloop
  endfacet
  facet normal -0.509024 0.860752 0
    outer loop
      vertex 66.7044 51.3092 2
      vertex 66.8396 51.3892 0
      vertex 66.7044 51.3092 0
    endloop
  endfacet
  facet normal -0.0314061 0.999507 0
    outer loop
      vertex 65.657 51.0049 0
      vertex 65.5 51 2
      vertex 65.657 51.0049 2
    endloop
  endfacet
  facet normal -0.0314061 0.999507 0
    outer loop
      vertex 65.5 51 2
      vertex 65.657 51.0049 0
      vertex 65.5 51 0
    endloop
  endfacet
  facet normal -0.338742 0.940879 0
    outer loop
      vertex 66.4203 51.1756 0
      vertex 66.2725 51.1224 2
      vertex 66.4203 51.1756 2
    endloop
  endfacet
  facet normal -0.338742 0.940879 0
    outer loop
      vertex 66.2725 51.1224 2
      vertex 66.4203 51.1756 0
      vertex 66.2725 51.1224 0
    endloop
  endfacet
  facet normal -0.218136 0.975918 0
    outer loop
      vertex 66.1217 51.0785 0
      vertex 65.9685 51.0443 2
      vertex 66.1217 51.0785 2
    endloop
  endfacet
  facet normal -0.218136 0.975918 0
    outer loop
      vertex 65.9685 51.0443 2
      vertex 66.1217 51.0785 0
      vertex 65.9685 51.0443 0
    endloop
  endfacet
  facet normal 0.999507 0.0314061 0
    outer loop
      vertex 63.0049 53.343 2
      vertex 63 53.5 0
      vertex 63 53.5 2
    endloop
  endfacet
  facet normal 0.999507 0.0314061 0
    outer loop
      vertex 63 53.5 0
      vertex 63.0049 53.343 2
      vertex 63.0049 53.343 0
    endloop
  endfacet
  facet normal 0.940882 0.338734 0
    outer loop
      vertex 63.1756 52.5797 2
      vertex 63.1224 52.7275 0
      vertex 63.1224 52.7275 2
    endloop
  endfacet
  facet normal 0.940882 0.338734 0
    outer loop
      vertex 63.1224 52.7275 0
      vertex 63.1756 52.5797 2
      vertex 63.1756 52.5797 0
    endloop
  endfacet
  facet normal 0.975917 0.218142 0
    outer loop
      vertex 63.0785 52.8783 2
      vertex 63.0443 53.0315 0
      vertex 63.0443 53.0315 2
    endloop
  endfacet
  facet normal 0.975917 0.218142 0
    outer loop
      vertex 63.0443 53.0315 0
      vertex 63.0785 52.8783 2
      vertex 63.0785 52.8783 0
    endloop
  endfacet
  facet normal 0.860746 0.509035 0
    outer loop
      vertex 63.3892 52.1604 2
      vertex 63.3092 52.2956 0
      vertex 63.3092 52.2956 2
    endloop
  endfacet
  facet normal 0.860746 0.509035 0
    outer loop
      vertex 63.3092 52.2956 0
      vertex 63.3892 52.1604 2
      vertex 63.3892 52.1604 0
    endloop
  endfacet
  facet normal 0.827089 0.562071 0
    outer loop
      vertex 63.4775 52.0305 2
      vertex 63.3892 52.1604 0
      vertex 63.3892 52.1604 2
    endloop
  endfacet
  facet normal 0.827089 0.562071 0
    outer loop
      vertex 63.3892 52.1604 0
      vertex 63.4775 52.0305 2
      vertex 63.4775 52.0305 0
    endloop
  endfacet
  facet normal 0.156422 0.98769 -0
    outer loop
      vertex 65.1867 51.0197 0
      vertex 65.0315 51.0443 2
      vertex 65.1867 51.0197 2
    endloop
  endfacet
  facet normal 0.156422 0.98769 0
    outer loop
      vertex 65.0315 51.0443 2
      vertex 65.1867 51.0197 0
      vertex 65.0315 51.0443 0
    endloop
  endfacet
  facet normal 0.562088 0.827077 -0
    outer loop
      vertex 64.1604 51.3892 0
      vertex 64.0305 51.4775 2
      vertex 64.1604 51.3892 2
    endloop
  endfacet
  facet normal 0.562088 0.827077 0
    outer loop
      vertex 64.0305 51.4775 2
      vertex 64.1604 51.3892 0
      vertex 64.0305 51.4775 0
    endloop
  endfacet
  facet normal 0.453982 0.891011 -0
    outer loop
      vertex 64.4356 51.2379 0
      vertex 64.2956 51.3092 2
      vertex 64.4356 51.2379 2
    endloop
  endfacet
  facet normal 0.453982 0.891011 0
    outer loop
      vertex 64.2956 51.3092 2
      vertex 64.4356 51.2379 0
      vertex 64.2956 51.3092 0
    endloop
  endfacet
  facet normal 0.707107 0.707107 0
    outer loop
      vertex 63.7886 51.6776 2
      vertex 63.6776 51.7886 0
      vertex 63.6776 51.7886 2
    endloop
  endfacet
  facet normal 0.707107 0.707107 0
    outer loop
      vertex 63.6776 51.7886 0
      vertex 63.7886 51.6776 2
      vertex 63.7886 51.6776 0
    endloop
  endfacet
  facet normal -0.940882 -0.338734 0
    outer loop
      vertex 67.8776 54.2725 0
      vertex 67.8244 54.4203 2
      vertex 67.8244 54.4203 0
    endloop
  endfacet
  facet normal -0.940882 -0.338734 0
    outer loop
      vertex 67.8244 54.4203 2
      vertex 67.8776 54.2725 0
      vertex 67.8776 54.2725 2
    endloop
  endfacet
  facet normal -0.218136 -0.975918 0
    outer loop
      vertex 65.9685 55.9557 0
      vertex 66.1217 55.9215 2
      vertex 65.9685 55.9557 2
    endloop
  endfacet
  facet normal -0.218136 -0.975918 -0
    outer loop
      vertex 66.1217 55.9215 2
      vertex 65.9685 55.9557 0
      vertex 66.1217 55.9215 0
    endloop
  endfacet
  facet normal -0.453982 -0.891011 0
    outer loop
      vertex 66.5644 55.7621 0
      vertex 66.7044 55.6908 2
      vertex 66.5644 55.7621 2
    endloop
  endfacet
  facet normal -0.453982 -0.891011 -0
    outer loop
      vertex 66.7044 55.6908 2
      vertex 66.5644 55.7621 0
      vertex 66.7044 55.6908 0
    endloop
  endfacet
  facet normal -0.860735 -0.509053 0
    outer loop
      vertex 67.6908 54.7044 0
      vertex 67.6108 54.8396 2
      vertex 67.6108 54.8396 0
    endloop
  endfacet
  facet normal -0.860735 -0.509053 0
    outer loop
      vertex 67.6108 54.8396 2
      vertex 67.6908 54.7044 0
      vertex 67.6908 54.7044 2
    endloop
  endfacet
  facet normal 0.0314061 -0.999507 0
    outer loop
      vertex 65.343 55.9951 0
      vertex 65.5 56 2
      vertex 65.343 55.9951 2
    endloop
  endfacet
  facet normal 0.0314061 -0.999507 0
    outer loop
      vertex 65.5 56 2
      vertex 65.343 55.9951 0
      vertex 65.5 56 0
    endloop
  endfacet
  facet normal 0.338742 -0.940879 0
    outer loop
      vertex 64.5797 55.8244 0
      vertex 64.7275 55.8776 2
      vertex 64.5797 55.8244 2
    endloop
  endfacet
  facet normal 0.338742 -0.940879 0
    outer loop
      vertex 64.7275 55.8776 2
      vertex 64.5797 55.8244 0
      vertex 64.7275 55.8776 0
    endloop
  endfacet
  facet normal 0.218136 -0.975918 0
    outer loop
      vertex 64.8783 55.9215 0
      vertex 65.0315 55.9557 2
      vertex 64.8783 55.9215 2
    endloop
  endfacet
  facet normal 0.218136 -0.975918 0
    outer loop
      vertex 65.0315 55.9557 2
      vertex 64.8783 55.9215 0
      vertex 65.0315 55.9557 0
    endloop
  endfacet
  facet normal 0.509024 -0.860752 0
    outer loop
      vertex 64.1604 55.6108 0
      vertex 64.2956 55.6908 2
      vertex 64.1604 55.6108 2
    endloop
  endfacet
  facet normal 0.509024 -0.860752 0
    outer loop
      vertex 64.2956 55.6908 2
      vertex 64.1604 55.6108 0
      vertex 64.2956 55.6908 0
    endloop
  endfacet
  facet normal 0.995561 -0.0941202 0
    outer loop
      vertex 63.0049 53.657 2
      vertex 63.0197 53.8133 0
      vertex 63.0197 53.8133 2
    endloop
  endfacet
  facet normal 0.995561 -0.0941202 0
    outer loop
      vertex 63.0197 53.8133 0
      vertex 63.0049 53.657 2
      vertex 63.0049 53.657 0
    endloop
  endfacet
  facet normal 0.890996 -0.454011 0
    outer loop
      vertex 63.2379 54.5644 2
      vertex 63.3092 54.7044 0
      vertex 63.3092 54.7044 2
    endloop
  endfacet
  facet normal 0.890996 -0.454011 0
    outer loop
      vertex 63.3092 54.7044 0
      vertex 63.2379 54.5644 2
      vertex 63.2379 54.5644 0
    endloop
  endfacet
  facet normal -0.995563 0.0940961 0
    outer loop
      vertex 67.9803 53.1867 0
      vertex 67.9951 53.343 2
      vertex 67.9951 53.343 0
    endloop
  endfacet
  facet normal -0.995563 0.0940961 0
    outer loop
      vertex 67.9951 53.343 2
      vertex 67.9803 53.1867 0
      vertex 67.9803 53.1867 2
    endloop
  endfacet
  facet normal -0.98769 0.156422 0
    outer loop
      vertex 67.9557 53.0315 0
      vertex 67.9803 53.1867 2
      vertex 67.9803 53.1867 0
    endloop
  endfacet
  facet normal -0.98769 0.156422 0
    outer loop
      vertex 67.9803 53.1867 2
      vertex 67.9557 53.0315 0
      vertex 67.9557 53.0315 2
    endloop
  endfacet
  facet normal -0.940882 0.338734 0
    outer loop
      vertex 67.8244 52.5797 0
      vertex 67.8776 52.7275 2
      vertex 67.8776 52.7275 0
    endloop
  endfacet
  facet normal -0.940882 0.338734 0
    outer loop
      vertex 67.8776 52.7275 2
      vertex 67.8244 52.5797 0
      vertex 67.8244 52.5797 2
    endloop
  endfacet
  facet normal -0.960295 0.278985 0
    outer loop
      vertex 67.8776 52.7275 0
      vertex 67.9215 52.8783 2
      vertex 67.9215 52.8783 0
    endloop
  endfacet
  facet normal -0.960295 0.278985 0
    outer loop
      vertex 67.9215 52.8783 2
      vertex 67.8776 52.7275 0
      vertex 67.8776 52.7275 2
    endloop
  endfacet
  facet normal -0.860735 0.509053 0
    outer loop
      vertex 67.6108 52.1604 0
      vertex 67.6908 52.2956 2
      vertex 67.6908 52.2956 0
    endloop
  endfacet
  facet normal -0.860735 0.509053 0
    outer loop
      vertex 67.6908 52.2956 2
      vertex 67.6108 52.1604 0
      vertex 67.6108 52.1604 2
    endloop
  endfacet
  facet normal -0.750099 0.661325 0
    outer loop
      vertex 67.3224 51.7886 0
      vertex 67.4263 51.9064 2
      vertex 67.4263 51.9064 0
    endloop
  endfacet
  facet normal -0.750099 0.661325 0
    outer loop
      vertex 67.4263 51.9064 2
      vertex 67.3224 51.7886 0
      vertex 67.3224 51.7886 2
    endloop
  endfacet
  facet normal -0.790151 0.612913 0
    outer loop
      vertex 67.4263 51.9064 0
      vertex 67.5225 52.0305 2
      vertex 67.5225 52.0305 0
    endloop
  endfacet
  facet normal -0.790151 0.612913 0
    outer loop
      vertex 67.5225 52.0305 2
      vertex 67.4263 51.9064 0
      vertex 67.4263 51.9064 2
    endloop
  endfacet
  facet normal -0.612886 0.790172 0
    outer loop
      vertex 67.0936 51.5737 0
      vertex 66.9695 51.4775 2
      vertex 67.0936 51.5737 2
    endloop
  endfacet
  facet normal -0.612886 0.790172 0
    outer loop
      vertex 66.9695 51.4775 2
      vertex 67.0936 51.5737 0
      vertex 66.9695 51.4775 0
    endloop
  endfacet
  facet normal 0.0314061 0.999507 -0
    outer loop
      vertex 65.5 51 0
      vertex 65.343 51.0049 2
      vertex 65.5 51 2
    endloop
  endfacet
  facet normal 0.0314061 0.999507 0
    outer loop
      vertex 65.343 51.0049 2
      vertex 65.5 51 0
      vertex 65.343 51.0049 0
    endloop
  endfacet
  facet normal -0.453982 0.891011 0
    outer loop
      vertex 66.7044 51.3092 0
      vertex 66.5644 51.2379 2
      vertex 66.7044 51.3092 2
    endloop
  endfacet
  facet normal -0.453982 0.891011 0
    outer loop
      vertex 66.5644 51.2379 2
      vertex 66.7044 51.3092 0
      vertex 66.5644 51.2379 0
    endloop
  endfacet
  facet normal -0.156422 0.98769 0
    outer loop
      vertex 65.9685 51.0443 0
      vertex 65.8133 51.0197 2
      vertex 65.9685 51.0443 2
    endloop
  endfacet
  facet normal -0.156422 0.98769 0
    outer loop
      vertex 65.8133 51.0197 2
      vertex 65.9685 51.0443 0
      vertex 65.8133 51.0197 0
    endloop
  endfacet
  facet normal -0.0941202 0.995561 0
    outer loop
      vertex 65.8133 51.0197 0
      vertex 65.657 51.0049 2
      vertex 65.8133 51.0197 2
    endloop
  endfacet
  facet normal -0.0941202 0.995561 0
    outer loop
      vertex 65.657 51.0049 2
      vertex 65.8133 51.0197 0
      vertex 65.657 51.0049 0
    endloop
  endfacet
  facet normal -0.279007 0.960289 0
    outer loop
      vertex 66.2725 51.1224 0
      vertex 66.1217 51.0785 2
      vertex 66.2725 51.1224 2
    endloop
  endfacet
  facet normal -0.279007 0.960289 0
    outer loop
      vertex 66.1217 51.0785 2
      vertex 66.2725 51.1224 0
      vertex 66.1217 51.0785 0
    endloop
  endfacet
  facet normal 0.98769 0.156422 0
    outer loop
      vertex 63.0443 53.0315 2
      vertex 63.0197 53.1867 0
      vertex 63.0197 53.1867 2
    endloop
  endfacet
  facet normal 0.98769 0.156422 0
    outer loop
      vertex 63.0197 53.1867 0
      vertex 63.0443 53.0315 2
      vertex 63.0443 53.0315 0
    endloop
  endfacet
  facet normal 0.995561 0.0941202 0
    outer loop
      vertex 63.0197 53.1867 2
      vertex 63.0049 53.343 0
      vertex 63.0049 53.343 2
    endloop
  endfacet
  facet normal 0.995561 0.0941202 0
    outer loop
      vertex 63.0049 53.343 0
      vertex 63.0197 53.1867 2
      vertex 63.0197 53.1867 0
    endloop
  endfacet
  facet normal 0.960289 0.279007 0
    outer loop
      vertex 63.1224 52.7275 2
      vertex 63.0785 52.8783 0
      vertex 63.0785 52.8783 2
    endloop
  endfacet
  facet normal 0.960289 0.279007 0
    outer loop
      vertex 63.0785 52.8783 0
      vertex 63.1224 52.7275 2
      vertex 63.1224 52.7275 0
    endloop
  endfacet
  facet normal 0.890996 0.454011 0
    outer loop
      vertex 63.3092 52.2956 2
      vertex 63.2379 52.4356 0
      vertex 63.2379 52.4356 2
    endloop
  endfacet
  facet normal 0.890996 0.454011 0
    outer loop
      vertex 63.2379 52.4356 0
      vertex 63.3092 52.2956 2
      vertex 63.3092 52.2956 0
    endloop
  endfacet
  facet normal 0.790151 0.612913 0
    outer loop
      vertex 63.5737 51.9064 2
      vertex 63.4775 52.0305 0
      vertex 63.4775 52.0305 2
    endloop
  endfacet
  facet normal 0.790151 0.612913 0
    outer loop
      vertex 63.4775 52.0305 0
      vertex 63.5737 51.9064 2
      vertex 63.5737 51.9064 0
    endloop
  endfacet
  facet normal 0.279007 0.960289 -0
    outer loop
      vertex 64.8783 51.0785 0
      vertex 64.7275 51.1224 2
      vertex 64.8783 51.0785 2
    endloop
  endfacet
  facet normal 0.279007 0.960289 0
    outer loop
      vertex 64.7275 51.1224 2
      vertex 64.8783 51.0785 0
      vertex 64.7275 51.1224 0
    endloop
  endfacet
  facet normal 0.338742 0.940879 -0
    outer loop
      vertex 64.7275 51.1224 0
      vertex 64.5797 51.1756 2
      vertex 64.7275 51.1224 2
    endloop
  endfacet
  facet normal 0.338742 0.940879 0
    outer loop
      vertex 64.5797 51.1756 2
      vertex 64.7275 51.1224 0
      vertex 64.5797 51.1756 0
    endloop
  endfacet
  facet normal 0.0941202 0.995561 -0
    outer loop
      vertex 65.343 51.0049 0
      vertex 65.1867 51.0197 2
      vertex 65.343 51.0049 2
    endloop
  endfacet
  facet normal 0.0941202 0.995561 0
    outer loop
      vertex 65.1867 51.0197 2
      vertex 65.343 51.0049 0
      vertex 65.1867 51.0197 0
    endloop
  endfacet
  facet normal 0.509024 0.860752 -0
    outer loop
      vertex 64.2956 51.3092 0
      vertex 64.1604 51.3892 2
      vertex 64.2956 51.3092 2
    endloop
  endfacet
  facet normal 0.509024 0.860752 0
    outer loop
      vertex 64.1604 51.3892 2
      vertex 64.2956 51.3092 0
      vertex 64.1604 51.3892 0
    endloop
  endfacet
  facet normal 0.661311 0.750111 -0
    outer loop
      vertex 63.9064 51.5737 0
      vertex 63.7886 51.6776 2
      vertex 63.9064 51.5737 2
    endloop
  endfacet
  facet normal 0.661311 0.750111 0
    outer loop
      vertex 63.7886 51.6776 2
      vertex 63.9064 51.5737 0
      vertex 63.7886 51.6776 0
    endloop
  endfacet
  facet normal 0.612909 0.790153 -0
    outer loop
      vertex 64.0305 51.4775 0
      vertex 63.9064 51.5737 2
      vertex 64.0305 51.4775 2
    endloop
  endfacet
  facet normal 0.612909 0.790153 0
    outer loop
      vertex 63.9064 51.5737 2
      vertex 64.0305 51.4775 0
      vertex 63.9064 51.5737 0
    endloop
  endfacet
  facet normal -0.999506 0.0314304 0
    outer loop
      vertex 67.9951 53.343 0
      vertex 68 53.5 2
      vertex 68 53.5 0
    endloop
  endfacet
  facet normal -0.999506 0.0314304 0
    outer loop
      vertex 68 53.5 2
      vertex 67.9951 53.343 0
      vertex 67.9951 53.343 2
    endloop
  endfacet
  facet normal -0.98769 -0.156422 0
    outer loop
      vertex 67.9803 53.8133 0
      vertex 67.9557 53.9685 2
      vertex 67.9557 53.9685 0
    endloop
  endfacet
  facet normal -0.98769 -0.156422 0
    outer loop
      vertex 67.9557 53.9685 2
      vertex 67.9803 53.8133 0
      vertex 67.9803 53.8133 2
    endloop
  endfacet
  facet normal -0.0941202 -0.995561 0
    outer loop
      vertex 65.657 55.9951 0
      vertex 65.8133 55.9803 2
      vertex 65.657 55.9951 2
    endloop
  endfacet
  facet normal -0.0941202 -0.995561 -0
    outer loop
      vertex 65.8133 55.9803 2
      vertex 65.657 55.9951 0
      vertex 65.8133 55.9803 0
    endloop
  endfacet
  facet normal -0.397156 -0.917751 0
    outer loop
      vertex 66.4203 55.8244 0
      vertex 66.5644 55.7621 2
      vertex 66.4203 55.8244 2
    endloop
  endfacet
  facet normal -0.397156 -0.917751 -0
    outer loop
      vertex 66.5644 55.7621 2
      vertex 66.4203 55.8244 0
      vertex 66.5644 55.7621 0
    endloop
  endfacet
  facet normal -0.279007 -0.960289 0
    outer loop
      vertex 66.1217 55.9215 0
      vertex 66.2725 55.8776 2
      vertex 66.1217 55.9215 2
    endloop
  endfacet
  facet normal -0.279007 -0.960289 -0
    outer loop
      vertex 66.2725 55.8776 2
      vertex 66.1217 55.9215 0
      vertex 66.2725 55.8776 0
    endloop
  endfacet
  facet normal -0.612886 -0.790172 0
    outer loop
      vertex 66.9695 55.5225 0
      vertex 67.0936 55.4263 2
      vertex 66.9695 55.5225 2
    endloop
  endfacet
  facet normal -0.612886 -0.790172 -0
    outer loop
      vertex 67.0936 55.4263 2
      vertex 66.9695 55.5225 0
      vertex 67.0936 55.4263 0
    endloop
  endfacet
  facet normal -0.707107 -0.707107 0
    outer loop
      vertex 67.3224 55.2114 0
      vertex 67.2114 55.3224 2
      vertex 67.2114 55.3224 0
    endloop
  endfacet
  facet normal -0.707107 -0.707107 0
    outer loop
      vertex 67.2114 55.3224 2
      vertex 67.3224 55.2114 0
      vertex 67.3224 55.2114 2
    endloop
  endfacet
  facet normal -0.509024 -0.860752 0
    outer loop
      vertex 66.7044 55.6908 0
      vertex 66.8396 55.6108 2
      vertex 66.7044 55.6908 2
    endloop
  endfacet
  facet normal -0.509024 -0.860752 -0
    outer loop
      vertex 66.8396 55.6108 2
      vertex 66.7044 55.6908 0
      vertex 66.8396 55.6108 0
    endloop
  endfacet
  facet normal -0.890996 -0.454011 0
    outer loop
      vertex 67.7621 54.5644 0
      vertex 67.6908 54.7044 2
      vertex 67.6908 54.7044 0
    endloop
  endfacet
  facet normal -0.890996 -0.454011 0
    outer loop
      vertex 67.6908 54.7044 2
      vertex 67.7621 54.5644 0
      vertex 67.7621 54.5644 2
    endloop
  endfacet
  facet normal -0.8271 -0.562055 0
    outer loop
      vertex 67.6108 54.8396 0
      vertex 67.5225 54.9695 2
      vertex 67.5225 54.9695 0
    endloop
  endfacet
  facet normal -0.8271 -0.562055 0
    outer loop
      vertex 67.5225 54.9695 2
      vertex 67.6108 54.8396 0
      vertex 67.6108 54.8396 2
    endloop
  endfacet
  facet normal 0.156422 -0.98769 0
    outer loop
      vertex 65.0315 55.9557 0
      vertex 65.1867 55.9803 2
      vertex 65.0315 55.9557 2
    endloop
  endfacet
  facet normal 0.156422 -0.98769 0
    outer loop
      vertex 65.1867 55.9803 2
      vertex 65.0315 55.9557 0
      vertex 65.1867 55.9803 0
    endloop
  endfacet
  facet normal 0.279007 -0.960289 0
    outer loop
      vertex 64.7275 55.8776 0
      vertex 64.8783 55.9215 2
      vertex 64.7275 55.8776 2
    endloop
  endfacet
  facet normal 0.279007 -0.960289 0
    outer loop
      vertex 64.8783 55.9215 2
      vertex 64.7275 55.8776 0
      vertex 64.8783 55.9215 0
    endloop
  endfacet
  facet normal 0.453982 -0.891011 0
    outer loop
      vertex 64.2956 55.6908 0
      vertex 64.4356 55.7621 2
      vertex 64.2956 55.6908 2
    endloop
  endfacet
  facet normal 0.453982 -0.891011 0
    outer loop
      vertex 64.4356 55.7621 2
      vertex 64.2956 55.6908 0
      vertex 64.4356 55.7621 0
    endloop
  endfacet
  facet normal 0.562088 -0.827077 0
    outer loop
      vertex 64.0305 55.5225 0
      vertex 64.1604 55.6108 2
      vertex 64.0305 55.5225 2
    endloop
  endfacet
  facet normal 0.562088 -0.827077 0
    outer loop
      vertex 64.1604 55.6108 2
      vertex 64.0305 55.5225 0
      vertex 64.1604 55.6108 0
    endloop
  endfacet
  facet normal 0.940882 -0.338734 0
    outer loop
      vertex 63.1224 54.2725 2
      vertex 63.1756 54.4203 0
      vertex 63.1756 54.4203 2
    endloop
  endfacet
  facet normal 0.940882 -0.338734 0
    outer loop
      vertex 63.1756 54.4203 0
      vertex 63.1224 54.2725 2
      vertex 63.1224 54.2725 0
    endloop
  endfacet
  facet normal 0.960289 -0.279007 0
    outer loop
      vertex 63.0785 54.1217 2
      vertex 63.1224 54.2725 0
      vertex 63.1224 54.2725 2
    endloop
  endfacet
  facet normal 0.960289 -0.279007 0
    outer loop
      vertex 63.1224 54.2725 0
      vertex 63.0785 54.1217 2
      vertex 63.0785 54.1217 0
    endloop
  endfacet
  facet normal 0.917764 -0.397127 0
    outer loop
      vertex 63.1756 54.4203 2
      vertex 63.2379 54.5644 0
      vertex 63.2379 54.5644 2
    endloop
  endfacet
  facet normal 0.917764 -0.397127 0
    outer loop
      vertex 63.2379 54.5644 0
      vertex 63.1756 54.4203 2
      vertex 63.1756 54.4203 0
    endloop
  endfacet
  facet normal 0.975917 -0.218142 0
    outer loop
      vertex 63.0443 53.9685 2
      vertex 63.0785 54.1217 0
      vertex 63.0785 54.1217 2
    endloop
  endfacet
  facet normal 0.975917 -0.218142 0
    outer loop
      vertex 63.0785 54.1217 0
      vertex 63.0443 53.9685 2
      vertex 63.0443 53.9685 0
    endloop
  endfacet
  facet normal 0.98769 -0.156422 0
    outer loop
      vertex 63.0197 53.8133 2
      vertex 63.0443 53.9685 0
      vertex 63.0443 53.9685 2
    endloop
  endfacet
  facet normal 0.98769 -0.156422 0
    outer loop
      vertex 63.0443 53.9685 0
      vertex 63.0197 53.8133 2
      vertex 63.0197 53.8133 0
    endloop
  endfacet
  facet normal 0.860746 -0.509035 0
    outer loop
      vertex 63.3092 54.7044 2
      vertex 63.3892 54.8396 0
      vertex 63.3892 54.8396 2
    endloop
  endfacet
  facet normal 0.860746 -0.509035 0
    outer loop
      vertex 63.3892 54.8396 0
      vertex 63.3092 54.7044 2
      vertex 63.3092 54.7044 0
    endloop
  endfacet
  facet normal 0.827089 -0.562071 0
    outer loop
      vertex 63.3892 54.8396 2
      vertex 63.4775 54.9695 0
      vertex 63.4775 54.9695 2
    endloop
  endfacet
  facet normal 0.827089 -0.562071 0
    outer loop
      vertex 63.4775 54.9695 0
      vertex 63.3892 54.8396 2
      vertex 63.3892 54.8396 0
    endloop
  endfacet
  facet normal 0.707107 -0.707107 0
    outer loop
      vertex 63.6776 55.2114 2
      vertex 63.7886 55.3224 0
      vertex 63.7886 55.3224 2
    endloop
  endfacet
  facet normal 0.707107 -0.707107 0
    outer loop
      vertex 63.7886 55.3224 0
      vertex 63.6776 55.2114 2
      vertex 63.6776 55.2114 0
    endloop
  endfacet
  facet normal 0.790151 -0.612913 0
    outer loop
      vertex 63.4775 54.9695 2
      vertex 63.5737 55.0936 0
      vertex 63.5737 55.0936 2
    endloop
  endfacet
  facet normal 0.790151 -0.612913 0
    outer loop
      vertex 63.5737 55.0936 0
      vertex 63.4775 54.9695 2
      vertex 63.4775 54.9695 0
    endloop
  endfacet
  facet normal 0.999507 -0.0314061 0
    outer loop
      vertex 63 53.5 2
      vertex 63.0049 53.657 0
      vertex 63.0049 53.657 2
    endloop
  endfacet
  facet normal 0.999507 -0.0314061 0
    outer loop
      vertex 63.0049 53.657 0
      vertex 63 53.5 2
      vertex 63 53.5 0
    endloop
  endfacet
  facet normal -0.995563 -0.0940961 0
    outer loop
      vertex 67.9951 53.657 0
      vertex 67.9803 53.8133 2
      vertex 67.9803 53.8133 0
    endloop
  endfacet
  facet normal -0.995563 -0.0940961 0
    outer loop
      vertex 67.9803 53.8133 2
      vertex 67.9951 53.657 0
      vertex 67.9951 53.657 2
    endloop
  endfacet
  facet normal -0.960295 -0.278985 0
    outer loop
      vertex 67.9215 54.1217 0
      vertex 67.8776 54.2725 2
      vertex 67.8776 54.2725 0
    endloop
  endfacet
  facet normal -0.960295 -0.278985 0
    outer loop
      vertex 67.8776 54.2725 2
      vertex 67.9215 54.1217 0
      vertex 67.9215 54.1217 2
    endloop
  endfacet
  facet normal -0.156422 -0.98769 0
    outer loop
      vertex 65.8133 55.9803 0
      vertex 65.9685 55.9557 2
      vertex 65.8133 55.9803 2
    endloop
  endfacet
  facet normal -0.156422 -0.98769 -0
    outer loop
      vertex 65.9685 55.9557 2
      vertex 65.8133 55.9803 0
      vertex 65.9685 55.9557 0
    endloop
  endfacet
  facet normal -0.338742 -0.940879 0
    outer loop
      vertex 66.2725 55.8776 0
      vertex 66.4203 55.8244 2
      vertex 66.2725 55.8776 2
    endloop
  endfacet
  facet normal -0.338742 -0.940879 -0
    outer loop
      vertex 66.4203 55.8244 2
      vertex 66.2725 55.8776 0
      vertex 66.4203 55.8244 0
    endloop
  endfacet
  facet normal -0.661324 -0.750101 0
    outer loop
      vertex 67.0936 55.4263 0
      vertex 67.2114 55.3224 2
      vertex 67.0936 55.4263 2
    endloop
  endfacet
  facet normal -0.661324 -0.750101 -0
    outer loop
      vertex 67.2114 55.3224 2
      vertex 67.0936 55.4263 0
      vertex 67.2114 55.3224 0
    endloop
  endfacet
  facet normal -0.917764 -0.397127 0
    outer loop
      vertex 67.8244 54.4203 0
      vertex 67.7621 54.5644 2
      vertex 67.7621 54.5644 0
    endloop
  endfacet
  facet normal -0.917764 -0.397127 0
    outer loop
      vertex 67.7621 54.5644 2
      vertex 67.8244 54.4203 0
      vertex 67.8244 54.4203 2
    endloop
  endfacet
  facet normal -0.790151 -0.612913 0
    outer loop
      vertex 67.5225 54.9695 0
      vertex 67.4263 55.0936 2
      vertex 67.4263 55.0936 0
    endloop
  endfacet
  facet normal -0.790151 -0.612913 0
    outer loop
      vertex 67.4263 55.0936 2
      vertex 67.5225 54.9695 0
      vertex 67.5225 54.9695 2
    endloop
  endfacet
  facet normal -0.0314061 -0.999507 0
    outer loop
      vertex 65.5 56 0
      vertex 65.657 55.9951 2
      vertex 65.5 56 2
    endloop
  endfacet
  facet normal -0.0314061 -0.999507 -0
    outer loop
      vertex 65.657 55.9951 2
      vertex 65.5 56 0
      vertex 65.657 55.9951 0
    endloop
  endfacet
  facet normal 0.0941202 -0.995561 0
    outer loop
      vertex 65.1867 55.9803 0
      vertex 65.343 55.9951 2
      vertex 65.1867 55.9803 2
    endloop
  endfacet
  facet normal 0.0941202 -0.995561 0
    outer loop
      vertex 65.343 55.9951 2
      vertex 65.1867 55.9803 0
      vertex 65.343 55.9951 0
    endloop
  endfacet
  facet normal 0.612909 -0.790153 0
    outer loop
      vertex 63.9064 55.4263 0
      vertex 64.0305 55.5225 2
      vertex 63.9064 55.4263 2
    endloop
  endfacet
  facet normal 0.612909 -0.790153 0
    outer loop
      vertex 64.0305 55.5225 2
      vertex 63.9064 55.4263 0
      vertex 64.0305 55.5225 0
    endloop
  endfacet
  facet normal 0.750111 -0.661311 0
    outer loop
      vertex 63.5737 55.0936 2
      vertex 63.6776 55.2114 0
      vertex 63.6776 55.2114 2
    endloop
  endfacet
  facet normal 0.750111 -0.661311 0
    outer loop
      vertex 63.6776 55.2114 0
      vertex 63.5737 55.0936 2
      vertex 63.5737 55.0936 0
    endloop
  endfacet
  facet normal -0.975912 -0.218165 0
    outer loop
      vertex 67.9557 53.9685 0
      vertex 67.9215 54.1217 2
      vertex 67.9215 54.1217 0
    endloop
  endfacet
  facet normal -0.975912 -0.218165 0
    outer loop
      vertex 67.9215 54.1217 2
      vertex 67.9557 53.9685 0
      vertex 67.9557 53.9685 2
    endloop
  endfacet
  facet normal -0.661324 0.750101 0
    outer loop
      vertex 76.7114 54.6776 0
      vertex 76.5936 54.5737 2
      vertex 76.7114 54.6776 2
    endloop
  endfacet
  facet normal -0.661324 0.750101 0
    outer loop
      vertex 76.5936 54.5737 2
      vertex 76.7114 54.6776 0
      vertex 76.5936 54.5737 0
    endloop
  endfacet
  facet normal 0.397156 0.917751 -0
    outer loop
      vertex 74.0797 54.1756 0
      vertex 73.9356 54.2379 2
      vertex 74.0797 54.1756 2
    endloop
  endfacet
  facet normal 0.397156 0.917751 0
    outer loop
      vertex 73.9356 54.2379 2
      vertex 74.0797 54.1756 0
      vertex 73.9356 54.2379 0
    endloop
  endfacet
  facet normal 0.917764 0.397127 0
    outer loop
      vertex 72.7379 55.4356 2
      vertex 72.6756 55.5797 0
      vertex 72.6756 55.5797 2
    endloop
  endfacet
  facet normal 0.917764 0.397127 0
    outer loop
      vertex 72.6756 55.5797 0
      vertex 72.7379 55.4356 2
      vertex 72.7379 55.4356 0
    endloop
  endfacet
  facet normal -0.562111 -0.827062 0
    outer loop
      vertex 76.3396 58.6108 0
      vertex 76.4695 58.5225 2
      vertex 76.3396 58.6108 2
    endloop
  endfacet
  facet normal -0.562111 -0.827062 -0
    outer loop
      vertex 76.4695 58.5225 2
      vertex 76.3396 58.6108 0
      vertex 76.4695 58.5225 0
    endloop
  endfacet
  facet normal 0.397156 -0.917751 0
    outer loop
      vertex 73.9356 58.7621 0
      vertex 74.0797 58.8244 2
      vertex 73.9356 58.7621 2
    endloop
  endfacet
  facet normal 0.397156 -0.917751 0
    outer loop
      vertex 74.0797 58.8244 2
      vertex 73.9356 58.7621 0
      vertex 74.0797 58.8244 0
    endloop
  endfacet
  facet normal -0.917764 0.397127 0
    outer loop
      vertex 77.2621 55.4356 0
      vertex 77.3244 55.5797 2
      vertex 77.3244 55.5797 0
    endloop
  endfacet
  facet normal -0.917764 0.397127 0
    outer loop
      vertex 77.3244 55.5797 2
      vertex 77.2621 55.4356 0
      vertex 77.2621 55.4356 2
    endloop
  endfacet
  facet normal -0.890996 0.454011 0
    outer loop
      vertex 77.1908 55.2956 0
      vertex 77.2621 55.4356 2
      vertex 77.2621 55.4356 0
    endloop
  endfacet
  facet normal -0.890996 0.454011 0
    outer loop
      vertex 77.2621 55.4356 2
      vertex 77.1908 55.2956 0
      vertex 77.1908 55.2956 2
    endloop
  endfacet
  facet normal -0.397156 0.917751 0
    outer loop
      vertex 76.0644 54.2379 0
      vertex 75.9203 54.1756 2
      vertex 76.0644 54.2379 2
    endloop
  endfacet
  facet normal -0.397156 0.917751 0
    outer loop
      vertex 75.9203 54.1756 2
      vertex 76.0644 54.2379 0
      vertex 75.9203 54.1756 0
    endloop
  endfacet
  facet normal 0.750099 0.661325 0
    outer loop
      vertex 73.1776 54.7886 2
      vertex 73.0737 54.9064 0
      vertex 73.0737 54.9064 2
    endloop
  endfacet
  facet normal 0.750099 0.661325 0
    outer loop
      vertex 73.0737 54.9064 0
      vertex 73.1776 54.7886 2
      vertex 73.1776 54.7886 0
    endloop
  endfacet
  facet normal 0.218136 0.975918 -0
    outer loop
      vertex 74.5315 54.0443 0
      vertex 74.3783 54.0785 2
      vertex 74.5315 54.0443 2
    endloop
  endfacet
  facet normal 0.218136 0.975918 0
    outer loop
      vertex 74.3783 54.0785 2
      vertex 74.5315 54.0443 0
      vertex 74.3783 54.0785 0
    endloop
  endfacet
  facet normal -0.999506 -0.0314304 0
    outer loop
      vertex 77.5 56.5 0
      vertex 77.4951 56.657 2
      vertex 77.4951 56.657 0
    endloop
  endfacet
  facet normal -0.999506 -0.0314304 0
    outer loop
      vertex 77.4951 56.657 2
      vertex 77.5 56.5 0
      vertex 77.5 56.5 2
    endloop
  endfacet
  facet normal -0.750099 -0.661325 0
    outer loop
      vertex 76.9263 58.0936 0
      vertex 76.8224 58.2114 2
      vertex 76.8224 58.2114 0
    endloop
  endfacet
  facet normal -0.750099 -0.661325 0
    outer loop
      vertex 76.8224 58.2114 2
      vertex 76.9263 58.0936 0
      vertex 76.9263 58.0936 2
    endloop
  endfacet
  facet normal 0.661324 -0.750101 0
    outer loop
      vertex 73.2886 58.3224 0
      vertex 73.4064 58.4263 2
      vertex 73.2886 58.3224 2
    endloop
  endfacet
  facet normal 0.661324 -0.750101 0
    outer loop
      vertex 73.4064 58.4263 2
      vertex 73.2886 58.3224 0
      vertex 73.4064 58.4263 0
    endloop
  endfacet
  facet normal -0.975912 0.218165 0
    outer loop
      vertex 77.4215 55.8783 0
      vertex 77.4557 56.0315 2
      vertex 77.4557 56.0315 0
    endloop
  endfacet
  facet normal -0.975912 0.218165 0
    outer loop
      vertex 77.4557 56.0315 2
      vertex 77.4215 55.8783 0
      vertex 77.4215 55.8783 2
    endloop
  endfacet
  facet normal -0.8271 0.562055 0
    outer loop
      vertex 77.0225 55.0305 0
      vertex 77.1108 55.1604 2
      vertex 77.1108 55.1604 0
    endloop
  endfacet
  facet normal -0.8271 0.562055 0
    outer loop
      vertex 77.1108 55.1604 2
      vertex 77.0225 55.0305 0
      vertex 77.0225 55.0305 2
    endloop
  endfacet
  facet normal -0.707107 0.707107 0
    outer loop
      vertex 76.7114 54.6776 0
      vertex 76.8224 54.7886 2
      vertex 76.8224 54.7886 0
    endloop
  endfacet
  facet normal -0.707107 0.707107 0
    outer loop
      vertex 76.8224 54.7886 2
      vertex 76.7114 54.6776 0
      vertex 76.7114 54.6776 2
    endloop
  endfacet
  facet normal -0.562111 0.827062 0
    outer loop
      vertex 76.4695 54.4775 0
      vertex 76.3396 54.3892 2
      vertex 76.4695 54.4775 2
    endloop
  endfacet
  facet normal -0.562111 0.827062 0
    outer loop
      vertex 76.3396 54.3892 2
      vertex 76.4695 54.4775 0
      vertex 76.3396 54.3892 0
    endloop
  endfacet
  facet normal -0.509024 0.860752 0
    outer loop
      vertex 76.3396 54.3892 0
      vertex 76.2044 54.3092 2
      vertex 76.3396 54.3892 2
    endloop
  endfacet
  facet normal -0.509024 0.860752 0
    outer loop
      vertex 76.2044 54.3092 2
      vertex 76.3396 54.3892 0
      vertex 76.2044 54.3092 0
    endloop
  endfacet
  facet normal -0.0314061 0.999507 0
    outer loop
      vertex 75.157 54.0049 2
      vertex 75 54 1
      vertex 75 54 2
    endloop
  endfacet
  facet normal -0.0314061 0.999507 0
    outer loop
      vertex 75.157 54.0049 0
      vertex 75 54 1
      vertex 75.157 54.0049 2
    endloop
  endfacet
  facet normal -0.0314061 0.999507 0
    outer loop
      vertex 75 54 1
      vertex 75.157 54.0049 0
      vertex 75 54 0
    endloop
  endfacet
  facet normal -0.338742 0.940879 0
    outer loop
      vertex 75.9203 54.1756 0
      vertex 75.7725 54.1224 2
      vertex 75.9203 54.1756 2
    endloop
  endfacet
  facet normal -0.338742 0.940879 0
    outer loop
      vertex 75.7725 54.1224 2
      vertex 75.9203 54.1756 0
      vertex 75.7725 54.1224 0
    endloop
  endfacet
  facet normal -0.218136 0.975918 0
    outer loop
      vertex 75.6217 54.0785 0
      vertex 75.4685 54.0443 2
      vertex 75.6217 54.0785 2
    endloop
  endfacet
  facet normal -0.218136 0.975918 0
    outer loop
      vertex 75.4685 54.0443 2
      vertex 75.6217 54.0785 0
      vertex 75.4685 54.0443 0
    endloop
  endfacet
  facet normal 0.999507 0.0313819 0
    outer loop
      vertex 72.5049 56.343 2
      vertex 72.5 56.5 0
      vertex 72.5 56.5 2
    endloop
  endfacet
  facet normal 0.999507 0.0313819 0
    outer loop
      vertex 72.5 56.5 0
      vertex 72.5049 56.343 2
      vertex 72.5049 56.343 0
    endloop
  endfacet
  facet normal 0.940882 0.338734 0
    outer loop
      vertex 72.6756 55.5797 2
      vertex 72.6224 55.7275 0
      vertex 72.6224 55.7275 2
    endloop
  endfacet
  facet normal 0.940882 0.338734 0
    outer loop
      vertex 72.6224 55.7275 0
      vertex 72.6756 55.5797 2
      vertex 72.6756 55.5797 0
    endloop
  endfacet
  facet normal 0.975912 0.218165 0
    outer loop
      vertex 72.5785 55.8783 2
      vertex 72.5443 56.0315 0
      vertex 72.5443 56.0315 2
    endloop
  endfacet
  facet normal 0.975912 0.218165 0
    outer loop
      vertex 72.5443 56.0315 0
      vertex 72.5785 55.8783 2
      vertex 72.5785 55.8783 0
    endloop
  endfacet
  facet normal 0.860735 0.509053 0
    outer loop
      vertex 72.8892 55.1604 2
      vertex 72.8092 55.2956 0
      vertex 72.8092 55.2956 2
    endloop
  endfacet
  facet normal 0.860735 0.509053 0
    outer loop
      vertex 72.8092 55.2956 0
      vertex 72.8892 55.1604 2
      vertex 72.8892 55.1604 0
    endloop
  endfacet
  facet normal 0.8271 0.562055 0
    outer loop
      vertex 72.9775 55.0305 2
      vertex 72.8892 55.1604 0
      vertex 72.8892 55.1604 2
    endloop
  endfacet
  facet normal 0.8271 0.562055 0
    outer loop
      vertex 72.8892 55.1604 0
      vertex 72.9775 55.0305 2
      vertex 72.9775 55.0305 0
    endloop
  endfacet
  facet normal 0.156422 0.98769 -0
    outer loop
      vertex 74.6867 54.0197 0
      vertex 74.5315 54.0443 2
      vertex 74.6867 54.0197 2
    endloop
  endfacet
  facet normal 0.156422 0.98769 0
    outer loop
      vertex 74.5315 54.0443 2
      vertex 74.6867 54.0197 0
      vertex 74.5315 54.0443 0
    endloop
  endfacet
  facet normal 0.562088 0.827077 -0
    outer loop
      vertex 73.6604 54.3892 0
      vertex 73.5305 54.4775 2
      vertex 73.6604 54.3892 2
    endloop
  endfacet
  facet normal 0.562088 0.827077 0
    outer loop
      vertex 73.5305 54.4775 2
      vertex 73.6604 54.3892 0
      vertex 73.5305 54.4775 0
    endloop
  endfacet
  facet normal 0.453982 0.891011 -0
    outer loop
      vertex 73.9356 54.2379 0
      vertex 73.7956 54.3092 2
      vertex 73.9356 54.2379 2
    endloop
  endfacet
  facet normal 0.453982 0.891011 0
    outer loop
      vertex 73.7956 54.3092 2
      vertex 73.9356 54.2379 0
      vertex 73.7956 54.3092 0
    endloop
  endfacet
  facet normal 0.707107 0.707107 0
    outer loop
      vertex 73.2886 54.6776 2
      vertex 73.1776 54.7886 0
      vertex 73.1776 54.7886 2
    endloop
  endfacet
  facet normal 0.707107 0.707107 0
    outer loop
      vertex 73.1776 54.7886 0
      vertex 73.2886 54.6776 2
      vertex 73.2886 54.6776 0
    endloop
  endfacet
  facet normal -0.940882 -0.338734 0
    outer loop
      vertex 77.3776 57.2725 0
      vertex 77.3244 57.4203 2
      vertex 77.3244 57.4203 0
    endloop
  endfacet
  facet normal -0.940882 -0.338734 0
    outer loop
      vertex 77.3244 57.4203 2
      vertex 77.3776 57.2725 0
      vertex 77.3776 57.2725 2
    endloop
  endfacet
  facet normal -0.218136 -0.975918 0
    outer loop
      vertex 75.4685 58.9557 0
      vertex 75.6217 58.9215 2
      vertex 75.4685 58.9557 2
    endloop
  endfacet
  facet normal -0.218136 -0.975918 -0
    outer loop
      vertex 75.6217 58.9215 2
      vertex 75.4685 58.9557 0
      vertex 75.6217 58.9215 0
    endloop
  endfacet
  facet normal -0.453982 -0.891011 0
    outer loop
      vertex 76.0644 58.7621 0
      vertex 76.2044 58.6908 2
      vertex 76.0644 58.7621 2
    endloop
  endfacet
  facet normal -0.453982 -0.891011 -0
    outer loop
      vertex 76.2044 58.6908 2
      vertex 76.0644 58.7621 0
      vertex 76.2044 58.6908 0
    endloop
  endfacet
  facet normal -0.860735 -0.509053 0
    outer loop
      vertex 77.1908 57.7044 0
      vertex 77.1108 57.8396 2
      vertex 77.1108 57.8396 0
    endloop
  endfacet
  facet normal -0.860735 -0.509053 0
    outer loop
      vertex 77.1108 57.8396 2
      vertex 77.1908 57.7044 0
      vertex 77.1908 57.7044 2
    endloop
  endfacet
  facet normal 0.0314061 -0.999507 0
    outer loop
      vertex 74.843 58.9951 0
      vertex 75 59 2
      vertex 74.843 58.9951 2
    endloop
  endfacet
  facet normal 0.0314061 -0.999507 0
    outer loop
      vertex 75 59 2
      vertex 74.843 58.9951 0
      vertex 75 59 0
    endloop
  endfacet
  facet normal 0.338742 -0.940879 0
    outer loop
      vertex 74.0797 58.8244 0
      vertex 74.2275 58.8776 2
      vertex 74.0797 58.8244 2
    endloop
  endfacet
  facet normal 0.338742 -0.940879 0
    outer loop
      vertex 74.2275 58.8776 2
      vertex 74.0797 58.8244 0
      vertex 74.2275 58.8776 0
    endloop
  endfacet
  facet normal 0.218136 -0.975918 0
    outer loop
      vertex 74.3783 58.9215 0
      vertex 74.5315 58.9557 2
      vertex 74.3783 58.9215 2
    endloop
  endfacet
  facet normal 0.218136 -0.975918 0
    outer loop
      vertex 74.5315 58.9557 2
      vertex 74.3783 58.9215 0
      vertex 74.5315 58.9557 0
    endloop
  endfacet
  facet normal 0.509024 -0.860752 0
    outer loop
      vertex 73.6604 58.6108 0
      vertex 73.7956 58.6908 2
      vertex 73.6604 58.6108 2
    endloop
  endfacet
  facet normal 0.509024 -0.860752 0
    outer loop
      vertex 73.7956 58.6908 2
      vertex 73.6604 58.6108 0
      vertex 73.7956 58.6908 0
    endloop
  endfacet
  facet normal 0.995559 -0.0941443 0
    outer loop
      vertex 72.5049 56.657 2
      vertex 72.5197 56.8133 0
      vertex 72.5197 56.8133 2
    endloop
  endfacet
  facet normal 0.995559 -0.0941443 0
    outer loop
      vertex 72.5197 56.8133 0
      vertex 72.5049 56.657 2
      vertex 72.5049 56.657 0
    endloop
  endfacet
  facet normal 0.890996 -0.454011 0
    outer loop
      vertex 72.7379 57.5644 2
      vertex 72.8092 57.7044 0
      vertex 72.8092 57.7044 2
    endloop
  endfacet
  facet normal 0.890996 -0.454011 0
    outer loop
      vertex 72.8092 57.7044 0
      vertex 72.7379 57.5644 2
      vertex 72.7379 57.5644 0
    endloop
  endfacet
  facet normal -0.995563 0.0940961 0
    outer loop
      vertex 77.4803 56.1867 0
      vertex 77.4951 56.343 2
      vertex 77.4951 56.343 0
    endloop
  endfacet
  facet normal -0.995563 0.0940961 0
    outer loop
      vertex 77.4951 56.343 2
      vertex 77.4803 56.1867 0
      vertex 77.4803 56.1867 2
    endloop
  endfacet
  facet normal -0.98769 0.156422 0
    outer loop
      vertex 77.4557 56.0315 0
      vertex 77.4803 56.1867 2
      vertex 77.4803 56.1867 0
    endloop
  endfacet
  facet normal -0.98769 0.156422 0
    outer loop
      vertex 77.4803 56.1867 2
      vertex 77.4557 56.0315 0
      vertex 77.4557 56.0315 2
    endloop
  endfacet
  facet normal -0.940882 0.338734 0
    outer loop
      vertex 77.3244 55.5797 0
      vertex 77.3776 55.7275 2
      vertex 77.3776 55.7275 0
    endloop
  endfacet
  facet normal -0.940882 0.338734 0
    outer loop
      vertex 77.3776 55.7275 2
      vertex 77.3244 55.5797 0
      vertex 77.3244 55.5797 2
    endloop
  endfacet
  facet normal -0.960295 0.278985 0
    outer loop
      vertex 77.3776 55.7275 0
      vertex 77.4215 55.8783 2
      vertex 77.4215 55.8783 0
    endloop
  endfacet
  facet normal -0.960295 0.278985 0
    outer loop
      vertex 77.4215 55.8783 2
      vertex 77.3776 55.7275 0
      vertex 77.3776 55.7275 2
    endloop
  endfacet
  facet normal -0.860735 0.509053 0
    outer loop
      vertex 77.1108 55.1604 0
      vertex 77.1908 55.2956 2
      vertex 77.1908 55.2956 0
    endloop
  endfacet
  facet normal -0.860735 0.509053 0
    outer loop
      vertex 77.1908 55.2956 2
      vertex 77.1108 55.1604 0
      vertex 77.1108 55.1604 2
    endloop
  endfacet
  facet normal -0.750099 0.661325 0
    outer loop
      vertex 76.8224 54.7886 0
      vertex 76.9263 54.9064 2
      vertex 76.9263 54.9064 0
    endloop
  endfacet
  facet normal -0.750099 0.661325 0
    outer loop
      vertex 76.9263 54.9064 2
      vertex 76.8224 54.7886 0
      vertex 76.8224 54.7886 2
    endloop
  endfacet
  facet normal -0.790151 0.612913 0
    outer loop
      vertex 76.9263 54.9064 0
      vertex 77.0225 55.0305 2
      vertex 77.0225 55.0305 0
    endloop
  endfacet
  facet normal -0.790151 0.612913 0
    outer loop
      vertex 77.0225 55.0305 2
      vertex 76.9263 54.9064 0
      vertex 76.9263 54.9064 2
    endloop
  endfacet
  facet normal -0.612886 0.790172 0
    outer loop
      vertex 76.5936 54.5737 0
      vertex 76.4695 54.4775 2
      vertex 76.5936 54.5737 2
    endloop
  endfacet
  facet normal -0.612886 0.790172 0
    outer loop
      vertex 76.4695 54.4775 2
      vertex 76.5936 54.5737 0
      vertex 76.4695 54.4775 0
    endloop
  endfacet
  facet normal 0.0314061 0.999507 -0
    outer loop
      vertex 75 54 1
      vertex 74.843 54.0049 2
      vertex 75 54 2
    endloop
  endfacet
  facet normal 0.0314061 0.999507 0
    outer loop
      vertex 74.843 54.0049 0
      vertex 75 54 1
      vertex 75 54 0
    endloop
  endfacet
  facet normal 0.0314061 0.999507 0
    outer loop
      vertex 75 54 1
      vertex 74.843 54.0049 0
      vertex 74.843 54.0049 2
    endloop
  endfacet
  facet normal -0.453982 0.891011 0
    outer loop
      vertex 76.2044 54.3092 0
      vertex 76.0644 54.2379 2
      vertex 76.2044 54.3092 2
    endloop
  endfacet
  facet normal -0.453982 0.891011 0
    outer loop
      vertex 76.0644 54.2379 2
      vertex 76.2044 54.3092 0
      vertex 76.0644 54.2379 0
    endloop
  endfacet
  facet normal -0.156422 0.98769 0
    outer loop
      vertex 75.4685 54.0443 0
      vertex 75.3133 54.0197 2
      vertex 75.4685 54.0443 2
    endloop
  endfacet
  facet normal -0.156422 0.98769 0
    outer loop
      vertex 75.3133 54.0197 2
      vertex 75.4685 54.0443 0
      vertex 75.3133 54.0197 0
    endloop
  endfacet
  facet normal -0.0941202 0.995561 0
    outer loop
      vertex 75.3133 54.0197 0
      vertex 75.157 54.0049 2
      vertex 75.3133 54.0197 2
    endloop
  endfacet
  facet normal -0.0941202 0.995561 0
    outer loop
      vertex 75.157 54.0049 2
      vertex 75.3133 54.0197 0
      vertex 75.157 54.0049 0
    endloop
  endfacet
  facet normal -0.279007 0.960289 0
    outer loop
      vertex 75.7725 54.1224 0
      vertex 75.6217 54.0785 2
      vertex 75.7725 54.1224 2
    endloop
  endfacet
  facet normal -0.279007 0.960289 0
    outer loop
      vertex 75.6217 54.0785 2
      vertex 75.7725 54.1224 0
      vertex 75.6217 54.0785 0
    endloop
  endfacet
  facet normal 0.98769 0.156422 0
    outer loop
      vertex 72.5443 56.0315 2
      vertex 72.5197 56.1867 0
      vertex 72.5197 56.1867 2
    endloop
  endfacet
  facet normal 0.98769 0.156422 0
    outer loop
      vertex 72.5197 56.1867 0
      vertex 72.5443 56.0315 2
      vertex 72.5443 56.0315 0
    endloop
  endfacet
  facet normal 0.995559 0.0941443 0
    outer loop
      vertex 72.5197 56.1867 2
      vertex 72.5049 56.343 0
      vertex 72.5049 56.343 2
    endloop
  endfacet
  facet normal 0.995559 0.0941443 0
    outer loop
      vertex 72.5049 56.343 0
      vertex 72.5197 56.1867 2
      vertex 72.5197 56.1867 0
    endloop
  endfacet
  facet normal 0.960295 0.278985 0
    outer loop
      vertex 72.6224 55.7275 2
      vertex 72.5785 55.8783 0
      vertex 72.5785 55.8783 2
    endloop
  endfacet
  facet normal 0.960295 0.278985 0
    outer loop
      vertex 72.5785 55.8783 0
      vertex 72.6224 55.7275 2
      vertex 72.6224 55.7275 0
    endloop
  endfacet
  facet normal 0.890996 0.454011 0
    outer loop
      vertex 72.8092 55.2956 2
      vertex 72.7379 55.4356 0
      vertex 72.7379 55.4356 2
    endloop
  endfacet
  facet normal 0.890996 0.454011 0
    outer loop
      vertex 72.7379 55.4356 0
      vertex 72.8092 55.2956 2
      vertex 72.8092 55.2956 0
    endloop
  endfacet
  facet normal 0.790151 0.612913 0
    outer loop
      vertex 73.0737 54.9064 2
      vertex 72.9775 55.0305 0
      vertex 72.9775 55.0305 2
    endloop
  endfacet
  facet normal 0.790151 0.612913 0
    outer loop
      vertex 72.9775 55.0305 0
      vertex 73.0737 54.9064 2
      vertex 73.0737 54.9064 0
    endloop
  endfacet
  facet normal 0.279007 0.960289 -0
    outer loop
      vertex 74.3783 54.0785 0
      vertex 74.2275 54.1224 2
      vertex 74.3783 54.0785 2
    endloop
  endfacet
  facet normal 0.279007 0.960289 0
    outer loop
      vertex 74.2275 54.1224 2
      vertex 74.3783 54.0785 0
      vertex 74.2275 54.1224 0
    endloop
  endfacet
  facet normal 0.338742 0.940879 -0
    outer loop
      vertex 74.2275 54.1224 0
      vertex 74.0797 54.1756 2
      vertex 74.2275 54.1224 2
    endloop
  endfacet
  facet normal 0.338742 0.940879 0
    outer loop
      vertex 74.0797 54.1756 2
      vertex 74.2275 54.1224 0
      vertex 74.0797 54.1756 0
    endloop
  endfacet
  facet normal 0.0941202 0.995561 -0
    outer loop
      vertex 74.843 54.0049 0
      vertex 74.6867 54.0197 2
      vertex 74.843 54.0049 2
    endloop
  endfacet
  facet normal 0.0941202 0.995561 0
    outer loop
      vertex 74.6867 54.0197 2
      vertex 74.843 54.0049 0
      vertex 74.6867 54.0197 0
    endloop
  endfacet
  facet normal 0.509024 0.860752 -0
    outer loop
      vertex 73.7956 54.3092 0
      vertex 73.6604 54.3892 2
      vertex 73.7956 54.3092 2
    endloop
  endfacet
  facet normal 0.509024 0.860752 0
    outer loop
      vertex 73.6604 54.3892 2
      vertex 73.7956 54.3092 0
      vertex 73.6604 54.3892 0
    endloop
  endfacet
  facet normal 0.661324 0.750101 -0
    outer loop
      vertex 73.4064 54.5737 0
      vertex 73.2886 54.6776 2
      vertex 73.4064 54.5737 2
    endloop
  endfacet
  facet normal 0.661324 0.750101 0
    outer loop
      vertex 73.2886 54.6776 2
      vertex 73.4064 54.5737 0
      vertex 73.2886 54.6776 0
    endloop
  endfacet
  facet normal 0.612909 0.790153 -0
    outer loop
      vertex 73.5305 54.4775 0
      vertex 73.4064 54.5737 2
      vertex 73.5305 54.4775 2
    endloop
  endfacet
  facet normal 0.612909 0.790153 0
    outer loop
      vertex 73.4064 54.5737 2
      vertex 73.5305 54.4775 0
      vertex 73.4064 54.5737 0
    endloop
  endfacet
  facet normal -0.999506 0.0314304 0
    outer loop
      vertex 77.4951 56.343 0
      vertex 77.5 56.5 2
      vertex 77.5 56.5 0
    endloop
  endfacet
  facet normal -0.999506 0.0314304 0
    outer loop
      vertex 77.5 56.5 2
      vertex 77.4951 56.343 0
      vertex 77.4951 56.343 2
    endloop
  endfacet
  facet normal -0.98769 -0.156422 0
    outer loop
      vertex 77.4803 56.8133 0
      vertex 77.4557 56.9685 2
      vertex 77.4557 56.9685 0
    endloop
  endfacet
  facet normal -0.98769 -0.156422 0
    outer loop
      vertex 77.4557 56.9685 2
      vertex 77.4803 56.8133 0
      vertex 77.4803 56.8133 2
    endloop
  endfacet
  facet normal -0.0941202 -0.995561 0
    outer loop
      vertex 75.157 58.9951 0
      vertex 75.3133 58.9803 2
      vertex 75.157 58.9951 2
    endloop
  endfacet
  facet normal -0.0941202 -0.995561 -0
    outer loop
      vertex 75.3133 58.9803 2
      vertex 75.157 58.9951 0
      vertex 75.3133 58.9803 0
    endloop
  endfacet
  facet normal -0.397156 -0.917751 0
    outer loop
      vertex 75.9203 58.8244 0
      vertex 76.0644 58.7621 2
      vertex 75.9203 58.8244 2
    endloop
  endfacet
  facet normal -0.397156 -0.917751 -0
    outer loop
      vertex 76.0644 58.7621 2
      vertex 75.9203 58.8244 0
      vertex 76.0644 58.7621 0
    endloop
  endfacet
  facet normal -0.279007 -0.960289 0
    outer loop
      vertex 75.6217 58.9215 0
      vertex 75.7725 58.8776 2
      vertex 75.6217 58.9215 2
    endloop
  endfacet
  facet normal -0.279007 -0.960289 -0
    outer loop
      vertex 75.7725 58.8776 2
      vertex 75.6217 58.9215 0
      vertex 75.7725 58.8776 0
    endloop
  endfacet
  facet normal -0.612886 -0.790172 0
    outer loop
      vertex 76.4695 58.5225 0
      vertex 76.5936 58.4263 2
      vertex 76.4695 58.5225 2
    endloop
  endfacet
  facet normal -0.612886 -0.790172 -0
    outer loop
      vertex 76.5936 58.4263 2
      vertex 76.4695 58.5225 0
      vertex 76.5936 58.4263 0
    endloop
  endfacet
  facet normal -0.707107 -0.707107 0
    outer loop
      vertex 76.8224 58.2114 0
      vertex 76.7114 58.3224 2
      vertex 76.7114 58.3224 0
    endloop
  endfacet
  facet normal -0.707107 -0.707107 0
    outer loop
      vertex 76.7114 58.3224 2
      vertex 76.8224 58.2114 0
      vertex 76.8224 58.2114 2
    endloop
  endfacet
  facet normal -0.509024 -0.860752 0
    outer loop
      vertex 76.2044 58.6908 0
      vertex 76.3396 58.6108 2
      vertex 76.2044 58.6908 2
    endloop
  endfacet
  facet normal -0.509024 -0.860752 -0
    outer loop
      vertex 76.3396 58.6108 2
      vertex 76.2044 58.6908 0
      vertex 76.3396 58.6108 0
    endloop
  endfacet
  facet normal -0.890996 -0.454011 0
    outer loop
      vertex 77.2621 57.5644 0
      vertex 77.1908 57.7044 2
      vertex 77.1908 57.7044 0
    endloop
  endfacet
  facet normal -0.890996 -0.454011 0
    outer loop
      vertex 77.1908 57.7044 2
      vertex 77.2621 57.5644 0
      vertex 77.2621 57.5644 2
    endloop
  endfacet
  facet normal -0.8271 -0.562055 0
    outer loop
      vertex 77.1108 57.8396 0
      vertex 77.0225 57.9695 2
      vertex 77.0225 57.9695 0
    endloop
  endfacet
  facet normal -0.8271 -0.562055 0
    outer loop
      vertex 77.0225 57.9695 2
      vertex 77.1108 57.8396 0
      vertex 77.1108 57.8396 2
    endloop
  endfacet
  facet normal 0.156422 -0.98769 0
    outer loop
      vertex 74.5315 58.9557 0
      vertex 74.6867 58.9803 2
      vertex 74.5315 58.9557 2
    endloop
  endfacet
  facet normal 0.156422 -0.98769 0
    outer loop
      vertex 74.6867 58.9803 2
      vertex 74.5315 58.9557 0
      vertex 74.6867 58.9803 0
    endloop
  endfacet
  facet normal 0.279007 -0.960289 0
    outer loop
      vertex 74.2275 58.8776 0
      vertex 74.3783 58.9215 2
      vertex 74.2275 58.8776 2
    endloop
  endfacet
  facet normal 0.279007 -0.960289 0
    outer loop
      vertex 74.3783 58.9215 2
      vertex 74.2275 58.8776 0
      vertex 74.3783 58.9215 0
    endloop
  endfacet
  facet normal 0.453982 -0.891011 0
    outer loop
      vertex 73.7956 58.6908 0
      vertex 73.9356 58.7621 2
      vertex 73.7956 58.6908 2
    endloop
  endfacet
  facet normal 0.453982 -0.891011 0
    outer loop
      vertex 73.9356 58.7621 2
      vertex 73.7956 58.6908 0
      vertex 73.9356 58.7621 0
    endloop
  endfacet
  facet normal 0.562088 -0.827077 0
    outer loop
      vertex 73.5305 58.5225 0
      vertex 73.6604 58.6108 2
      vertex 73.5305 58.5225 2
    endloop
  endfacet
  facet normal 0.562088 -0.827077 0
    outer loop
      vertex 73.6604 58.6108 2
      vertex 73.5305 58.5225 0
      vertex 73.6604 58.6108 0
    endloop
  endfacet
  facet normal 0.940882 -0.338734 0
    outer loop
      vertex 72.6224 57.2725 2
      vertex 72.6756 57.4203 0
      vertex 72.6756 57.4203 2
    endloop
  endfacet
  facet normal 0.940882 -0.338734 0
    outer loop
      vertex 72.6756 57.4203 0
      vertex 72.6224 57.2725 2
      vertex 72.6224 57.2725 0
    endloop
  endfacet
  facet normal 0.960295 -0.278985 0
    outer loop
      vertex 72.5785 57.1217 2
      vertex 72.6224 57.2725 0
      vertex 72.6224 57.2725 2
    endloop
  endfacet
  facet normal 0.960295 -0.278985 0
    outer loop
      vertex 72.6224 57.2725 0
      vertex 72.5785 57.1217 2
      vertex 72.5785 57.1217 0
    endloop
  endfacet
  facet normal 0.917764 -0.397127 0
    outer loop
      vertex 72.6756 57.4203 2
      vertex 72.7379 57.5644 0
      vertex 72.7379 57.5644 2
    endloop
  endfacet
  facet normal 0.917764 -0.397127 0
    outer loop
      vertex 72.7379 57.5644 0
      vertex 72.6756 57.4203 2
      vertex 72.6756 57.4203 0
    endloop
  endfacet
  facet normal 0.975912 -0.218165 0
    outer loop
      vertex 72.5443 56.9685 2
      vertex 72.5785 57.1217 0
      vertex 72.5785 57.1217 2
    endloop
  endfacet
  facet normal 0.975912 -0.218165 0
    outer loop
      vertex 72.5785 57.1217 0
      vertex 72.5443 56.9685 2
      vertex 72.5443 56.9685 0
    endloop
  endfacet
  facet normal 0.98769 -0.156422 0
    outer loop
      vertex 72.5197 56.8133 2
      vertex 72.5443 56.9685 0
      vertex 72.5443 56.9685 2
    endloop
  endfacet
  facet normal 0.98769 -0.156422 0
    outer loop
      vertex 72.5443 56.9685 0
      vertex 72.5197 56.8133 2
      vertex 72.5197 56.8133 0
    endloop
  endfacet
  facet normal 0.860735 -0.509053 0
    outer loop
      vertex 72.8092 57.7044 2
      vertex 72.8892 57.8396 0
      vertex 72.8892 57.8396 2
    endloop
  endfacet
  facet normal 0.860735 -0.509053 0
    outer loop
      vertex 72.8892 57.8396 0
      vertex 72.8092 57.7044 2
      vertex 72.8092 57.7044 0
    endloop
  endfacet
  facet normal 0.8271 -0.562055 0
    outer loop
      vertex 72.8892 57.8396 2
      vertex 72.9775 57.9695 0
      vertex 72.9775 57.9695 2
    endloop
  endfacet
  facet normal 0.8271 -0.562055 0
    outer loop
      vertex 72.9775 57.9695 0
      vertex 72.8892 57.8396 2
      vertex 72.8892 57.8396 0
    endloop
  endfacet
  facet normal 0.707107 -0.707107 0
    outer loop
      vertex 73.1776 58.2114 2
      vertex 73.2886 58.3224 0
      vertex 73.2886 58.3224 2
    endloop
  endfacet
  facet normal 0.707107 -0.707107 0
    outer loop
      vertex 73.2886 58.3224 0
      vertex 73.1776 58.2114 2
      vertex 73.1776 58.2114 0
    endloop
  endfacet
  facet normal 0.790151 -0.612913 0
    outer loop
      vertex 72.9775 57.9695 2
      vertex 73.0737 58.0936 0
      vertex 73.0737 58.0936 2
    endloop
  endfacet
  facet normal 0.790151 -0.612913 0
    outer loop
      vertex 73.0737 58.0936 0
      vertex 72.9775 57.9695 2
      vertex 72.9775 57.9695 0
    endloop
  endfacet
  facet normal 0.999507 -0.0313819 0
    outer loop
      vertex 72.5 56.5 2
      vertex 72.5049 56.657 0
      vertex 72.5049 56.657 2
    endloop
  endfacet
  facet normal 0.999507 -0.0313819 0
    outer loop
      vertex 72.5049 56.657 0
      vertex 72.5 56.5 2
      vertex 72.5 56.5 0
    endloop
  endfacet
  facet normal -0.995563 -0.0940961 0
    outer loop
      vertex 77.4951 56.657 0
      vertex 77.4803 56.8133 2
      vertex 77.4803 56.8133 0
    endloop
  endfacet
  facet normal -0.995563 -0.0940961 0
    outer loop
      vertex 77.4803 56.8133 2
      vertex 77.4951 56.657 0
      vertex 77.4951 56.657 2
    endloop
  endfacet
  facet normal -0.960295 -0.278985 0
    outer loop
      vertex 77.4215 57.1217 0
      vertex 77.3776 57.2725 2
      vertex 77.3776 57.2725 0
    endloop
  endfacet
  facet normal -0.960295 -0.278985 0
    outer loop
      vertex 77.3776 57.2725 2
      vertex 77.4215 57.1217 0
      vertex 77.4215 57.1217 2
    endloop
  endfacet
  facet normal -0.156422 -0.98769 0
    outer loop
      vertex 75.3133 58.9803 0
      vertex 75.4685 58.9557 2
      vertex 75.3133 58.9803 2
    endloop
  endfacet
  facet normal -0.156422 -0.98769 -0
    outer loop
      vertex 75.4685 58.9557 2
      vertex 75.3133 58.9803 0
      vertex 75.4685 58.9557 0
    endloop
  endfacet
  facet normal -0.338742 -0.940879 0
    outer loop
      vertex 75.7725 58.8776 0
      vertex 75.9203 58.8244 2
      vertex 75.7725 58.8776 2
    endloop
  endfacet
  facet normal -0.338742 -0.940879 -0
    outer loop
      vertex 75.9203 58.8244 2
      vertex 75.7725 58.8776 0
      vertex 75.9203 58.8244 0
    endloop
  endfacet
  facet normal -0.661324 -0.750101 0
    outer loop
      vertex 76.5936 58.4263 0
      vertex 76.7114 58.3224 2
      vertex 76.5936 58.4263 2
    endloop
  endfacet
  facet normal -0.661324 -0.750101 -0
    outer loop
      vertex 76.7114 58.3224 2
      vertex 76.5936 58.4263 0
      vertex 76.7114 58.3224 0
    endloop
  endfacet
  facet normal -0.917764 -0.397127 0
    outer loop
      vertex 77.3244 57.4203 0
      vertex 77.2621 57.5644 2
      vertex 77.2621 57.5644 0
    endloop
  endfacet
  facet normal -0.917764 -0.397127 0
    outer loop
      vertex 77.2621 57.5644 2
      vertex 77.3244 57.4203 0
      vertex 77.3244 57.4203 2
    endloop
  endfacet
  facet normal -0.790151 -0.612913 0
    outer loop
      vertex 77.0225 57.9695 0
      vertex 76.9263 58.0936 2
      vertex 76.9263 58.0936 0
    endloop
  endfacet
  facet normal -0.790151 -0.612913 0
    outer loop
      vertex 76.9263 58.0936 2
      vertex 77.0225 57.9695 0
      vertex 77.0225 57.9695 2
    endloop
  endfacet
  facet normal -0.0314061 -0.999507 0
    outer loop
      vertex 75 59 0
      vertex 75.157 58.9951 2
      vertex 75 59 2
    endloop
  endfacet
  facet normal -0.0314061 -0.999507 -0
    outer loop
      vertex 75.157 58.9951 2
      vertex 75 59 0
      vertex 75.157 58.9951 0
    endloop
  endfacet
  facet normal 0.0941202 -0.995561 0
    outer loop
      vertex 74.6867 58.9803 0
      vertex 74.843 58.9951 2
      vertex 74.6867 58.9803 2
    endloop
  endfacet
  facet normal 0.0941202 -0.995561 0
    outer loop
      vertex 74.843 58.9951 2
      vertex 74.6867 58.9803 0
      vertex 74.843 58.9951 0
    endloop
  endfacet
  facet normal 0.612909 -0.790153 0
    outer loop
      vertex 73.4064 58.4263 0
      vertex 73.5305 58.5225 2
      vertex 73.4064 58.4263 2
    endloop
  endfacet
  facet normal 0.612909 -0.790153 0
    outer loop
      vertex 73.5305 58.5225 2
      vertex 73.4064 58.4263 0
      vertex 73.5305 58.5225 0
    endloop
  endfacet
  facet normal 0.750099 -0.661325 0
    outer loop
      vertex 73.0737 58.0936 2
      vertex 73.1776 58.2114 0
      vertex 73.1776 58.2114 2
    endloop
  endfacet
  facet normal 0.750099 -0.661325 0
    outer loop
      vertex 73.1776 58.2114 0
      vertex 73.0737 58.0936 2
      vertex 73.0737 58.0936 0
    endloop
  endfacet
  facet normal -0.975912 -0.218165 0
    outer loop
      vertex 77.4557 56.9685 0
      vertex 77.4215 57.1217 2
      vertex 77.4215 57.1217 0
    endloop
  endfacet
  facet normal -0.975912 -0.218165 0
    outer loop
      vertex 77.4215 57.1217 2
      vertex 77.4557 56.9685 0
      vertex 77.4557 56.9685 2
    endloop
  endfacet
  facet normal -0.661324 0.750101 0
    outer loop
      vertex 76.7114 48.4276 0
      vertex 76.5936 48.3237 2
      vertex 76.7114 48.4276 2
    endloop
  endfacet
  facet normal -0.661324 0.750101 0
    outer loop
      vertex 76.5936 48.3237 2
      vertex 76.7114 48.4276 0
      vertex 76.5936 48.3237 0
    endloop
  endfacet
  facet normal 0.397156 0.917751 -0
    outer loop
      vertex 74.0797 47.9256 0
      vertex 73.9356 47.9879 2
      vertex 74.0797 47.9256 2
    endloop
  endfacet
  facet normal 0.397156 0.917751 0
    outer loop
      vertex 73.9356 47.9879 2
      vertex 74.0797 47.9256 0
      vertex 73.9356 47.9879 0
    endloop
  endfacet
  facet normal 0.917764 0.397127 0
    outer loop
      vertex 72.7379 49.1856 2
      vertex 72.6756 49.3297 0
      vertex 72.6756 49.3297 2
    endloop
  endfacet
  facet normal 0.917764 0.397127 0
    outer loop
      vertex 72.6756 49.3297 0
      vertex 72.7379 49.1856 2
      vertex 72.7379 49.1856 0
    endloop
  endfacet
  facet normal -0.562111 -0.827062 0
    outer loop
      vertex 76.3396 52.3608 0
      vertex 76.4695 52.2725 2
      vertex 76.3396 52.3608 2
    endloop
  endfacet
  facet normal -0.562111 -0.827062 -0
    outer loop
      vertex 76.4695 52.2725 2
      vertex 76.3396 52.3608 0
      vertex 76.4695 52.2725 0
    endloop
  endfacet
  facet normal 0.397156 -0.917751 0
    outer loop
      vertex 73.9356 52.5121 0
      vertex 74.0797 52.5744 2
      vertex 73.9356 52.5121 2
    endloop
  endfacet
  facet normal 0.397156 -0.917751 0
    outer loop
      vertex 74.0797 52.5744 2
      vertex 73.9356 52.5121 0
      vertex 74.0797 52.5744 0
    endloop
  endfacet
  facet normal -0.917764 0.397127 0
    outer loop
      vertex 77.2621 49.1856 0
      vertex 77.3244 49.3297 2
      vertex 77.3244 49.3297 0
    endloop
  endfacet
  facet normal -0.917764 0.397127 0
    outer loop
      vertex 77.3244 49.3297 2
      vertex 77.2621 49.1856 0
      vertex 77.2621 49.1856 2
    endloop
  endfacet
  facet normal -0.890996 0.454011 0
    outer loop
      vertex 77.1908 49.0456 0
      vertex 77.2621 49.1856 2
      vertex 77.2621 49.1856 0
    endloop
  endfacet
  facet normal -0.890996 0.454011 0
    outer loop
      vertex 77.2621 49.1856 2
      vertex 77.1908 49.0456 0
      vertex 77.1908 49.0456 2
    endloop
  endfacet
  facet normal -0.397156 0.917751 0
    outer loop
      vertex 76.0644 47.9879 0
      vertex 75.9203 47.9256 2
      vertex 76.0644 47.9879 2
    endloop
  endfacet
  facet normal -0.397156 0.917751 0
    outer loop
      vertex 75.9203 47.9256 2
      vertex 76.0644 47.9879 0
      vertex 75.9203 47.9256 0
    endloop
  endfacet
  facet normal 0.750099 0.661325 0
    outer loop
      vertex 73.1776 48.5386 2
      vertex 73.0737 48.6564 0
      vertex 73.0737 48.6564 2
    endloop
  endfacet
  facet normal 0.750099 0.661325 0
    outer loop
      vertex 73.0737 48.6564 0
      vertex 73.1776 48.5386 2
      vertex 73.1776 48.5386 0
    endloop
  endfacet
  facet normal 0.218136 0.975918 -0
    outer loop
      vertex 74.5315 47.7943 0
      vertex 74.3783 47.8285 2
      vertex 74.5315 47.7943 2
    endloop
  endfacet
  facet normal 0.218136 0.975918 0
    outer loop
      vertex 74.3783 47.8285 2
      vertex 74.5315 47.7943 0
      vertex 74.3783 47.8285 0
    endloop
  endfacet
  facet normal -0.999506 -0.0314304 0
    outer loop
      vertex 77.5 50.25 0
      vertex 77.4951 50.407 2
      vertex 77.4951 50.407 0
    endloop
  endfacet
  facet normal -0.999506 -0.0314304 0
    outer loop
      vertex 77.4951 50.407 2
      vertex 77.5 50.25 0
      vertex 77.5 50.25 2
    endloop
  endfacet
  facet normal -0.750099 -0.661325 0
    outer loop
      vertex 76.9263 51.8436 0
      vertex 76.8224 51.9614 2
      vertex 76.8224 51.9614 0
    endloop
  endfacet
  facet normal -0.750099 -0.661325 0
    outer loop
      vertex 76.8224 51.9614 2
      vertex 76.9263 51.8436 0
      vertex 76.9263 51.8436 2
    endloop
  endfacet
  facet normal 0.661324 -0.750101 0
    outer loop
      vertex 73.2886 52.0724 0
      vertex 73.4064 52.1763 2
      vertex 73.2886 52.0724 2
    endloop
  endfacet
  facet normal 0.661324 -0.750101 0
    outer loop
      vertex 73.4064 52.1763 2
      vertex 73.2886 52.0724 0
      vertex 73.4064 52.1763 0
    endloop
  endfacet
  facet normal -0.975912 0.218165 0
    outer loop
      vertex 77.4215 49.6283 0
      vertex 77.4557 49.7815 2
      vertex 77.4557 49.7815 0
    endloop
  endfacet
  facet normal -0.975912 0.218165 0
    outer loop
      vertex 77.4557 49.7815 2
      vertex 77.4215 49.6283 0
      vertex 77.4215 49.6283 2
    endloop
  endfacet
  facet normal -0.8271 0.562055 0
    outer loop
      vertex 77.0225 48.7805 0
      vertex 77.1108 48.9104 2
      vertex 77.1108 48.9104 0
    endloop
  endfacet
  facet normal -0.8271 0.562055 0
    outer loop
      vertex 77.1108 48.9104 2
      vertex 77.0225 48.7805 0
      vertex 77.0225 48.7805 2
    endloop
  endfacet
  facet normal -0.707107 0.707107 0
    outer loop
      vertex 76.7114 48.4276 0
      vertex 76.8224 48.5386 2
      vertex 76.8224 48.5386 0
    endloop
  endfacet
  facet normal -0.707107 0.707107 0
    outer loop
      vertex 76.8224 48.5386 2
      vertex 76.7114 48.4276 0
      vertex 76.7114 48.4276 2
    endloop
  endfacet
  facet normal -0.562111 0.827062 0
    outer loop
      vertex 76.4695 48.2275 0
      vertex 76.3396 48.1392 2
      vertex 76.4695 48.2275 2
    endloop
  endfacet
  facet normal -0.562111 0.827062 0
    outer loop
      vertex 76.3396 48.1392 2
      vertex 76.4695 48.2275 0
      vertex 76.3396 48.1392 0
    endloop
  endfacet
  facet normal -0.509024 0.860752 0
    outer loop
      vertex 76.3396 48.1392 0
      vertex 76.2044 48.0592 2
      vertex 76.3396 48.1392 2
    endloop
  endfacet
  facet normal -0.509024 0.860752 0
    outer loop
      vertex 76.2044 48.0592 2
      vertex 76.3396 48.1392 0
      vertex 76.2044 48.0592 0
    endloop
  endfacet
  facet normal -0.0314061 0.999507 0
    outer loop
      vertex 75.157 47.7549 0
      vertex 75 47.75 2
      vertex 75.157 47.7549 2
    endloop
  endfacet
  facet normal -0.0314061 0.999507 0
    outer loop
      vertex 75 47.75 2
      vertex 75.157 47.7549 0
      vertex 75 47.75 0
    endloop
  endfacet
  facet normal -0.338742 0.940879 0
    outer loop
      vertex 75.9203 47.9256 0
      vertex 75.7725 47.8724 2
      vertex 75.9203 47.9256 2
    endloop
  endfacet
  facet normal -0.338742 0.940879 0
    outer loop
      vertex 75.7725 47.8724 2
      vertex 75.9203 47.9256 0
      vertex 75.7725 47.8724 0
    endloop
  endfacet
  facet normal -0.218136 0.975918 0
    outer loop
      vertex 75.6217 47.8285 0
      vertex 75.4685 47.7943 2
      vertex 75.6217 47.8285 2
    endloop
  endfacet
  facet normal -0.218136 0.975918 0
    outer loop
      vertex 75.4685 47.7943 2
      vertex 75.6217 47.8285 0
      vertex 75.4685 47.7943 0
    endloop
  endfacet
  facet normal 0.999507 0.0313819 0
    outer loop
      vertex 72.5049 50.093 2
      vertex 72.5 50.25 0
      vertex 72.5 50.25 2
    endloop
  endfacet
  facet normal 0.999507 0.0313819 0
    outer loop
      vertex 72.5 50.25 0
      vertex 72.5049 50.093 2
      vertex 72.5049 50.093 0
    endloop
  endfacet
  facet normal 0.940882 0.338734 0
    outer loop
      vertex 72.6756 49.3297 2
      vertex 72.6224 49.4775 0
      vertex 72.6224 49.4775 2
    endloop
  endfacet
  facet normal 0.940882 0.338734 0
    outer loop
      vertex 72.6224 49.4775 0
      vertex 72.6756 49.3297 2
      vertex 72.6756 49.3297 0
    endloop
  endfacet
  facet normal 0.975912 0.218165 0
    outer loop
      vertex 72.5785 49.6283 2
      vertex 72.5443 49.7815 0
      vertex 72.5443 49.7815 2
    endloop
  endfacet
  facet normal 0.975912 0.218165 0
    outer loop
      vertex 72.5443 49.7815 0
      vertex 72.5785 49.6283 2
      vertex 72.5785 49.6283 0
    endloop
  endfacet
  facet normal 0.860735 0.509053 0
    outer loop
      vertex 72.8892 48.9104 2
      vertex 72.8092 49.0456 0
      vertex 72.8092 49.0456 2
    endloop
  endfacet
  facet normal 0.860735 0.509053 0
    outer loop
      vertex 72.8092 49.0456 0
      vertex 72.8892 48.9104 2
      vertex 72.8892 48.9104 0
    endloop
  endfacet
  facet normal 0.8271 0.562055 0
    outer loop
      vertex 72.9775 48.7805 2
      vertex 72.8892 48.9104 0
      vertex 72.8892 48.9104 2
    endloop
  endfacet
  facet normal 0.8271 0.562055 0
    outer loop
      vertex 72.8892 48.9104 0
      vertex 72.9775 48.7805 2
      vertex 72.9775 48.7805 0
    endloop
  endfacet
  facet normal 0.156422 0.98769 -0
    outer loop
      vertex 74.6867 47.7697 0
      vertex 74.5315 47.7943 2
      vertex 74.6867 47.7697 2
    endloop
  endfacet
  facet normal 0.156422 0.98769 0
    outer loop
      vertex 74.5315 47.7943 2
      vertex 74.6867 47.7697 0
      vertex 74.5315 47.7943 0
    endloop
  endfacet
  facet normal 0.562088 0.827077 -0
    outer loop
      vertex 73.6604 48.1392 0
      vertex 73.5305 48.2275 2
      vertex 73.6604 48.1392 2
    endloop
  endfacet
  facet normal 0.562088 0.827077 0
    outer loop
      vertex 73.5305 48.2275 2
      vertex 73.6604 48.1392 0
      vertex 73.5305 48.2275 0
    endloop
  endfacet
  facet normal 0.453982 0.891011 -0
    outer loop
      vertex 73.9356 47.9879 0
      vertex 73.7956 48.0592 2
      vertex 73.9356 47.9879 2
    endloop
  endfacet
  facet normal 0.453982 0.891011 0
    outer loop
      vertex 73.7956 48.0592 2
      vertex 73.9356 47.9879 0
      vertex 73.7956 48.0592 0
    endloop
  endfacet
  facet normal 0.707107 0.707107 0
    outer loop
      vertex 73.2886 48.4276 2
      vertex 73.1776 48.5386 0
      vertex 73.1776 48.5386 2
    endloop
  endfacet
  facet normal 0.707107 0.707107 0
    outer loop
      vertex 73.1776 48.5386 0
      vertex 73.2886 48.4276 2
      vertex 73.2886 48.4276 0
    endloop
  endfacet
  facet normal -0.940882 -0.338734 0
    outer loop
      vertex 77.3776 51.0225 0
      vertex 77.3244 51.1703 2
      vertex 77.3244 51.1703 0
    endloop
  endfacet
  facet normal -0.940882 -0.338734 0
    outer loop
      vertex 77.3244 51.1703 2
      vertex 77.3776 51.0225 0
      vertex 77.3776 51.0225 2
    endloop
  endfacet
  facet normal -0.218136 -0.975918 0
    outer loop
      vertex 75.4685 52.7057 0
      vertex 75.6217 52.6715 2
      vertex 75.4685 52.7057 2
    endloop
  endfacet
  facet normal -0.218136 -0.975918 -0
    outer loop
      vertex 75.6217 52.6715 2
      vertex 75.4685 52.7057 0
      vertex 75.6217 52.6715 0
    endloop
  endfacet
  facet normal -0.453982 -0.891011 0
    outer loop
      vertex 76.0644 52.5121 0
      vertex 76.2044 52.4408 2
      vertex 76.0644 52.5121 2
    endloop
  endfacet
  facet normal -0.453982 -0.891011 -0
    outer loop
      vertex 76.2044 52.4408 2
      vertex 76.0644 52.5121 0
      vertex 76.2044 52.4408 0
    endloop
  endfacet
  facet normal -0.860735 -0.509053 0
    outer loop
      vertex 77.1908 51.4544 0
      vertex 77.1108 51.5896 2
      vertex 77.1108 51.5896 0
    endloop
  endfacet
  facet normal -0.860735 -0.509053 0
    outer loop
      vertex 77.1108 51.5896 2
      vertex 77.1908 51.4544 0
      vertex 77.1908 51.4544 2
    endloop
  endfacet
  facet normal 0.0314061 -0.999507 0
    outer loop
      vertex 74.843 52.7451 2
      vertex 75 52.75 1
      vertex 75 52.75 2
    endloop
  endfacet
  facet normal 0.0314061 -0.999507 0
    outer loop
      vertex 74.843 52.7451 0
      vertex 75 52.75 1
      vertex 74.843 52.7451 2
    endloop
  endfacet
  facet normal 0.0314061 -0.999507 0
    outer loop
      vertex 75 52.75 1
      vertex 74.843 52.7451 0
      vertex 75 52.75 0
    endloop
  endfacet
  facet normal 0.338742 -0.940879 0
    outer loop
      vertex 74.0797 52.5744 0
      vertex 74.2275 52.6276 2
      vertex 74.0797 52.5744 2
    endloop
  endfacet
  facet normal 0.338742 -0.940879 0
    outer loop
      vertex 74.2275 52.6276 2
      vertex 74.0797 52.5744 0
      vertex 74.2275 52.6276 0
    endloop
  endfacet
  facet normal 0.218136 -0.975918 0
    outer loop
      vertex 74.3783 52.6715 0
      vertex 74.5315 52.7057 2
      vertex 74.3783 52.6715 2
    endloop
  endfacet
  facet normal 0.218136 -0.975918 0
    outer loop
      vertex 74.5315 52.7057 2
      vertex 74.3783 52.6715 0
      vertex 74.5315 52.7057 0
    endloop
  endfacet
  facet normal 0.509024 -0.860752 0
    outer loop
      vertex 73.6604 52.3608 0
      vertex 73.7956 52.4408 2
      vertex 73.6604 52.3608 2
    endloop
  endfacet
  facet normal 0.509024 -0.860752 0
    outer loop
      vertex 73.7956 52.4408 2
      vertex 73.6604 52.3608 0
      vertex 73.7956 52.4408 0
    endloop
  endfacet
  facet normal 0.995559 -0.0941443 0
    outer loop
      vertex 72.5049 50.407 2
      vertex 72.5197 50.5633 0
      vertex 72.5197 50.5633 2
    endloop
  endfacet
  facet normal 0.995559 -0.0941443 0
    outer loop
      vertex 72.5197 50.5633 0
      vertex 72.5049 50.407 2
      vertex 72.5049 50.407 0
    endloop
  endfacet
  facet normal 0.890996 -0.454011 0
    outer loop
      vertex 72.7379 51.3144 2
      vertex 72.8092 51.4544 0
      vertex 72.8092 51.4544 2
    endloop
  endfacet
  facet normal 0.890996 -0.454011 0
    outer loop
      vertex 72.8092 51.4544 0
      vertex 72.7379 51.3144 2
      vertex 72.7379 51.3144 0
    endloop
  endfacet
  facet normal -0.995563 0.0940961 0
    outer loop
      vertex 77.4803 49.9367 0
      vertex 77.4951 50.093 2
      vertex 77.4951 50.093 0
    endloop
  endfacet
  facet normal -0.995563 0.0940961 0
    outer loop
      vertex 77.4951 50.093 2
      vertex 77.4803 49.9367 0
      vertex 77.4803 49.9367 2
    endloop
  endfacet
  facet normal -0.98769 0.156422 0
    outer loop
      vertex 77.4557 49.7815 0
      vertex 77.4803 49.9367 2
      vertex 77.4803 49.9367 0
    endloop
  endfacet
  facet normal -0.98769 0.156422 0
    outer loop
      vertex 77.4803 49.9367 2
      vertex 77.4557 49.7815 0
      vertex 77.4557 49.7815 2
    endloop
  endfacet
  facet normal -0.940882 0.338734 0
    outer loop
      vertex 77.3244 49.3297 0
      vertex 77.3776 49.4775 2
      vertex 77.3776 49.4775 0
    endloop
  endfacet
  facet normal -0.940882 0.338734 0
    outer loop
      vertex 77.3776 49.4775 2
      vertex 77.3244 49.3297 0
      vertex 77.3244 49.3297 2
    endloop
  endfacet
  facet normal -0.960295 0.278985 0
    outer loop
      vertex 77.3776 49.4775 0
      vertex 77.4215 49.6283 2
      vertex 77.4215 49.6283 0
    endloop
  endfacet
  facet normal -0.960295 0.278985 0
    outer loop
      vertex 77.4215 49.6283 2
      vertex 77.3776 49.4775 0
      vertex 77.3776 49.4775 2
    endloop
  endfacet
  facet normal -0.860735 0.509053 0
    outer loop
      vertex 77.1108 48.9104 0
      vertex 77.1908 49.0456 2
      vertex 77.1908 49.0456 0
    endloop
  endfacet
  facet normal -0.860735 0.509053 0
    outer loop
      vertex 77.1908 49.0456 2
      vertex 77.1108 48.9104 0
      vertex 77.1108 48.9104 2
    endloop
  endfacet
  facet normal -0.750099 0.661325 0
    outer loop
      vertex 76.8224 48.5386 0
      vertex 76.9263 48.6564 2
      vertex 76.9263 48.6564 0
    endloop
  endfacet
  facet normal -0.750099 0.661325 0
    outer loop
      vertex 76.9263 48.6564 2
      vertex 76.8224 48.5386 0
      vertex 76.8224 48.5386 2
    endloop
  endfacet
  facet normal -0.790151 0.612913 0
    outer loop
      vertex 76.9263 48.6564 0
      vertex 77.0225 48.7805 2
      vertex 77.0225 48.7805 0
    endloop
  endfacet
  facet normal -0.790151 0.612913 0
    outer loop
      vertex 77.0225 48.7805 2
      vertex 76.9263 48.6564 0
      vertex 76.9263 48.6564 2
    endloop
  endfacet
  facet normal -0.612886 0.790172 0
    outer loop
      vertex 76.5936 48.3237 0
      vertex 76.4695 48.2275 2
      vertex 76.5936 48.3237 2
    endloop
  endfacet
  facet normal -0.612886 0.790172 0
    outer loop
      vertex 76.4695 48.2275 2
      vertex 76.5936 48.3237 0
      vertex 76.4695 48.2275 0
    endloop
  endfacet
  facet normal 0.0314061 0.999507 -0
    outer loop
      vertex 75 47.75 0
      vertex 74.843 47.7549 2
      vertex 75 47.75 2
    endloop
  endfacet
  facet normal 0.0314061 0.999507 0
    outer loop
      vertex 74.843 47.7549 2
      vertex 75 47.75 0
      vertex 74.843 47.7549 0
    endloop
  endfacet
  facet normal -0.453982 0.891011 0
    outer loop
      vertex 76.2044 48.0592 0
      vertex 76.0644 47.9879 2
      vertex 76.2044 48.0592 2
    endloop
  endfacet
  facet normal -0.453982 0.891011 0
    outer loop
      vertex 76.0644 47.9879 2
      vertex 76.2044 48.0592 0
      vertex 76.0644 47.9879 0
    endloop
  endfacet
  facet normal -0.156422 0.98769 0
    outer loop
      vertex 75.4685 47.7943 0
      vertex 75.3133 47.7697 2
      vertex 75.4685 47.7943 2
    endloop
  endfacet
  facet normal -0.156422 0.98769 0
    outer loop
      vertex 75.3133 47.7697 2
      vertex 75.4685 47.7943 0
      vertex 75.3133 47.7697 0
    endloop
  endfacet
  facet normal -0.0941202 0.995561 0
    outer loop
      vertex 75.3133 47.7697 0
      vertex 75.157 47.7549 2
      vertex 75.3133 47.7697 2
    endloop
  endfacet
  facet normal -0.0941202 0.995561 0
    outer loop
      vertex 75.157 47.7549 2
      vertex 75.3133 47.7697 0
      vertex 75.157 47.7549 0
    endloop
  endfacet
  facet normal -0.279007 0.960289 0
    outer loop
      vertex 75.7725 47.8724 0
      vertex 75.6217 47.8285 2
      vertex 75.7725 47.8724 2
    endloop
  endfacet
  facet normal -0.279007 0.960289 0
    outer loop
      vertex 75.6217 47.8285 2
      vertex 75.7725 47.8724 0
      vertex 75.6217 47.8285 0
    endloop
  endfacet
  facet normal 0.98769 0.156422 0
    outer loop
      vertex 72.5443 49.7815 2
      vertex 72.5197 49.9367 0
      vertex 72.5197 49.9367 2
    endloop
  endfacet
  facet normal 0.98769 0.156422 0
    outer loop
      vertex 72.5197 49.9367 0
      vertex 72.5443 49.7815 2
      vertex 72.5443 49.7815 0
    endloop
  endfacet
  facet normal 0.995559 0.0941443 0
    outer loop
      vertex 72.5197 49.9367 2
      vertex 72.5049 50.093 0
      vertex 72.5049 50.093 2
    endloop
  endfacet
  facet normal 0.995559 0.0941443 0
    outer loop
      vertex 72.5049 50.093 0
      vertex 72.5197 49.9367 2
      vertex 72.5197 49.9367 0
    endloop
  endfacet
  facet normal 0.960295 0.278985 0
    outer loop
      vertex 72.6224 49.4775 2
      vertex 72.5785 49.6283 0
      vertex 72.5785 49.6283 2
    endloop
  endfacet
  facet normal 0.960295 0.278985 0
    outer loop
      vertex 72.5785 49.6283 0
      vertex 72.6224 49.4775 2
      vertex 72.6224 49.4775 0
    endloop
  endfacet
  facet normal 0.890996 0.454011 0
    outer loop
      vertex 72.8092 49.0456 2
      vertex 72.7379 49.1856 0
      vertex 72.7379 49.1856 2
    endloop
  endfacet
  facet normal 0.890996 0.454011 0
    outer loop
      vertex 72.7379 49.1856 0
      vertex 72.8092 49.0456 2
      vertex 72.8092 49.0456 0
    endloop
  endfacet
  facet normal 0.790151 0.612913 0
    outer loop
      vertex 73.0737 48.6564 2
      vertex 72.9775 48.7805 0
      vertex 72.9775 48.7805 2
    endloop
  endfacet
  facet normal 0.790151 0.612913 0
    outer loop
      vertex 72.9775 48.7805 0
      vertex 73.0737 48.6564 2
      vertex 73.0737 48.6564 0
    endloop
  endfacet
  facet normal 0.279007 0.960289 -0
    outer loop
      vertex 74.3783 47.8285 0
      vertex 74.2275 47.8724 2
      vertex 74.3783 47.8285 2
    endloop
  endfacet
  facet normal 0.279007 0.960289 0
    outer loop
      vertex 74.2275 47.8724 2
      vertex 74.3783 47.8285 0
      vertex 74.2275 47.8724 0
    endloop
  endfacet
  facet normal 0.338742 0.940879 -0
    outer loop
      vertex 74.2275 47.8724 0
      vertex 74.0797 47.9256 2
      vertex 74.2275 47.8724 2
    endloop
  endfacet
  facet normal 0.338742 0.940879 0
    outer loop
      vertex 74.0797 47.9256 2
      vertex 74.2275 47.8724 0
      vertex 74.0797 47.9256 0
    endloop
  endfacet
  facet normal 0.0941202 0.995561 -0
    outer loop
      vertex 74.843 47.7549 0
      vertex 74.6867 47.7697 2
      vertex 74.843 47.7549 2
    endloop
  endfacet
  facet normal 0.0941202 0.995561 0
    outer loop
      vertex 74.6867 47.7697 2
      vertex 74.843 47.7549 0
      vertex 74.6867 47.7697 0
    endloop
  endfacet
  facet normal 0.509024 0.860752 -0
    outer loop
      vertex 73.7956 48.0592 0
      vertex 73.6604 48.1392 2
      vertex 73.7956 48.0592 2
    endloop
  endfacet
  facet normal 0.509024 0.860752 0
    outer loop
      vertex 73.6604 48.1392 2
      vertex 73.7956 48.0592 0
      vertex 73.6604 48.1392 0
    endloop
  endfacet
  facet normal 0.661324 0.750101 -0
    outer loop
      vertex 73.4064 48.3237 0
      vertex 73.2886 48.4276 2
      vertex 73.4064 48.3237 2
    endloop
  endfacet
  facet normal 0.661324 0.750101 0
    outer loop
      vertex 73.2886 48.4276 2
      vertex 73.4064 48.3237 0
      vertex 73.2886 48.4276 0
    endloop
  endfacet
  facet normal 0.612909 0.790153 -0
    outer loop
      vertex 73.5305 48.2275 0
      vertex 73.4064 48.3237 2
      vertex 73.5305 48.2275 2
    endloop
  endfacet
  facet normal 0.612909 0.790153 0
    outer loop
      vertex 73.4064 48.3237 2
      vertex 73.5305 48.2275 0
      vertex 73.4064 48.3237 0
    endloop
  endfacet
  facet normal -0.999506 0.0314304 0
    outer loop
      vertex 77.4951 50.093 0
      vertex 77.5 50.25 2
      vertex 77.5 50.25 0
    endloop
  endfacet
  facet normal -0.999506 0.0314304 0
    outer loop
      vertex 77.5 50.25 2
      vertex 77.4951 50.093 0
      vertex 77.4951 50.093 2
    endloop
  endfacet
  facet normal -0.98769 -0.156422 0
    outer loop
      vertex 77.4803 50.5633 0
      vertex 77.4557 50.7185 2
      vertex 77.4557 50.7185 0
    endloop
  endfacet
  facet normal -0.98769 -0.156422 0
    outer loop
      vertex 77.4557 50.7185 2
      vertex 77.4803 50.5633 0
      vertex 77.4803 50.5633 2
    endloop
  endfacet
  facet normal -0.0941202 -0.995561 0
    outer loop
      vertex 75.157 52.7451 0
      vertex 75.3133 52.7303 2
      vertex 75.157 52.7451 2
    endloop
  endfacet
  facet normal -0.0941202 -0.995561 -0
    outer loop
      vertex 75.3133 52.7303 2
      vertex 75.157 52.7451 0
      vertex 75.3133 52.7303 0
    endloop
  endfacet
  facet normal -0.397156 -0.917751 0
    outer loop
      vertex 75.9203 52.5744 0
      vertex 76.0644 52.5121 2
      vertex 75.9203 52.5744 2
    endloop
  endfacet
  facet normal -0.397156 -0.917751 -0
    outer loop
      vertex 76.0644 52.5121 2
      vertex 75.9203 52.5744 0
      vertex 76.0644 52.5121 0
    endloop
  endfacet
  facet normal -0.279007 -0.960289 0
    outer loop
      vertex 75.6217 52.6715 0
      vertex 75.7725 52.6276 2
      vertex 75.6217 52.6715 2
    endloop
  endfacet
  facet normal -0.279007 -0.960289 -0
    outer loop
      vertex 75.7725 52.6276 2
      vertex 75.6217 52.6715 0
      vertex 75.7725 52.6276 0
    endloop
  endfacet
  facet normal -0.612886 -0.790172 0
    outer loop
      vertex 76.4695 52.2725 0
      vertex 76.5936 52.1763 2
      vertex 76.4695 52.2725 2
    endloop
  endfacet
  facet normal -0.612886 -0.790172 -0
    outer loop
      vertex 76.5936 52.1763 2
      vertex 76.4695 52.2725 0
      vertex 76.5936 52.1763 0
    endloop
  endfacet
  facet normal -0.707107 -0.707107 0
    outer loop
      vertex 76.8224 51.9614 0
      vertex 76.7114 52.0724 2
      vertex 76.7114 52.0724 0
    endloop
  endfacet
  facet normal -0.707107 -0.707107 0
    outer loop
      vertex 76.7114 52.0724 2
      vertex 76.8224 51.9614 0
      vertex 76.8224 51.9614 2
    endloop
  endfacet
  facet normal -0.509024 -0.860752 0
    outer loop
      vertex 76.2044 52.4408 0
      vertex 76.3396 52.3608 2
      vertex 76.2044 52.4408 2
    endloop
  endfacet
  facet normal -0.509024 -0.860752 -0
    outer loop
      vertex 76.3396 52.3608 2
      vertex 76.2044 52.4408 0
      vertex 76.3396 52.3608 0
    endloop
  endfacet
  facet normal -0.890996 -0.454011 0
    outer loop
      vertex 77.2621 51.3144 0
      vertex 77.1908 51.4544 2
      vertex 77.1908 51.4544 0
    endloop
  endfacet
  facet normal -0.890996 -0.454011 0
    outer loop
      vertex 77.1908 51.4544 2
      vertex 77.2621 51.3144 0
      vertex 77.2621 51.3144 2
    endloop
  endfacet
  facet normal -0.8271 -0.562055 0
    outer loop
      vertex 77.1108 51.5896 0
      vertex 77.0225 51.7195 2
      vertex 77.0225 51.7195 0
    endloop
  endfacet
  facet normal -0.8271 -0.562055 0
    outer loop
      vertex 77.0225 51.7195 2
      vertex 77.1108 51.5896 0
      vertex 77.1108 51.5896 2
    endloop
  endfacet
  facet normal 0.156422 -0.98769 0
    outer loop
      vertex 74.5315 52.7057 0
      vertex 74.6867 52.7303 2
      vertex 74.5315 52.7057 2
    endloop
  endfacet
  facet normal 0.156422 -0.98769 0
    outer loop
      vertex 74.6867 52.7303 2
      vertex 74.5315 52.7057 0
      vertex 74.6867 52.7303 0
    endloop
  endfacet
  facet normal 0.279007 -0.960289 0
    outer loop
      vertex 74.2275 52.6276 0
      vertex 74.3783 52.6715 2
      vertex 74.2275 52.6276 2
    endloop
  endfacet
  facet normal 0.279007 -0.960289 0
    outer loop
      vertex 74.3783 52.6715 2
      vertex 74.2275 52.6276 0
      vertex 74.3783 52.6715 0
    endloop
  endfacet
  facet normal 0.453982 -0.891011 0
    outer loop
      vertex 73.7956 52.4408 0
      vertex 73.9356 52.5121 2
      vertex 73.7956 52.4408 2
    endloop
  endfacet
  facet normal 0.453982 -0.891011 0
    outer loop
      vertex 73.9356 52.5121 2
      vertex 73.7956 52.4408 0
      vertex 73.9356 52.5121 0
    endloop
  endfacet
  facet normal 0.562088 -0.827077 0
    outer loop
      vertex 73.5305 52.2725 0
      vertex 73.6604 52.3608 2
      vertex 73.5305 52.2725 2
    endloop
  endfacet
  facet normal 0.562088 -0.827077 0
    outer loop
      vertex 73.6604 52.3608 2
      vertex 73.5305 52.2725 0
      vertex 73.6604 52.3608 0
    endloop
  endfacet
  facet normal 0.940882 -0.338734 0
    outer loop
      vertex 72.6224 51.0225 2
      vertex 72.6756 51.1703 0
      vertex 72.6756 51.1703 2
    endloop
  endfacet
  facet normal 0.940882 -0.338734 0
    outer loop
      vertex 72.6756 51.1703 0
      vertex 72.6224 51.0225 2
      vertex 72.6224 51.0225 0
    endloop
  endfacet
  facet normal 0.960295 -0.278985 0
    outer loop
      vertex 72.5785 50.8717 2
      vertex 72.6224 51.0225 0
      vertex 72.6224 51.0225 2
    endloop
  endfacet
  facet normal 0.960295 -0.278985 0
    outer loop
      vertex 72.6224 51.0225 0
      vertex 72.5785 50.8717 2
      vertex 72.5785 50.8717 0
    endloop
  endfacet
  facet normal 0.917764 -0.397127 0
    outer loop
      vertex 72.6756 51.1703 2
      vertex 72.7379 51.3144 0
      vertex 72.7379 51.3144 2
    endloop
  endfacet
  facet normal 0.917764 -0.397127 0
    outer loop
      vertex 72.7379 51.3144 0
      vertex 72.6756 51.1703 2
      vertex 72.6756 51.1703 0
    endloop
  endfacet
  facet normal 0.975912 -0.218165 0
    outer loop
      vertex 72.5443 50.7185 2
      vertex 72.5785 50.8717 0
      vertex 72.5785 50.8717 2
    endloop
  endfacet
  facet normal 0.975912 -0.218165 0
    outer loop
      vertex 72.5785 50.8717 0
      vertex 72.5443 50.7185 2
      vertex 72.5443 50.7185 0
    endloop
  endfacet
  facet normal 0.98769 -0.156422 0
    outer loop
      vertex 72.5197 50.5633 2
      vertex 72.5443 50.7185 0
      vertex 72.5443 50.7185 2
    endloop
  endfacet
  facet normal 0.98769 -0.156422 0
    outer loop
      vertex 72.5443 50.7185 0
      vertex 72.5197 50.5633 2
      vertex 72.5197 50.5633 0
    endloop
  endfacet
  facet normal 0.860735 -0.509053 0
    outer loop
      vertex 72.8092 51.4544 2
      vertex 72.8892 51.5896 0
      vertex 72.8892 51.5896 2
    endloop
  endfacet
  facet normal 0.860735 -0.509053 0
    outer loop
      vertex 72.8892 51.5896 0
      vertex 72.8092 51.4544 2
      vertex 72.8092 51.4544 0
    endloop
  endfacet
  facet normal 0.8271 -0.562055 0
    outer loop
      vertex 72.8892 51.5896 2
      vertex 72.9775 51.7195 0
      vertex 72.9775 51.7195 2
    endloop
  endfacet
  facet normal 0.8271 -0.562055 0
    outer loop
      vertex 72.9775 51.7195 0
      vertex 72.8892 51.5896 2
      vertex 72.8892 51.5896 0
    endloop
  endfacet
  facet normal 0.707107 -0.707107 0
    outer loop
      vertex 73.1776 51.9614 2
      vertex 73.2886 52.0724 0
      vertex 73.2886 52.0724 2
    endloop
  endfacet
  facet normal 0.707107 -0.707107 0
    outer loop
      vertex 73.2886 52.0724 0
      vertex 73.1776 51.9614 2
      vertex 73.1776 51.9614 0
    endloop
  endfacet
  facet normal 0.790151 -0.612913 0
    outer loop
      vertex 72.9775 51.7195 2
      vertex 73.0737 51.8436 0
      vertex 73.0737 51.8436 2
    endloop
  endfacet
  facet normal 0.790151 -0.612913 0
    outer loop
      vertex 73.0737 51.8436 0
      vertex 72.9775 51.7195 2
      vertex 72.9775 51.7195 0
    endloop
  endfacet
  facet normal 0.999507 -0.0313819 0
    outer loop
      vertex 72.5 50.25 2
      vertex 72.5049 50.407 0
      vertex 72.5049 50.407 2
    endloop
  endfacet
  facet normal 0.999507 -0.0313819 0
    outer loop
      vertex 72.5049 50.407 0
      vertex 72.5 50.25 2
      vertex 72.5 50.25 0
    endloop
  endfacet
  facet normal -0.995563 -0.0940961 0
    outer loop
      vertex 77.4951 50.407 0
      vertex 77.4803 50.5633 2
      vertex 77.4803 50.5633 0
    endloop
  endfacet
  facet normal -0.995563 -0.0940961 0
    outer loop
      vertex 77.4803 50.5633 2
      vertex 77.4951 50.407 0
      vertex 77.4951 50.407 2
    endloop
  endfacet
  facet normal -0.960295 -0.278985 0
    outer loop
      vertex 77.4215 50.8717 0
      vertex 77.3776 51.0225 2
      vertex 77.3776 51.0225 0
    endloop
  endfacet
  facet normal -0.960295 -0.278985 0
    outer loop
      vertex 77.3776 51.0225 2
      vertex 77.4215 50.8717 0
      vertex 77.4215 50.8717 2
    endloop
  endfacet
  facet normal -0.156422 -0.98769 0
    outer loop
      vertex 75.3133 52.7303 0
      vertex 75.4685 52.7057 2
      vertex 75.3133 52.7303 2
    endloop
  endfacet
  facet normal -0.156422 -0.98769 -0
    outer loop
      vertex 75.4685 52.7057 2
      vertex 75.3133 52.7303 0
      vertex 75.4685 52.7057 0
    endloop
  endfacet
  facet normal -0.338742 -0.940879 0
    outer loop
      vertex 75.7725 52.6276 0
      vertex 75.9203 52.5744 2
      vertex 75.7725 52.6276 2
    endloop
  endfacet
  facet normal -0.338742 -0.940879 -0
    outer loop
      vertex 75.9203 52.5744 2
      vertex 75.7725 52.6276 0
      vertex 75.9203 52.5744 0
    endloop
  endfacet
  facet normal -0.661324 -0.750101 0
    outer loop
      vertex 76.5936 52.1763 0
      vertex 76.7114 52.0724 2
      vertex 76.5936 52.1763 2
    endloop
  endfacet
  facet normal -0.661324 -0.750101 -0
    outer loop
      vertex 76.7114 52.0724 2
      vertex 76.5936 52.1763 0
      vertex 76.7114 52.0724 0
    endloop
  endfacet
  facet normal -0.917764 -0.397127 0
    outer loop
      vertex 77.3244 51.1703 0
      vertex 77.2621 51.3144 2
      vertex 77.2621 51.3144 0
    endloop
  endfacet
  facet normal -0.917764 -0.397127 0
    outer loop
      vertex 77.2621 51.3144 2
      vertex 77.3244 51.1703 0
      vertex 77.3244 51.1703 2
    endloop
  endfacet
  facet normal -0.790151 -0.612913 0
    outer loop
      vertex 77.0225 51.7195 0
      vertex 76.9263 51.8436 2
      vertex 76.9263 51.8436 0
    endloop
  endfacet
  facet normal -0.790151 -0.612913 0
    outer loop
      vertex 76.9263 51.8436 2
      vertex 77.0225 51.7195 0
      vertex 77.0225 51.7195 2
    endloop
  endfacet
  facet normal -0.0314061 -0.999507 0
    outer loop
      vertex 75 52.75 1
      vertex 75.157 52.7451 2
      vertex 75 52.75 2
    endloop
  endfacet
  facet normal -0.0314061 -0.999507 0
    outer loop
      vertex 75.157 52.7451 0
      vertex 75 52.75 1
      vertex 75 52.75 0
    endloop
  endfacet
  facet normal -0.0314061 -0.999507 0
    outer loop
      vertex 75 52.75 1
      vertex 75.157 52.7451 0
      vertex 75.157 52.7451 2
    endloop
  endfacet
  facet normal 0.0941202 -0.995561 0
    outer loop
      vertex 74.6867 52.7303 0
      vertex 74.843 52.7451 2
      vertex 74.6867 52.7303 2
    endloop
  endfacet
  facet normal 0.0941202 -0.995561 0
    outer loop
      vertex 74.843 52.7451 2
      vertex 74.6867 52.7303 0
      vertex 74.843 52.7451 0
    endloop
  endfacet
  facet normal 0.612909 -0.790153 0
    outer loop
      vertex 73.4064 52.1763 0
      vertex 73.5305 52.2725 2
      vertex 73.4064 52.1763 2
    endloop
  endfacet
  facet normal 0.612909 -0.790153 0
    outer loop
      vertex 73.5305 52.2725 2
      vertex 73.4064 52.1763 0
      vertex 73.5305 52.2725 0
    endloop
  endfacet
  facet normal 0.750099 -0.661325 0
    outer loop
      vertex 73.0737 51.8436 2
      vertex 73.1776 51.9614 0
      vertex 73.1776 51.9614 2
    endloop
  endfacet
  facet normal 0.750099 -0.661325 0
    outer loop
      vertex 73.1776 51.9614 0
      vertex 73.0737 51.8436 2
      vertex 73.0737 51.8436 0
    endloop
  endfacet
  facet normal -0.975912 -0.218165 0
    outer loop
      vertex 77.4557 50.7185 0
      vertex 77.4215 50.8717 2
      vertex 77.4215 50.8717 0
    endloop
  endfacet
  facet normal -0.975912 -0.218165 0
    outer loop
      vertex 77.4215 50.8717 2
      vertex 77.4557 50.7185 0
      vertex 77.4557 50.7185 2
    endloop
  endfacet
  facet normal -0.661324 0.750101 0
    outer loop
      vertex 86.2114 51.6776 0
      vertex 86.0936 51.5737 2
      vertex 86.2114 51.6776 2
    endloop
  endfacet
  facet normal -0.661324 0.750101 0
    outer loop
      vertex 86.0936 51.5737 2
      vertex 86.2114 51.6776 0
      vertex 86.0936 51.5737 0
    endloop
  endfacet
  facet normal 0.397156 0.917751 -0
    outer loop
      vertex 83.5797 51.1756 0
      vertex 83.4356 51.2379 2
      vertex 83.5797 51.1756 2
    endloop
  endfacet
  facet normal 0.397156 0.917751 0
    outer loop
      vertex 83.4356 51.2379 2
      vertex 83.5797 51.1756 0
      vertex 83.4356 51.2379 0
    endloop
  endfacet
  facet normal 0.917764 0.397127 0
    outer loop
      vertex 82.2379 52.4356 2
      vertex 82.1756 52.5797 0
      vertex 82.1756 52.5797 2
    endloop
  endfacet
  facet normal 0.917764 0.397127 0
    outer loop
      vertex 82.1756 52.5797 0
      vertex 82.2379 52.4356 2
      vertex 82.2379 52.4356 0
    endloop
  endfacet
  facet normal -0.562111 -0.827062 0
    outer loop
      vertex 85.8396 55.6108 0
      vertex 85.9695 55.5225 2
      vertex 85.8396 55.6108 2
    endloop
  endfacet
  facet normal -0.562111 -0.827062 -0
    outer loop
      vertex 85.9695 55.5225 2
      vertex 85.8396 55.6108 0
      vertex 85.9695 55.5225 0
    endloop
  endfacet
  facet normal 0.397156 -0.917751 0
    outer loop
      vertex 83.4356 55.7621 0
      vertex 83.5797 55.8244 2
      vertex 83.4356 55.7621 2
    endloop
  endfacet
  facet normal 0.397156 -0.917751 0
    outer loop
      vertex 83.5797 55.8244 2
      vertex 83.4356 55.7621 0
      vertex 83.5797 55.8244 0
    endloop
  endfacet
  facet normal -0.917764 0.397127 0
    outer loop
      vertex 86.7621 52.4356 0
      vertex 86.8244 52.5797 2
      vertex 86.8244 52.5797 0
    endloop
  endfacet
  facet normal -0.917764 0.397127 0
    outer loop
      vertex 86.8244 52.5797 2
      vertex 86.7621 52.4356 0
      vertex 86.7621 52.4356 2
    endloop
  endfacet
  facet normal -0.890996 0.454011 0
    outer loop
      vertex 86.6908 52.2956 0
      vertex 86.7621 52.4356 2
      vertex 86.7621 52.4356 0
    endloop
  endfacet
  facet normal -0.890996 0.454011 0
    outer loop
      vertex 86.7621 52.4356 2
      vertex 86.6908 52.2956 0
      vertex 86.6908 52.2956 2
    endloop
  endfacet
  facet normal -0.397156 0.917751 0
    outer loop
      vertex 85.5644 51.2379 0
      vertex 85.4203 51.1756 2
      vertex 85.5644 51.2379 2
    endloop
  endfacet
  facet normal -0.397156 0.917751 0
    outer loop
      vertex 85.4203 51.1756 2
      vertex 85.5644 51.2379 0
      vertex 85.4203 51.1756 0
    endloop
  endfacet
  facet normal 0.750099 0.661325 0
    outer loop
      vertex 82.6776 51.7886 2
      vertex 82.5737 51.9064 0
      vertex 82.5737 51.9064 2
    endloop
  endfacet
  facet normal 0.750099 0.661325 0
    outer loop
      vertex 82.5737 51.9064 0
      vertex 82.6776 51.7886 2
      vertex 82.6776 51.7886 0
    endloop
  endfacet
  facet normal 0.218136 0.975918 -0
    outer loop
      vertex 84.0315 51.0443 0
      vertex 83.8783 51.0785 2
      vertex 84.0315 51.0443 2
    endloop
  endfacet
  facet normal 0.218136 0.975918 0
    outer loop
      vertex 83.8783 51.0785 2
      vertex 84.0315 51.0443 0
      vertex 83.8783 51.0785 0
    endloop
  endfacet
  facet normal -0.999506 -0.0314304 0
    outer loop
      vertex 87 53.5 0
      vertex 86.9951 53.657 2
      vertex 86.9951 53.657 0
    endloop
  endfacet
  facet normal -0.999506 -0.0314304 0
    outer loop
      vertex 86.9951 53.657 2
      vertex 87 53.5 0
      vertex 87 53.5 2
    endloop
  endfacet
  facet normal -0.750099 -0.661325 0
    outer loop
      vertex 86.4263 55.0936 0
      vertex 86.3224 55.2114 2
      vertex 86.3224 55.2114 0
    endloop
  endfacet
  facet normal -0.750099 -0.661325 0
    outer loop
      vertex 86.3224 55.2114 2
      vertex 86.4263 55.0936 0
      vertex 86.4263 55.0936 2
    endloop
  endfacet
  facet normal 0.661324 -0.750101 0
    outer loop
      vertex 82.7886 55.3224 0
      vertex 82.9064 55.4263 2
      vertex 82.7886 55.3224 2
    endloop
  endfacet
  facet normal 0.661324 -0.750101 0
    outer loop
      vertex 82.9064 55.4263 2
      vertex 82.7886 55.3224 0
      vertex 82.9064 55.4263 0
    endloop
  endfacet
  facet normal -0.975912 0.218165 0
    outer loop
      vertex 86.9215 52.8783 0
      vertex 86.9557 53.0315 2
      vertex 86.9557 53.0315 0
    endloop
  endfacet
  facet normal -0.975912 0.218165 0
    outer loop
      vertex 86.9557 53.0315 2
      vertex 86.9215 52.8783 0
      vertex 86.9215 52.8783 2
    endloop
  endfacet
  facet normal -0.8271 0.562055 0
    outer loop
      vertex 86.5225 52.0305 0
      vertex 86.6108 52.1604 2
      vertex 86.6108 52.1604 0
    endloop
  endfacet
  facet normal -0.8271 0.562055 0
    outer loop
      vertex 86.6108 52.1604 2
      vertex 86.5225 52.0305 0
      vertex 86.5225 52.0305 2
    endloop
  endfacet
  facet normal -0.707107 0.707107 0
    outer loop
      vertex 86.2114 51.6776 0
      vertex 86.3224 51.7886 2
      vertex 86.3224 51.7886 0
    endloop
  endfacet
  facet normal -0.707107 0.707107 0
    outer loop
      vertex 86.3224 51.7886 2
      vertex 86.2114 51.6776 0
      vertex 86.2114 51.6776 2
    endloop
  endfacet
  facet normal -0.562111 0.827062 0
    outer loop
      vertex 85.9695 51.4775 0
      vertex 85.8396 51.3892 2
      vertex 85.9695 51.4775 2
    endloop
  endfacet
  facet normal -0.562111 0.827062 0
    outer loop
      vertex 85.8396 51.3892 2
      vertex 85.9695 51.4775 0
      vertex 85.8396 51.3892 0
    endloop
  endfacet
  facet normal -0.509024 0.860752 0
    outer loop
      vertex 85.8396 51.3892 0
      vertex 85.7044 51.3092 2
      vertex 85.8396 51.3892 2
    endloop
  endfacet
  facet normal -0.509024 0.860752 0
    outer loop
      vertex 85.7044 51.3092 2
      vertex 85.8396 51.3892 0
      vertex 85.7044 51.3092 0
    endloop
  endfacet
  facet normal -0.0314061 0.999507 0
    outer loop
      vertex 84.657 51.0049 0
      vertex 84.5 51 2
      vertex 84.657 51.0049 2
    endloop
  endfacet
  facet normal -0.0314061 0.999507 0
    outer loop
      vertex 84.5 51 2
      vertex 84.657 51.0049 0
      vertex 84.5 51 0
    endloop
  endfacet
  facet normal -0.338742 0.940879 0
    outer loop
      vertex 85.4203 51.1756 0
      vertex 85.2725 51.1224 2
      vertex 85.4203 51.1756 2
    endloop
  endfacet
  facet normal -0.338742 0.940879 0
    outer loop
      vertex 85.2725 51.1224 2
      vertex 85.4203 51.1756 0
      vertex 85.2725 51.1224 0
    endloop
  endfacet
  facet normal -0.218136 0.975918 0
    outer loop
      vertex 85.1217 51.0785 0
      vertex 84.9685 51.0443 2
      vertex 85.1217 51.0785 2
    endloop
  endfacet
  facet normal -0.218136 0.975918 0
    outer loop
      vertex 84.9685 51.0443 2
      vertex 85.1217 51.0785 0
      vertex 84.9685 51.0443 0
    endloop
  endfacet
  facet normal 0.999507 0.0313819 0
    outer loop
      vertex 82.0049 53.343 2
      vertex 82 53.5 0
      vertex 82 53.5 2
    endloop
  endfacet
  facet normal 0.999507 0.0313819 0
    outer loop
      vertex 82 53.5 0
      vertex 82.0049 53.343 2
      vertex 82.0049 53.343 0
    endloop
  endfacet
  facet normal 0.940882 0.338734 0
    outer loop
      vertex 82.1756 52.5797 2
      vertex 82.1224 52.7275 0
      vertex 82.1224 52.7275 2
    endloop
  endfacet
  facet normal 0.940882 0.338734 0
    outer loop
      vertex 82.1224 52.7275 0
      vertex 82.1756 52.5797 2
      vertex 82.1756 52.5797 0
    endloop
  endfacet
  facet normal 0.975912 0.218165 0
    outer loop
      vertex 82.0785 52.8783 2
      vertex 82.0443 53.0315 0
      vertex 82.0443 53.0315 2
    endloop
  endfacet
  facet normal 0.975912 0.218165 0
    outer loop
      vertex 82.0443 53.0315 0
      vertex 82.0785 52.8783 2
      vertex 82.0785 52.8783 0
    endloop
  endfacet
  facet normal 0.860735 0.509053 0
    outer loop
      vertex 82.3892 52.1604 2
      vertex 82.3092 52.2956 0
      vertex 82.3092 52.2956 2
    endloop
  endfacet
  facet normal 0.860735 0.509053 0
    outer loop
      vertex 82.3092 52.2956 0
      vertex 82.3892 52.1604 2
      vertex 82.3892 52.1604 0
    endloop
  endfacet
  facet normal 0.8271 0.562055 0
    outer loop
      vertex 82.4775 52.0305 2
      vertex 82.3892 52.1604 0
      vertex 82.3892 52.1604 2
    endloop
  endfacet
  facet normal 0.8271 0.562055 0
    outer loop
      vertex 82.3892 52.1604 0
      vertex 82.4775 52.0305 2
      vertex 82.4775 52.0305 0
    endloop
  endfacet
  facet normal 0.156422 0.98769 -0
    outer loop
      vertex 84.1867 51.0197 0
      vertex 84.0315 51.0443 2
      vertex 84.1867 51.0197 2
    endloop
  endfacet
  facet normal 0.156422 0.98769 0
    outer loop
      vertex 84.0315 51.0443 2
      vertex 84.1867 51.0197 0
      vertex 84.0315 51.0443 0
    endloop
  endfacet
  facet normal 0.562088 0.827077 -0
    outer loop
      vertex 83.1604 51.3892 0
      vertex 83.0305 51.4775 2
      vertex 83.1604 51.3892 2
    endloop
  endfacet
  facet normal 0.562088 0.827077 0
    outer loop
      vertex 83.0305 51.4775 2
      vertex 83.1604 51.3892 0
      vertex 83.0305 51.4775 0
    endloop
  endfacet
  facet normal 0.453982 0.891011 -0
    outer loop
      vertex 83.4356 51.2379 0
      vertex 83.2956 51.3092 2
      vertex 83.4356 51.2379 2
    endloop
  endfacet
  facet normal 0.453982 0.891011 0
    outer loop
      vertex 83.2956 51.3092 2
      vertex 83.4356 51.2379 0
      vertex 83.2956 51.3092 0
    endloop
  endfacet
  facet normal 0.707107 0.707107 0
    outer loop
      vertex 82.7886 51.6776 2
      vertex 82.6776 51.7886 0
      vertex 82.6776 51.7886 2
    endloop
  endfacet
  facet normal 0.707107 0.707107 0
    outer loop
      vertex 82.6776 51.7886 0
      vertex 82.7886 51.6776 2
      vertex 82.7886 51.6776 0
    endloop
  endfacet
  facet normal -0.940882 -0.338734 0
    outer loop
      vertex 86.8776 54.2725 0
      vertex 86.8244 54.4203 2
      vertex 86.8244 54.4203 0
    endloop
  endfacet
  facet normal -0.940882 -0.338734 0
    outer loop
      vertex 86.8244 54.4203 2
      vertex 86.8776 54.2725 0
      vertex 86.8776 54.2725 2
    endloop
  endfacet
  facet normal -0.218136 -0.975918 0
    outer loop
      vertex 84.9685 55.9557 0
      vertex 85.1217 55.9215 2
      vertex 84.9685 55.9557 2
    endloop
  endfacet
  facet normal -0.218136 -0.975918 -0
    outer loop
      vertex 85.1217 55.9215 2
      vertex 84.9685 55.9557 0
      vertex 85.1217 55.9215 0
    endloop
  endfacet
  facet normal -0.453982 -0.891011 0
    outer loop
      vertex 85.5644 55.7621 0
      vertex 85.7044 55.6908 2
      vertex 85.5644 55.7621 2
    endloop
  endfacet
  facet normal -0.453982 -0.891011 -0
    outer loop
      vertex 85.7044 55.6908 2
      vertex 85.5644 55.7621 0
      vertex 85.7044 55.6908 0
    endloop
  endfacet
  facet normal -0.860735 -0.509053 0
    outer loop
      vertex 86.6908 54.7044 0
      vertex 86.6108 54.8396 2
      vertex 86.6108 54.8396 0
    endloop
  endfacet
  facet normal -0.860735 -0.509053 0
    outer loop
      vertex 86.6108 54.8396 2
      vertex 86.6908 54.7044 0
      vertex 86.6908 54.7044 2
    endloop
  endfacet
  facet normal 0.0314061 -0.999507 0
    outer loop
      vertex 84.343 55.9951 0
      vertex 84.5 56 2
      vertex 84.343 55.9951 2
    endloop
  endfacet
  facet normal 0.0314061 -0.999507 0
    outer loop
      vertex 84.5 56 2
      vertex 84.343 55.9951 0
      vertex 84.5 56 0
    endloop
  endfacet
  facet normal 0.338742 -0.940879 0
    outer loop
      vertex 83.5797 55.8244 0
      vertex 83.7275 55.8776 2
      vertex 83.5797 55.8244 2
    endloop
  endfacet
  facet normal 0.338742 -0.940879 0
    outer loop
      vertex 83.7275 55.8776 2
      vertex 83.5797 55.8244 0
      vertex 83.7275 55.8776 0
    endloop
  endfacet
  facet normal 0.218136 -0.975918 0
    outer loop
      vertex 83.8783 55.9215 0
      vertex 84.0315 55.9557 2
      vertex 83.8783 55.9215 2
    endloop
  endfacet
  facet normal 0.218136 -0.975918 0
    outer loop
      vertex 84.0315 55.9557 2
      vertex 83.8783 55.9215 0
      vertex 84.0315 55.9557 0
    endloop
  endfacet
  facet normal 0.509024 -0.860752 0
    outer loop
      vertex 83.1604 55.6108 0
      vertex 83.2956 55.6908 2
      vertex 83.1604 55.6108 2
    endloop
  endfacet
  facet normal 0.509024 -0.860752 0
    outer loop
      vertex 83.2956 55.6908 2
      vertex 83.1604 55.6108 0
      vertex 83.2956 55.6908 0
    endloop
  endfacet
  facet normal 0.995559 -0.0941443 0
    outer loop
      vertex 82.0049 53.657 2
      vertex 82.0197 53.8133 0
      vertex 82.0197 53.8133 2
    endloop
  endfacet
  facet normal 0.995559 -0.0941443 0
    outer loop
      vertex 82.0197 53.8133 0
      vertex 82.0049 53.657 2
      vertex 82.0049 53.657 0
    endloop
  endfacet
  facet normal 0.890996 -0.454011 0
    outer loop
      vertex 82.2379 54.5644 2
      vertex 82.3092 54.7044 0
      vertex 82.3092 54.7044 2
    endloop
  endfacet
  facet normal 0.890996 -0.454011 0
    outer loop
      vertex 82.3092 54.7044 0
      vertex 82.2379 54.5644 2
      vertex 82.2379 54.5644 0
    endloop
  endfacet
  facet normal -0.995563 0.0940961 0
    outer loop
      vertex 86.9803 53.1867 0
      vertex 86.9951 53.343 2
      vertex 86.9951 53.343 0
    endloop
  endfacet
  facet normal -0.995563 0.0940961 0
    outer loop
      vertex 86.9951 53.343 2
      vertex 86.9803 53.1867 0
      vertex 86.9803 53.1867 2
    endloop
  endfacet
  facet normal -0.98769 0.156422 0
    outer loop
      vertex 86.9557 53.0315 0
      vertex 86.9803 53.1867 2
      vertex 86.9803 53.1867 0
    endloop
  endfacet
  facet normal -0.98769 0.156422 0
    outer loop
      vertex 86.9803 53.1867 2
      vertex 86.9557 53.0315 0
      vertex 86.9557 53.0315 2
    endloop
  endfacet
  facet normal -0.940882 0.338734 0
    outer loop
      vertex 86.8244 52.5797 0
      vertex 86.8776 52.7275 2
      vertex 86.8776 52.7275 0
    endloop
  endfacet
  facet normal -0.940882 0.338734 0
    outer loop
      vertex 86.8776 52.7275 2
      vertex 86.8244 52.5797 0
      vertex 86.8244 52.5797 2
    endloop
  endfacet
  facet normal -0.960295 0.278985 0
    outer loop
      vertex 86.8776 52.7275 0
      vertex 86.9215 52.8783 2
      vertex 86.9215 52.8783 0
    endloop
  endfacet
  facet normal -0.960295 0.278985 0
    outer loop
      vertex 86.9215 52.8783 2
      vertex 86.8776 52.7275 0
      vertex 86.8776 52.7275 2
    endloop
  endfacet
  facet normal -0.860735 0.509053 0
    outer loop
      vertex 86.6108 52.1604 0
      vertex 86.6908 52.2956 2
      vertex 86.6908 52.2956 0
    endloop
  endfacet
  facet normal -0.860735 0.509053 0
    outer loop
      vertex 86.6908 52.2956 2
      vertex 86.6108 52.1604 0
      vertex 86.6108 52.1604 2
    endloop
  endfacet
  facet normal -0.750099 0.661325 0
    outer loop
      vertex 86.3224 51.7886 0
      vertex 86.4263 51.9064 2
      vertex 86.4263 51.9064 0
    endloop
  endfacet
  facet normal -0.750099 0.661325 0
    outer loop
      vertex 86.4263 51.9064 2
      vertex 86.3224 51.7886 0
      vertex 86.3224 51.7886 2
    endloop
  endfacet
  facet normal -0.790151 0.612913 0
    outer loop
      vertex 86.4263 51.9064 0
      vertex 86.5225 52.0305 2
      vertex 86.5225 52.0305 0
    endloop
  endfacet
  facet normal -0.790151 0.612913 0
    outer loop
      vertex 86.5225 52.0305 2
      vertex 86.4263 51.9064 0
      vertex 86.4263 51.9064 2
    endloop
  endfacet
  facet normal -0.612886 0.790172 0
    outer loop
      vertex 86.0936 51.5737 0
      vertex 85.9695 51.4775 2
      vertex 86.0936 51.5737 2
    endloop
  endfacet
  facet normal -0.612886 0.790172 0
    outer loop
      vertex 85.9695 51.4775 2
      vertex 86.0936 51.5737 0
      vertex 85.9695 51.4775 0
    endloop
  endfacet
  facet normal 0.0314061 0.999507 -0
    outer loop
      vertex 84.5 51 0
      vertex 84.343 51.0049 2
      vertex 84.5 51 2
    endloop
  endfacet
  facet normal 0.0314061 0.999507 0
    outer loop
      vertex 84.343 51.0049 2
      vertex 84.5 51 0
      vertex 84.343 51.0049 0
    endloop
  endfacet
  facet normal -0.453982 0.891011 0
    outer loop
      vertex 85.7044 51.3092 0
      vertex 85.5644 51.2379 2
      vertex 85.7044 51.3092 2
    endloop
  endfacet
  facet normal -0.453982 0.891011 0
    outer loop
      vertex 85.5644 51.2379 2
      vertex 85.7044 51.3092 0
      vertex 85.5644 51.2379 0
    endloop
  endfacet
  facet normal -0.156422 0.98769 0
    outer loop
      vertex 84.9685 51.0443 0
      vertex 84.8133 51.0197 2
      vertex 84.9685 51.0443 2
    endloop
  endfacet
  facet normal -0.156422 0.98769 0
    outer loop
      vertex 84.8133 51.0197 2
      vertex 84.9685 51.0443 0
      vertex 84.8133 51.0197 0
    endloop
  endfacet
  facet normal -0.0941202 0.995561 0
    outer loop
      vertex 84.8133 51.0197 0
      vertex 84.657 51.0049 2
      vertex 84.8133 51.0197 2
    endloop
  endfacet
  facet normal -0.0941202 0.995561 0
    outer loop
      vertex 84.657 51.0049 2
      vertex 84.8133 51.0197 0
      vertex 84.657 51.0049 0
    endloop
  endfacet
  facet normal -0.279007 0.960289 0
    outer loop
      vertex 85.2725 51.1224 0
      vertex 85.1217 51.0785 2
      vertex 85.2725 51.1224 2
    endloop
  endfacet
  facet normal -0.279007 0.960289 0
    outer loop
      vertex 85.1217 51.0785 2
      vertex 85.2725 51.1224 0
      vertex 85.1217 51.0785 0
    endloop
  endfacet
  facet normal 0.98769 0.156422 0
    outer loop
      vertex 82.0443 53.0315 2
      vertex 82.0197 53.1867 0
      vertex 82.0197 53.1867 2
    endloop
  endfacet
  facet normal 0.98769 0.156422 0
    outer loop
      vertex 82.0197 53.1867 0
      vertex 82.0443 53.0315 2
      vertex 82.0443 53.0315 0
    endloop
  endfacet
  facet normal 0.995559 0.0941443 0
    outer loop
      vertex 82.0197 53.1867 2
      vertex 82.0049 53.343 0
      vertex 82.0049 53.343 2
    endloop
  endfacet
  facet normal 0.995559 0.0941443 0
    outer loop
      vertex 82.0049 53.343 0
      vertex 82.0197 53.1867 2
      vertex 82.0197 53.1867 0
    endloop
  endfacet
  facet normal 0.960295 0.278985 0
    outer loop
      vertex 82.1224 52.7275 2
      vertex 82.0785 52.8783 0
      vertex 82.0785 52.8783 2
    endloop
  endfacet
  facet normal 0.960295 0.278985 0
    outer loop
      vertex 82.0785 52.8783 0
      vertex 82.1224 52.7275 2
      vertex 82.1224 52.7275 0
    endloop
  endfacet
  facet normal 0.890996 0.454011 0
    outer loop
      vertex 82.3092 52.2956 2
      vertex 82.2379 52.4356 0
      vertex 82.2379 52.4356 2
    endloop
  endfacet
  facet normal 0.890996 0.454011 0
    outer loop
      vertex 82.2379 52.4356 0
      vertex 82.3092 52.2956 2
      vertex 82.3092 52.2956 0
    endloop
  endfacet
  facet normal 0.790151 0.612913 0
    outer loop
      vertex 82.5737 51.9064 2
      vertex 82.4775 52.0305 0
      vertex 82.4775 52.0305 2
    endloop
  endfacet
  facet normal 0.790151 0.612913 0
    outer loop
      vertex 82.4775 52.0305 0
      vertex 82.5737 51.9064 2
      vertex 82.5737 51.9064 0
    endloop
  endfacet
  facet normal 0.279007 0.960289 -0
    outer loop
      vertex 83.8783 51.0785 0
      vertex 83.7275 51.1224 2
      vertex 83.8783 51.0785 2
    endloop
  endfacet
  facet normal 0.279007 0.960289 0
    outer loop
      vertex 83.7275 51.1224 2
      vertex 83.8783 51.0785 0
      vertex 83.7275 51.1224 0
    endloop
  endfacet
  facet normal 0.338742 0.940879 -0
    outer loop
      vertex 83.7275 51.1224 0
      vertex 83.5797 51.1756 2
      vertex 83.7275 51.1224 2
    endloop
  endfacet
  facet normal 0.338742 0.940879 0
    outer loop
      vertex 83.5797 51.1756 2
      vertex 83.7275 51.1224 0
      vertex 83.5797 51.1756 0
    endloop
  endfacet
  facet normal 0.0941202 0.995561 -0
    outer loop
      vertex 84.343 51.0049 0
      vertex 84.1867 51.0197 2
      vertex 84.343 51.0049 2
    endloop
  endfacet
  facet normal 0.0941202 0.995561 0
    outer loop
      vertex 84.1867 51.0197 2
      vertex 84.343 51.0049 0
      vertex 84.1867 51.0197 0
    endloop
  endfacet
  facet normal 0.509024 0.860752 -0
    outer loop
      vertex 83.2956 51.3092 0
      vertex 83.1604 51.3892 2
      vertex 83.2956 51.3092 2
    endloop
  endfacet
  facet normal 0.509024 0.860752 0
    outer loop
      vertex 83.1604 51.3892 2
      vertex 83.2956 51.3092 0
      vertex 83.1604 51.3892 0
    endloop
  endfacet
  facet normal 0.661324 0.750101 -0
    outer loop
      vertex 82.9064 51.5737 0
      vertex 82.7886 51.6776 2
      vertex 82.9064 51.5737 2
    endloop
  endfacet
  facet normal 0.661324 0.750101 0
    outer loop
      vertex 82.7886 51.6776 2
      vertex 82.9064 51.5737 0
      vertex 82.7886 51.6776 0
    endloop
  endfacet
  facet normal 0.612909 0.790153 -0
    outer loop
      vertex 83.0305 51.4775 0
      vertex 82.9064 51.5737 2
      vertex 83.0305 51.4775 2
    endloop
  endfacet
  facet normal 0.612909 0.790153 0
    outer loop
      vertex 82.9064 51.5737 2
      vertex 83.0305 51.4775 0
      vertex 82.9064 51.5737 0
    endloop
  endfacet
  facet normal -0.999506 0.0314304 0
    outer loop
      vertex 86.9951 53.343 0
      vertex 87 53.5 2
      vertex 87 53.5 0
    endloop
  endfacet
  facet normal -0.999506 0.0314304 0
    outer loop
      vertex 87 53.5 2
      vertex 86.9951 53.343 0
      vertex 86.9951 53.343 2
    endloop
  endfacet
  facet normal -0.98769 -0.156422 0
    outer loop
      vertex 86.9803 53.8133 0
      vertex 86.9557 53.9685 2
      vertex 86.9557 53.9685 0
    endloop
  endfacet
  facet normal -0.98769 -0.156422 0
    outer loop
      vertex 86.9557 53.9685 2
      vertex 86.9803 53.8133 0
      vertex 86.9803 53.8133 2
    endloop
  endfacet
  facet normal -0.0941202 -0.995561 0
    outer loop
      vertex 84.657 55.9951 0
      vertex 84.8133 55.9803 2
      vertex 84.657 55.9951 2
    endloop
  endfacet
  facet normal -0.0941202 -0.995561 -0
    outer loop
      vertex 84.8133 55.9803 2
      vertex 84.657 55.9951 0
      vertex 84.8133 55.9803 0
    endloop
  endfacet
  facet normal -0.397156 -0.917751 0
    outer loop
      vertex 85.4203 55.8244 0
      vertex 85.5644 55.7621 2
      vertex 85.4203 55.8244 2
    endloop
  endfacet
  facet normal -0.397156 -0.917751 -0
    outer loop
      vertex 85.5644 55.7621 2
      vertex 85.4203 55.8244 0
      vertex 85.5644 55.7621 0
    endloop
  endfacet
  facet normal -0.279007 -0.960289 0
    outer loop
      vertex 85.1217 55.9215 0
      vertex 85.2725 55.8776 2
      vertex 85.1217 55.9215 2
    endloop
  endfacet
  facet normal -0.279007 -0.960289 -0
    outer loop
      vertex 85.2725 55.8776 2
      vertex 85.1217 55.9215 0
      vertex 85.2725 55.8776 0
    endloop
  endfacet
  facet normal -0.612886 -0.790172 0
    outer loop
      vertex 85.9695 55.5225 0
      vertex 86.0936 55.4263 2
      vertex 85.9695 55.5225 2
    endloop
  endfacet
  facet normal -0.612886 -0.790172 -0
    outer loop
      vertex 86.0936 55.4263 2
      vertex 85.9695 55.5225 0
      vertex 86.0936 55.4263 0
    endloop
  endfacet
  facet normal -0.707107 -0.707107 0
    outer loop
      vertex 86.3224 55.2114 0
      vertex 86.2114 55.3224 2
      vertex 86.2114 55.3224 0
    endloop
  endfacet
  facet normal -0.707107 -0.707107 0
    outer loop
      vertex 86.2114 55.3224 2
      vertex 86.3224 55.2114 0
      vertex 86.3224 55.2114 2
    endloop
  endfacet
  facet normal -0.509024 -0.860752 0
    outer loop
      vertex 85.7044 55.6908 0
      vertex 85.8396 55.6108 2
      vertex 85.7044 55.6908 2
    endloop
  endfacet
  facet normal -0.509024 -0.860752 -0
    outer loop
      vertex 85.8396 55.6108 2
      vertex 85.7044 55.6908 0
      vertex 85.8396 55.6108 0
    endloop
  endfacet
  facet normal -0.890996 -0.454011 0
    outer loop
      vertex 86.7621 54.5644 0
      vertex 86.6908 54.7044 2
      vertex 86.6908 54.7044 0
    endloop
  endfacet
  facet normal -0.890996 -0.454011 0
    outer loop
      vertex 86.6908 54.7044 2
      vertex 86.7621 54.5644 0
      vertex 86.7621 54.5644 2
    endloop
  endfacet
  facet normal -0.8271 -0.562055 0
    outer loop
      vertex 86.6108 54.8396 0
      vertex 86.5225 54.9695 2
      vertex 86.5225 54.9695 0
    endloop
  endfacet
  facet normal -0.8271 -0.562055 0
    outer loop
      vertex 86.5225 54.9695 2
      vertex 86.6108 54.8396 0
      vertex 86.6108 54.8396 2
    endloop
  endfacet
  facet normal 0.156422 -0.98769 0
    outer loop
      vertex 84.0315 55.9557 0
      vertex 84.1867 55.9803 2
      vertex 84.0315 55.9557 2
    endloop
  endfacet
  facet normal 0.156422 -0.98769 0
    outer loop
      vertex 84.1867 55.9803 2
      vertex 84.0315 55.9557 0
      vertex 84.1867 55.9803 0
    endloop
  endfacet
  facet normal 0.279007 -0.960289 0
    outer loop
      vertex 83.7275 55.8776 0
      vertex 83.8783 55.9215 2
      vertex 83.7275 55.8776 2
    endloop
  endfacet
  facet normal 0.279007 -0.960289 0
    outer loop
      vertex 83.8783 55.9215 2
      vertex 83.7275 55.8776 0
      vertex 83.8783 55.9215 0
    endloop
  endfacet
  facet normal 0.453982 -0.891011 0
    outer loop
      vertex 83.2956 55.6908 0
      vertex 83.4356 55.7621 2
      vertex 83.2956 55.6908 2
    endloop
  endfacet
  facet normal 0.453982 -0.891011 0
    outer loop
      vertex 83.4356 55.7621 2
      vertex 83.2956 55.6908 0
      vertex 83.4356 55.7621 0
    endloop
  endfacet
  facet normal 0.562088 -0.827077 0
    outer loop
      vertex 83.0305 55.5225 0
      vertex 83.1604 55.6108 2
      vertex 83.0305 55.5225 2
    endloop
  endfacet
  facet normal 0.562088 -0.827077 0
    outer loop
      vertex 83.1604 55.6108 2
      vertex 83.0305 55.5225 0
      vertex 83.1604 55.6108 0
    endloop
  endfacet
  facet normal 0.940882 -0.338734 0
    outer loop
      vertex 82.1224 54.2725 2
      vertex 82.1756 54.4203 0
      vertex 82.1756 54.4203 2
    endloop
  endfacet
  facet normal 0.940882 -0.338734 0
    outer loop
      vertex 82.1756 54.4203 0
      vertex 82.1224 54.2725 2
      vertex 82.1224 54.2725 0
    endloop
  endfacet
  facet normal 0.960295 -0.278985 0
    outer loop
      vertex 82.0785 54.1217 2
      vertex 82.1224 54.2725 0
      vertex 82.1224 54.2725 2
    endloop
  endfacet
  facet normal 0.960295 -0.278985 0
    outer loop
      vertex 82.1224 54.2725 0
      vertex 82.0785 54.1217 2
      vertex 82.0785 54.1217 0
    endloop
  endfacet
  facet normal 0.917764 -0.397127 0
    outer loop
      vertex 82.1756 54.4203 2
      vertex 82.2379 54.5644 0
      vertex 82.2379 54.5644 2
    endloop
  endfacet
  facet normal 0.917764 -0.397127 0
    outer loop
      vertex 82.2379 54.5644 0
      vertex 82.1756 54.4203 2
      vertex 82.1756 54.4203 0
    endloop
  endfacet
  facet normal 0.975912 -0.218165 0
    outer loop
      vertex 82.0443 53.9685 2
      vertex 82.0785 54.1217 0
      vertex 82.0785 54.1217 2
    endloop
  endfacet
  facet normal 0.975912 -0.218165 0
    outer loop
      vertex 82.0785 54.1217 0
      vertex 82.0443 53.9685 2
      vertex 82.0443 53.9685 0
    endloop
  endfacet
  facet normal 0.98769 -0.156422 0
    outer loop
      vertex 82.0197 53.8133 2
      vertex 82.0443 53.9685 0
      vertex 82.0443 53.9685 2
    endloop
  endfacet
  facet normal 0.98769 -0.156422 0
    outer loop
      vertex 82.0443 53.9685 0
      vertex 82.0197 53.8133 2
      vertex 82.0197 53.8133 0
    endloop
  endfacet
  facet normal 0.860735 -0.509053 0
    outer loop
      vertex 82.3092 54.7044 2
      vertex 82.3892 54.8396 0
      vertex 82.3892 54.8396 2
    endloop
  endfacet
  facet normal 0.860735 -0.509053 0
    outer loop
      vertex 82.3892 54.8396 0
      vertex 82.3092 54.7044 2
      vertex 82.3092 54.7044 0
    endloop
  endfacet
  facet normal 0.8271 -0.562055 0
    outer loop
      vertex 82.3892 54.8396 2
      vertex 82.4775 54.9695 0
      vertex 82.4775 54.9695 2
    endloop
  endfacet
  facet normal 0.8271 -0.562055 0
    outer loop
      vertex 82.4775 54.9695 0
      vertex 82.3892 54.8396 2
      vertex 82.3892 54.8396 0
    endloop
  endfacet
  facet normal 0.707107 -0.707107 0
    outer loop
      vertex 82.6776 55.2114 2
      vertex 82.7886 55.3224 0
      vertex 82.7886 55.3224 2
    endloop
  endfacet
  facet normal 0.707107 -0.707107 0
    outer loop
      vertex 82.7886 55.3224 0
      vertex 82.6776 55.2114 2
      vertex 82.6776 55.2114 0
    endloop
  endfacet
  facet normal 0.790151 -0.612913 0
    outer loop
      vertex 82.4775 54.9695 2
      vertex 82.5737 55.0936 0
      vertex 82.5737 55.0936 2
    endloop
  endfacet
  facet normal 0.790151 -0.612913 0
    outer loop
      vertex 82.5737 55.0936 0
      vertex 82.4775 54.9695 2
      vertex 82.4775 54.9695 0
    endloop
  endfacet
  facet normal 0.999507 -0.0313819 0
    outer loop
      vertex 82 53.5 2
      vertex 82.0049 53.657 0
      vertex 82.0049 53.657 2
    endloop
  endfacet
  facet normal 0.999507 -0.0313819 0
    outer loop
      vertex 82.0049 53.657 0
      vertex 82 53.5 2
      vertex 82 53.5 0
    endloop
  endfacet
  facet normal -0.995563 -0.0940961 0
    outer loop
      vertex 86.9951 53.657 0
      vertex 86.9803 53.8133 2
      vertex 86.9803 53.8133 0
    endloop
  endfacet
  facet normal -0.995563 -0.0940961 0
    outer loop
      vertex 86.9803 53.8133 2
      vertex 86.9951 53.657 0
      vertex 86.9951 53.657 2
    endloop
  endfacet
  facet normal -0.960295 -0.278985 0
    outer loop
      vertex 86.9215 54.1217 0
      vertex 86.8776 54.2725 2
      vertex 86.8776 54.2725 0
    endloop
  endfacet
  facet normal -0.960295 -0.278985 0
    outer loop
      vertex 86.8776 54.2725 2
      vertex 86.9215 54.1217 0
      vertex 86.9215 54.1217 2
    endloop
  endfacet
  facet normal -0.156422 -0.98769 0
    outer loop
      vertex 84.8133 55.9803 0
      vertex 84.9685 55.9557 2
      vertex 84.8133 55.9803 2
    endloop
  endfacet
  facet normal -0.156422 -0.98769 -0
    outer loop
      vertex 84.9685 55.9557 2
      vertex 84.8133 55.9803 0
      vertex 84.9685 55.9557 0
    endloop
  endfacet
  facet normal -0.338742 -0.940879 0
    outer loop
      vertex 85.2725 55.8776 0
      vertex 85.4203 55.8244 2
      vertex 85.2725 55.8776 2
    endloop
  endfacet
  facet normal -0.338742 -0.940879 -0
    outer loop
      vertex 85.4203 55.8244 2
      vertex 85.2725 55.8776 0
      vertex 85.4203 55.8244 0
    endloop
  endfacet
  facet normal -0.661324 -0.750101 0
    outer loop
      vertex 86.0936 55.4263 0
      vertex 86.2114 55.3224 2
      vertex 86.0936 55.4263 2
    endloop
  endfacet
  facet normal -0.661324 -0.750101 -0
    outer loop
      vertex 86.2114 55.3224 2
      vertex 86.0936 55.4263 0
      vertex 86.2114 55.3224 0
    endloop
  endfacet
  facet normal -0.917764 -0.397127 0
    outer loop
      vertex 86.8244 54.4203 0
      vertex 86.7621 54.5644 2
      vertex 86.7621 54.5644 0
    endloop
  endfacet
  facet normal -0.917764 -0.397127 0
    outer loop
      vertex 86.7621 54.5644 2
      vertex 86.8244 54.4203 0
      vertex 86.8244 54.4203 2
    endloop
  endfacet
  facet normal -0.790151 -0.612913 0
    outer loop
      vertex 86.5225 54.9695 0
      vertex 86.4263 55.0936 2
      vertex 86.4263 55.0936 0
    endloop
  endfacet
  facet normal -0.790151 -0.612913 0
    outer loop
      vertex 86.4263 55.0936 2
      vertex 86.5225 54.9695 0
      vertex 86.5225 54.9695 2
    endloop
  endfacet
  facet normal -0.0314061 -0.999507 0
    outer loop
      vertex 84.5 56 0
      vertex 84.657 55.9951 2
      vertex 84.5 56 2
    endloop
  endfacet
  facet normal -0.0314061 -0.999507 -0
    outer loop
      vertex 84.657 55.9951 2
      vertex 84.5 56 0
      vertex 84.657 55.9951 0
    endloop
  endfacet
  facet normal 0.0941202 -0.995561 0
    outer loop
      vertex 84.1867 55.9803 0
      vertex 84.343 55.9951 2
      vertex 84.1867 55.9803 2
    endloop
  endfacet
  facet normal 0.0941202 -0.995561 0
    outer loop
      vertex 84.343 55.9951 2
      vertex 84.1867 55.9803 0
      vertex 84.343 55.9951 0
    endloop
  endfacet
  facet normal 0.612909 -0.790153 0
    outer loop
      vertex 82.9064 55.4263 0
      vertex 83.0305 55.5225 2
      vertex 82.9064 55.4263 2
    endloop
  endfacet
  facet normal 0.612909 -0.790153 0
    outer loop
      vertex 83.0305 55.5225 2
      vertex 82.9064 55.4263 0
      vertex 83.0305 55.5225 0
    endloop
  endfacet
  facet normal 0.750099 -0.661325 0
    outer loop
      vertex 82.5737 55.0936 2
      vertex 82.6776 55.2114 0
      vertex 82.6776 55.2114 2
    endloop
  endfacet
  facet normal 0.750099 -0.661325 0
    outer loop
      vertex 82.6776 55.2114 0
      vertex 82.5737 55.0936 2
      vertex 82.5737 55.0936 0
    endloop
  endfacet
  facet normal -0.975912 -0.218165 0
    outer loop
      vertex 86.9557 53.9685 0
      vertex 86.9215 54.1217 2
      vertex 86.9215 54.1217 0
    endloop
  endfacet
  facet normal -0.975912 -0.218165 0
    outer loop
      vertex 86.9215 54.1217 2
      vertex 86.9557 53.9685 0
      vertex 86.9557 53.9685 2
    endloop
  endfacet
  facet normal 1 -0 0
    outer loop
      vertex 12 17 2
      vertex 12 42 0
      vertex 12 42 2
    endloop
  endfacet
  facet normal 1 0 0
    outer loop
      vertex 12 42 0
      vertex 12 17 2
      vertex 12 17 0
    endloop
  endfacet
  facet normal -1 0 0
    outer loop
      vertex 81 17 0
      vertex 81 42 2
      vertex 81 42 0
    endloop
  endfacet
  facet normal -1 -0 0
    outer loop
      vertex 81 42 2
      vertex 81 17 0
      vertex 81 17 2
    endloop
  endfacet
  facet normal 0 -1 0
    outer loop
      vertex 12 42 0
      vertex 81 42 2
      vertex 12 42 2
    endloop
  endfacet
  facet normal 0 -1 -0
    outer loop
      vertex 81 42 2
      vertex 12 42 0
      vertex 81 42 0
    endloop
  endfacet
  facet normal 0 1 -0
    outer loop
      vertex 81 17 0
      vertex 12 17 2
      vertex 81 17 2
    endloop
  endfacet
  facet normal 0 1 0
    outer loop
      vertex 12 17 2
      vertex 81 17 0
      vertex 12 17 0
    endloop
  endfacet
  facet normal -1 0 0
    outer loop
      vertex 0 64 0
      vertex 0 58 23
      vertex 0 64 45
    endloop
  endfacet
  facet normal -1 0 0
    outer loop
      vertex 0 64 0
      vertex 0 57.9921 22.7488
      vertex 0 58 23
    endloop
  endfacet
  facet normal -1 0 0
    outer loop
      vertex 0 64 0
      vertex 0 57.9685 22.4987
      vertex 0 57.9921 22.7488
    endloop
  endfacet
  facet normal -1 0 0
    outer loop
      vertex 0 64 0
      vertex 0 57.9291 22.2505
      vertex 0 57.9685 22.4987
    endloop
  endfacet
  facet normal -1 0 0
    outer loop
      vertex 0 64 0
      vertex 0 57.8743 22.0052
      vertex 0 57.9291 22.2505
    endloop
  endfacet
  facet normal -1 0 0
    outer loop
      vertex 0 64 0
      vertex 0 57.8042 21.7639
      vertex 0 57.8743 22.0052
    endloop
  endfacet
  facet normal -1 0 0
    outer loop
      vertex 0 64 0
      vertex 0 57.7191 21.5275
      vertex 0 57.8042 21.7639
    endloop
  endfacet
  facet normal -1 0 0
    outer loop
      vertex 0 64 0
      vertex 0 57.6193 21.2969
      vertex 0 57.7191 21.5275
    endloop
  endfacet
  facet normal -1 0 0
    outer loop
      vertex 0 64 0
      vertex 0 57.5052 21.073
      vertex 0 57.6193 21.2969
    endloop
  endfacet
  facet normal -1 0 0
    outer loop
      vertex 0 64 0
      vertex 0 57.3773 20.8567
      vertex 0 57.5052 21.073
    endloop
  endfacet
  facet normal -1 0 0
    outer loop
      vertex 0 64 0
      vertex 0 57.2361 20.6489
      vertex 0 57.3773 20.8567
    endloop
  endfacet
  facet normal -1 0 0
    outer loop
      vertex 0 64 0
      vertex 0 57.0821 20.4503
      vertex 0 57.2361 20.6489
    endloop
  endfacet
  facet normal -1 0 0
    outer loop
      vertex 0 64 0
      vertex 0 56.9159 20.2618
      vertex 0 57.0821 20.4503
    endloop
  endfacet
  facet normal -1 0 0
    outer loop
      vertex 0 64 0
      vertex 0 56.7382 20.0841
      vertex 0 56.9159 20.2618
    endloop
  endfacet
  facet normal -1 0 0
    outer loop
      vertex 0 64 0
      vertex 0 56.5497 19.9179
      vertex 0 56.7382 20.0841
    endloop
  endfacet
  facet normal -1 0 0
    outer loop
      vertex 0 64 0
      vertex 0 56.3511 19.7639
      vertex 0 56.5497 19.9179
    endloop
  endfacet
  facet normal -1 0 0
    outer loop
      vertex 0 64 0
      vertex 0 56.1433 19.6227
      vertex 0 56.3511 19.7639
    endloop
  endfacet
  facet normal -1 0 0
    outer loop
      vertex 0 64 0
      vertex 0 55.927 19.4948
      vertex 0 56.1433 19.6227
    endloop
  endfacet
  facet normal -1 0 0
    outer loop
      vertex 0 64 0
      vertex 0 55.7031 19.3807
      vertex 0 55.927 19.4948
    endloop
  endfacet
  facet normal -1 0 0
    outer loop
      vertex 0 64 0
      vertex 0 55.4725 19.2809
      vertex 0 55.7031 19.3807
    endloop
  endfacet
  facet normal -1 0 0
    outer loop
      vertex 0 64 0
      vertex 0 55.2361 19.1958
      vertex 0 55.4725 19.2809
    endloop
  endfacet
  facet normal -1 0 0
    outer loop
      vertex 0 64 0
      vertex 0 54.9948 19.1257
      vertex 0 55.2361 19.1958
    endloop
  endfacet
  facet normal -1 0 0
    outer loop
      vertex 0 64 0
      vertex 0 54.7495 19.0709
      vertex 0 54.9948 19.1257
    endloop
  endfacet
  facet normal -1 0 0
    outer loop
      vertex 0 64 0
      vertex 0 54.5013 19.0315
      vertex 0 54.7495 19.0709
    endloop
  endfacet
  facet normal -1 0 0
    outer loop
      vertex 0 64 0
      vertex 0 54.2512 19.0079
      vertex 0 54.5013 19.0315
    endloop
  endfacet
  facet normal -1 0 0
    outer loop
      vertex 0 64 0
      vertex 0 54 19
      vertex 0 54.2512 19.0079
    endloop
  endfacet
  facet normal -1 0 0
    outer loop
      vertex 0 64 0
      vertex 0 53.7488 19.0079
      vertex 0 54 19
    endloop
  endfacet
  facet normal -1 0 0
    outer loop
      vertex 0 64 0
      vertex 0 53.4987 19.0315
      vertex 0 53.7488 19.0079
    endloop
  endfacet
  facet normal -1 0 0
    outer loop
      vertex 0 64 0
      vertex 0 53.2505 19.0709
      vertex 0 53.4987 19.0315
    endloop
  endfacet
  facet normal -1 0 0
    outer loop
      vertex 0 64 0
      vertex 0 53.0052 19.1257
      vertex 0 53.2505 19.0709
    endloop
  endfacet
  facet normal -1 0 0
    outer loop
      vertex 0 64 0
      vertex 0 52.7639 19.1958
      vertex 0 53.0052 19.1257
    endloop
  endfacet
  facet normal -1 0 0
    outer loop
      vertex 0 64 0
      vertex 0 52.5275 19.2809
      vertex 0 52.7639 19.1958
    endloop
  endfacet
  facet normal -1 0 0
    outer loop
      vertex 0 64 0
      vertex 0 52.2969 19.3807
      vertex 0 52.5275 19.2809
    endloop
  endfacet
  facet normal -1 0 0
    outer loop
      vertex 0 64 0
      vertex 0 52.073 19.4948
      vertex 0 52.2969 19.3807
    endloop
  endfacet
  facet normal -1 0 0
    outer loop
      vertex 0 64 0
      vertex 0 51.8567 19.6227
      vertex 0 52.073 19.4948
    endloop
  endfacet
  facet normal -1 0 0
    outer loop
      vertex 0 64 0
      vertex 0 51.6489 19.7639
      vertex 0 51.8567 19.6227
    endloop
  endfacet
  facet normal -1 0 0
    outer loop
      vertex 0 0 0
      vertex 0 51.6489 19.7639
      vertex 0 64 0
    endloop
  endfacet
  facet normal -1 -0 0
    outer loop
      vertex 0 51.6489 19.7639
      vertex 0 0 0
      vertex 0 51.4503 19.9179
    endloop
  endfacet
  facet normal -1 -0 0
    outer loop
      vertex 0 51.4503 19.9179
      vertex 0 0 0
      vertex 0 51.2618 20.0841
    endloop
  endfacet
  facet normal -1 -0 0
    outer loop
      vertex 0 51.2618 20.0841
      vertex 0 0 0
      vertex 0 51.0841 20.2618
    endloop
  endfacet
  facet normal -1 -0 0
    outer loop
      vertex 0 51.0841 20.2618
      vertex 0 0 0
      vertex 0 50.9179 20.4503
    endloop
  endfacet
  facet normal -1 -0 0
    outer loop
      vertex 0 50.9179 20.4503
      vertex 0 0 0
      vertex 0 50.7639 20.6489
    endloop
  endfacet
  facet normal -1 -0 0
    outer loop
      vertex 0 50.0079 22.7488
      vertex 0 0 0
      vertex 0 50 23
    endloop
  endfacet
  facet normal -1 -0 0
    outer loop
      vertex 0 50.0315 22.4987
      vertex 0 0 0
      vertex 0 50.0079 22.7488
    endloop
  endfacet
  facet normal -1 -0 0
    outer loop
      vertex 0 50.0709 22.2505
      vertex 0 0 0
      vertex 0 50.0315 22.4987
    endloop
  endfacet
  facet normal -1 -0 0
    outer loop
      vertex 0 50.1257 22.0052
      vertex 0 0 0
      vertex 0 50.0709 22.2505
    endloop
  endfacet
  facet normal -1 -0 0
    outer loop
      vertex 0 50.1958 21.7639
      vertex 0 0 0
      vertex 0 50.1257 22.0052
    endloop
  endfacet
  facet normal -1 -0 0
    outer loop
      vertex 0 50.2809 21.5275
      vertex 0 0 0
      vertex 0 50.1958 21.7639
    endloop
  endfacet
  facet normal -1 -0 0
    outer loop
      vertex 0 50.3807 21.2969
      vertex 0 0 0
      vertex 0 50.2809 21.5275
    endloop
  endfacet
  facet normal -1 -0 0
    outer loop
      vertex 0 50.4948 21.073
      vertex 0 0 0
      vertex 0 50.3807 21.2969
    endloop
  endfacet
  facet normal -1 -0 0
    outer loop
      vertex 0 50.6227 20.8567
      vertex 0 0 0
      vertex 0 50.4948 21.073
    endloop
  endfacet
  facet normal -1 -0 0
    outer loop
      vertex 0 50.7639 20.6489
      vertex 0 0 0
      vertex 0 50.6227 20.8567
    endloop
  endfacet
  facet normal -1 0 0
    outer loop
      vertex 0 57.9921 23.2512
      vertex 0 64 45
      vertex 0 58 23
    endloop
  endfacet
  facet normal -1 0 0
    outer loop
      vertex 0 57.9685 23.5013
      vertex 0 64 45
      vertex 0 57.9921 23.2512
    endloop
  endfacet
  facet normal -1 0 0
    outer loop
      vertex 0 57.9291 23.7495
      vertex 0 64 45
      vertex 0 57.9685 23.5013
    endloop
  endfacet
  facet normal -1 0 0
    outer loop
      vertex 0 57.8743 23.9948
      vertex 0 64 45
      vertex 0 57.9291 23.7495
    endloop
  endfacet
  facet normal -1 0 0
    outer loop
      vertex 0 57.8042 24.2361
      vertex 0 64 45
      vertex 0 57.8743 23.9948
    endloop
  endfacet
  facet normal -1 0 0
    outer loop
      vertex 0 57.7191 24.4725
      vertex 0 64 45
      vertex 0 57.8042 24.2361
    endloop
  endfacet
  facet normal -1 0 0
    outer loop
      vertex 0 57.6193 24.7031
      vertex 0 64 45
      vertex 0 57.7191 24.4725
    endloop
  endfacet
  facet normal -1 0 0
    outer loop
      vertex 0 57.5052 24.927
      vertex 0 64 45
      vertex 0 57.6193 24.7031
    endloop
  endfacet
  facet normal -1 0 0
    outer loop
      vertex 0 57.3773 25.1433
      vertex 0 64 45
      vertex 0 57.5052 24.927
    endloop
  endfacet
  facet normal -1 0 0
    outer loop
      vertex 0 57.2361 25.3511
      vertex 0 64 45
      vertex 0 57.3773 25.1433
    endloop
  endfacet
  facet normal -1 0 0
    outer loop
      vertex 0 57.0821 25.5497
      vertex 0 64 45
      vertex 0 57.2361 25.3511
    endloop
  endfacet
  facet normal -1 0 0
    outer loop
      vertex 0 56.9159 25.7382
      vertex 0 64 45
      vertex 0 57.0821 25.5497
    endloop
  endfacet
  facet normal -1 0 0
    outer loop
      vertex 0 56.7382 25.9159
      vertex 0 64 45
      vertex 0 56.9159 25.7382
    endloop
  endfacet
  facet normal -1 0 0
    outer loop
      vertex 0 56.5497 26.0821
      vertex 0 64 45
      vertex 0 56.7382 25.9159
    endloop
  endfacet
  facet normal -1 0 0
    outer loop
      vertex 0 56.3511 26.2361
      vertex 0 64 45
      vertex 0 56.5497 26.0821
    endloop
  endfacet
  facet normal -1 0 0
    outer loop
      vertex 0 56.1433 26.3773
      vertex 0 64 45
      vertex 0 56.3511 26.2361
    endloop
  endfacet
  facet normal -1 0 0
    outer loop
      vertex 0 55.927 26.5052
      vertex 0 64 45
      vertex 0 56.1433 26.3773
    endloop
  endfacet
  facet normal -1 0 0
    outer loop
      vertex 0 55.7031 26.6193
      vertex 0 64 45
      vertex 0 55.927 26.5052
    endloop
  endfacet
  facet normal -1 0 0
    outer loop
      vertex 0 55.4725 26.7191
      vertex 0 64 45
      vertex 0 55.7031 26.6193
    endloop
  endfacet
  facet normal -1 0 0
    outer loop
      vertex 0 55.2361 26.8042
      vertex 0 64 45
      vertex 0 55.4725 26.7191
    endloop
  endfacet
  facet normal -1 0 0
    outer loop
      vertex 0 54.9948 26.8743
      vertex 0 64 45
      vertex 0 55.2361 26.8042
    endloop
  endfacet
  facet normal -1 0 0
    outer loop
      vertex 0 54.7495 26.9291
      vertex 0 64 45
      vertex 0 54.9948 26.8743
    endloop
  endfacet
  facet normal -1 0 0
    outer loop
      vertex 0 54.5013 26.9685
      vertex 0 64 45
      vertex 0 54.7495 26.9291
    endloop
  endfacet
  facet normal -1 0 0
    outer loop
      vertex 0 54.2512 26.9921
      vertex 0 64 45
      vertex 0 54.5013 26.9685
    endloop
  endfacet
  facet normal -1 0 0
    outer loop
      vertex 0 54 27
      vertex 0 64 45
      vertex 0 54.2512 26.9921
    endloop
  endfacet
  facet normal -1 0 0
    outer loop
      vertex 0 53.7488 26.9921
      vertex 0 64 45
      vertex 0 54 27
    endloop
  endfacet
  facet normal -1 0 0
    outer loop
      vertex 0 53.4987 26.9685
      vertex 0 64 45
      vertex 0 53.7488 26.9921
    endloop
  endfacet
  facet normal -1 0 0
    outer loop
      vertex 0 53.2505 26.9291
      vertex 0 64 45
      vertex 0 53.4987 26.9685
    endloop
  endfacet
  facet normal -1 0 0
    outer loop
      vertex 0 53.0052 26.8743
      vertex 0 64 45
      vertex 0 53.2505 26.9291
    endloop
  endfacet
  facet normal -1 0 0
    outer loop
      vertex 0 52.7639 26.8042
      vertex 0 64 45
      vertex 0 53.0052 26.8743
    endloop
  endfacet
  facet normal -1 0 0
    outer loop
      vertex 0 52.5275 26.7191
      vertex 0 64 45
      vertex 0 52.7639 26.8042
    endloop
  endfacet
  facet normal -1 0 0
    outer loop
      vertex 0 52.2969 26.6193
      vertex 0 64 45
      vertex 0 52.5275 26.7191
    endloop
  endfacet
  facet normal -1 0 0
    outer loop
      vertex 0 52.073 26.5052
      vertex 0 64 45
      vertex 0 52.2969 26.6193
    endloop
  endfacet
  facet normal -1 0 0
    outer loop
      vertex 0 51.8567 26.3773
      vertex 0 64 45
      vertex 0 52.073 26.5052
    endloop
  endfacet
  facet normal -1 0 0
    outer loop
      vertex 0 51.6489 26.2361
      vertex 0 64 45
      vertex 0 51.8567 26.3773
    endloop
  endfacet
  facet normal -1 0 0
    outer loop
      vertex 0 0 45
      vertex 0 51.6489 26.2361
      vertex 0 51.4503 26.0821
    endloop
  endfacet
  facet normal -1 0 0
    outer loop
      vertex 0 0 45
      vertex 0 51.4503 26.0821
      vertex 0 51.2618 25.9159
    endloop
  endfacet
  facet normal -1 0 0
    outer loop
      vertex 0 0 45
      vertex 0 51.2618 25.9159
      vertex 0 51.0841 25.7382
    endloop
  endfacet
  facet normal -1 0 0
    outer loop
      vertex 0 0 45
      vertex 0 51.0841 25.7382
      vertex 0 50.9179 25.5497
    endloop
  endfacet
  facet normal -1 0 0
    outer loop
      vertex 0 0 45
      vertex 0 50.9179 25.5497
      vertex 0 50.7639 25.3511
    endloop
  endfacet
  facet normal -1 0 0
    outer loop
      vertex 0 0 45
      vertex 0 50.7639 25.3511
      vertex 0 50.6227 25.1433
    endloop
  endfacet
  facet normal -1 0 0
    outer loop
      vertex 0 0 45
      vertex 0 50 23
      vertex 0 0 0
    endloop
  endfacet
  facet normal -1 0 0
    outer loop
      vertex 0 50 23
      vertex 0 0 45
      vertex 0 50.0079 23.2512
    endloop
  endfacet
  facet normal -1 0 0
    outer loop
      vertex 0 50.0079 23.2512
      vertex 0 0 45
      vertex 0 50.0315 23.5013
    endloop
  endfacet
  facet normal -1 0 0
    outer loop
      vertex 0 50.0315 23.5013
      vertex 0 0 45
      vertex 0 50.0709 23.7495
    endloop
  endfacet
  facet normal -1 0 0
    outer loop
      vertex 0 50.0709 23.7495
      vertex 0 0 45
      vertex 0 50.1257 23.9948
    endloop
  endfacet
  facet normal -1 0 0
    outer loop
      vertex 0 50.1257 23.9948
      vertex 0 0 45
      vertex 0 50.1958 24.2361
    endloop
  endfacet
  facet normal -1 0 0
    outer loop
      vertex 0 50.1958 24.2361
      vertex 0 0 45
      vertex 0 50.2809 24.4725
    endloop
  endfacet
  facet normal -1 0 0
    outer loop
      vertex 0 50.2809 24.4725
      vertex 0 0 45
      vertex 0 50.3807 24.7031
    endloop
  endfacet
  facet normal -1 0 0
    outer loop
      vertex 0 50.3807 24.7031
      vertex 0 0 45
      vertex 0 50.4948 24.927
    endloop
  endfacet
  facet normal -1 0 0
    outer loop
      vertex 0 50.4948 24.927
      vertex 0 0 45
      vertex 0 50.6227 25.1433
    endloop
  endfacet
  facet normal -1 0 0
    outer loop
      vertex 0 51.6489 26.2361
      vertex 0 0 45
      vertex 0 64 45
    endloop
  endfacet
  facet normal 0 0 1
    outer loop
      vertex 93 64 45
      vertex 91 62 45
      vertex 93 0 45
    endloop
  endfacet
  facet normal 0 0 1
    outer loop
      vertex 93 64 45
      vertex 2 62 45
      vertex 91 62 45
    endloop
  endfacet
  facet normal 0 0 1
    outer loop
      vertex 2 62 45
      vertex 0 64 45
      vertex 2 2 45
    endloop
  endfacet
  facet normal -0 0 1
    outer loop
      vertex 0 64 45
      vertex 2 62 45
      vertex 93 64 45
    endloop
  endfacet
  facet normal -0 0 1
    outer loop
      vertex 91 2 45
      vertex 93 0 45
      vertex 91 62 45
    endloop
  endfacet
  facet normal -0 0 1
    outer loop
      vertex 2 2 45
      vertex 93 0 45
      vertex 91 2 45
    endloop
  endfacet
  facet normal 0 0 1
    outer loop
      vertex 2 2 45
      vertex 0 0 45
      vertex 93 0 45
    endloop
  endfacet
  facet normal 0 0 1
    outer loop
      vertex 0 0 45
      vertex 2 2 45
      vertex 0 64 45
    endloop
  endfacet
  facet normal 1 0 0
    outer loop
      vertex 93 64 45
      vertex 93 31.6 14.02
      vertex 93 64 0
    endloop
  endfacet
  facet normal 1 -0 0
    outer loop
      vertex 93 0 45
      vertex 93 31.6 14.02
      vertex 93 64 45
    endloop
  endfacet
  facet normal 1 0 0
    outer loop
      vertex 93 31.1 14.02
      vertex 93 29.06 14.02
      vertex 93 31.1 13.52
    endloop
  endfacet
  facet normal 1 0 0
    outer loop
      vertex 93 31.6 14.02
      vertex 93 0 45
      vertex 93 31.1 14.02
    endloop
  endfacet
  facet normal 1 0 0
    outer loop
      vertex 93 31.1 14.02
      vertex 93 0 45
      vertex 93 29.06 14.02
    endloop
  endfacet
  facet normal 1 0 0
    outer loop
      vertex 93 28.56 14.02
      vertex 93 26.52 14.02
      vertex 93 28.56 13.52
    endloop
  endfacet
  facet normal 1 0 0
    outer loop
      vertex 93 29.06 14.02
      vertex 93 0 45
      vertex 93 28.56 14.02
    endloop
  endfacet
  facet normal 1 0 0
    outer loop
      vertex 93 28.56 14.02
      vertex 93 0 45
      vertex 93 26.52 14.02
    endloop
  endfacet
  facet normal 1 0 0
    outer loop
      vertex 93 0 0
      vertex 93 26.02 14.02
      vertex 93 0 45
    endloop
  endfacet
  facet normal 1 0 0
    outer loop
      vertex 93 26.52 14.02
      vertex 93 0 45
      vertex 93 26.02 14.02
    endloop
  endfacet
  facet normal 1 -0 0
    outer loop
      vertex 93 31.6 13.52
      vertex 93 64 0
      vertex 93 31.6 14.02
    endloop
  endfacet
  facet normal 1 0 0
    outer loop
      vertex 93 0 0
      vertex 93 31.6 13.52
      vertex 93 31.1 13.52
    endloop
  endfacet
  facet normal 1 0 0
    outer loop
      vertex 93 29.06 13.52
      vertex 93 31.1 13.52
      vertex 93 29.06 14.02
    endloop
  endfacet
  facet normal 1 0 0
    outer loop
      vertex 93 0 0
      vertex 93 31.1 13.52
      vertex 93 29.06 13.52
    endloop
  endfacet
  facet normal 1 0 0
    outer loop
      vertex 93 0 0
      vertex 93 29.06 13.52
      vertex 93 28.56 13.52
    endloop
  endfacet
  facet normal 1 0 0
    outer loop
      vertex 93 26.52 13.52
      vertex 93 28.56 13.52
      vertex 93 26.52 14.02
    endloop
  endfacet
  facet normal 1 0 0
    outer loop
      vertex 93 0 0
      vertex 93 28.56 13.52
      vertex 93 26.52 13.52
    endloop
  endfacet
  facet normal 1 0 0
    outer loop
      vertex 93 0 0
      vertex 93 26.52 13.52
      vertex 93 26.02 13.52
    endloop
  endfacet
  facet normal 1 0 0
    outer loop
      vertex 93 31.6 13.52
      vertex 93 0 0
      vertex 93 64 0
    endloop
  endfacet
  facet normal 1 0 0
    outer loop
      vertex 93 26.02 14.02
      vertex 93 0 0
      vertex 93 26.02 13.52
    endloop
  endfacet
  facet normal 0 1 -0
    outer loop
      vertex 93 64 0
      vertex 0 64 45
      vertex 93 64 45
    endloop
  endfacet
  facet normal 0 1 0
    outer loop
      vertex 0 64 45
      vertex 93 64 0
      vertex 0 64 0
    endloop
  endfacet
  facet normal -0 0 -1
    outer loop
      vertex 82.1224 52.7275 0
      vertex 77.3244 51.1703 0
      vertex 82.0785 52.8783 0
    endloop
  endfacet
  facet normal 0 0 -1
    outer loop
      vertex 82 53.5 0
      vertex 77.4951 56.343 0
      vertex 77.5 56.5 0
    endloop
  endfacet
  facet normal 0 0 -1
    outer loop
      vertex 77.2621 51.3144 0
      vertex 82.0785 52.8783 0
      vertex 77.3244 51.1703 0
    endloop
  endfacet
  facet normal 0 0 -1
    outer loop
      vertex 82 53.5 0
      vertex 77.4803 56.1867 0
      vertex 77.4951 56.343 0
    endloop
  endfacet
  facet normal -0 0 -1
    outer loop
      vertex 82.0785 52.8783 0
      vertex 77.2621 51.3144 0
      vertex 82.0443 53.0315 0
    endloop
  endfacet
  facet normal 0 0 -1
    outer loop
      vertex 82 53.5 0
      vertex 77.4557 56.0315 0
      vertex 77.4803 56.1867 0
    endloop
  endfacet
  facet normal 0 0 -1
    outer loop
      vertex 77.1908 51.4544 0
      vertex 82.0443 53.0315 0
      vertex 77.2621 51.3144 0
    endloop
  endfacet
  facet normal 0 0 -1
    outer loop
      vertex 82 53.5 0
      vertex 77.4215 55.8783 0
      vertex 77.4557 56.0315 0
    endloop
  endfacet
  facet normal -0 0 -1
    outer loop
      vertex 82.0443 53.0315 0
      vertex 77.1908 51.4544 0
      vertex 82.0197 53.1867 0
    endloop
  endfacet
  facet normal 0 0 -1
    outer loop
      vertex 82 53.5 0
      vertex 77.3776 55.7275 0
      vertex 77.4215 55.8783 0
    endloop
  endfacet
  facet normal 0 0 -1
    outer loop
      vertex 77.1108 51.5896 0
      vertex 82.0197 53.1867 0
      vertex 77.1908 51.4544 0
    endloop
  endfacet
  facet normal 0 0 -1
    outer loop
      vertex 82 53.5 0
      vertex 77.3244 55.5797 0
      vertex 77.3776 55.7275 0
    endloop
  endfacet
  facet normal -0 0 -1
    outer loop
      vertex 82.0197 53.1867 0
      vertex 77.1108 51.5896 0
      vertex 82.0049 53.343 0
    endloop
  endfacet
  facet normal 0 0 -1
    outer loop
      vertex 82 53.5 0
      vertex 77.2621 55.4356 0
      vertex 77.3244 55.5797 0
    endloop
  endfacet
  facet normal 0 0 -1
    outer loop
      vertex 77.0225 51.7195 0
      vertex 82.0049 53.343 0
      vertex 77.1108 51.5896 0
    endloop
  endfacet
  facet normal 0 0 -1
    outer loop
      vertex 82 53.5 0
      vertex 77.1908 55.2956 0
      vertex 77.2621 55.4356 0
    endloop
  endfacet
  facet normal -0 0 -1
    outer loop
      vertex 82.0049 53.343 0
      vertex 77.0225 51.7195 0
      vertex 82 53.5 0
    endloop
  endfacet
  facet normal 0 0 -1
    outer loop
      vertex 82 53.5 0
      vertex 77.1108 55.1604 0
      vertex 77.1908 55.2956 0
    endloop
  endfacet
  facet normal 0 0 -1
    outer loop
      vertex 77.0225 55.0305 0
      vertex 82 53.5 0
      vertex 77.0225 51.7195 0
    endloop
  endfacet
  facet normal 0 0 -1
    outer loop
      vertex 82 53.5 0
      vertex 77.0225 55.0305 0
      vertex 77.1108 55.1604 0
    endloop
  endfacet
  facet normal 0 0 -1
    outer loop
      vertex 76.9263 51.8436 0
      vertex 77.0225 55.0305 0
      vertex 77.0225 51.7195 0
    endloop
  endfacet
  facet normal 0 0 -1
    outer loop
      vertex 76.9263 51.8436 0
      vertex 76.9263 54.9064 0
      vertex 77.0225 55.0305 0
    endloop
  endfacet
  facet normal 0 0 -1
    outer loop
      vertex 76.8224 51.9614 0
      vertex 76.9263 54.9064 0
      vertex 76.9263 51.8436 0
    endloop
  endfacet
  facet normal 0 0 -1
    outer loop
      vertex 76.8224 51.9614 0
      vertex 76.8224 54.7886 0
      vertex 76.9263 54.9064 0
    endloop
  endfacet
  facet normal 0 0 -1
    outer loop
      vertex 76.7114 52.0724 0
      vertex 76.8224 54.7886 0
      vertex 76.8224 51.9614 0
    endloop
  endfacet
  facet normal 0 0 -1
    outer loop
      vertex 76.7114 52.0724 0
      vertex 76.7114 54.6776 0
      vertex 76.8224 54.7886 0
    endloop
  endfacet
  facet normal 0 0 -1
    outer loop
      vertex 76.5936 52.1763 0
      vertex 76.7114 54.6776 0
      vertex 76.7114 52.0724 0
    endloop
  endfacet
  facet normal 0 0 -1
    outer loop
      vertex 76.5936 52.1763 0
      vertex 76.5936 54.5737 0
      vertex 76.7114 54.6776 0
    endloop
  endfacet
  facet normal 0 0 -1
    outer loop
      vertex 76.4695 52.2725 0
      vertex 76.5936 54.5737 0
      vertex 76.5936 52.1763 0
    endloop
  endfacet
  facet normal 0 0 -1
    outer loop
      vertex 76.4695 52.2725 0
      vertex 76.4695 54.4775 0
      vertex 76.5936 54.5737 0
    endloop
  endfacet
  facet normal 0 0 -1
    outer loop
      vertex 76.3396 52.3608 0
      vertex 76.4695 54.4775 0
      vertex 76.4695 52.2725 0
    endloop
  endfacet
  facet normal 0 0 -1
    outer loop
      vertex 76.3396 52.3608 0
      vertex 76.3396 54.3892 0
      vertex 76.4695 54.4775 0
    endloop
  endfacet
  facet normal 0 0 -1
    outer loop
      vertex 76.2044 52.4408 0
      vertex 76.3396 54.3892 0
      vertex 76.3396 52.3608 0
    endloop
  endfacet
  facet normal 0 0 -1
    outer loop
      vertex 76.2044 52.4408 0
      vertex 76.2044 54.3092 0
      vertex 76.3396 54.3892 0
    endloop
  endfacet
  facet normal 0 0 -1
    outer loop
      vertex 76.0644 52.5121 0
      vertex 76.2044 54.3092 0
      vertex 76.2044 52.4408 0
    endloop
  endfacet
  facet normal 0 0 -1
    outer loop
      vertex 76.0644 52.5121 0
      vertex 76.0644 54.2379 0
      vertex 76.2044 54.3092 0
    endloop
  endfacet
  facet normal 0 0 -1
    outer loop
      vertex 75.9203 52.5744 0
      vertex 76.0644 54.2379 0
      vertex 76.0644 52.5121 0
    endloop
  endfacet
  facet normal 0 0 -1
    outer loop
      vertex 75.9203 52.5744 0
      vertex 75.9203 54.1756 0
      vertex 76.0644 54.2379 0
    endloop
  endfacet
  facet normal 0 0 -1
    outer loop
      vertex 75.7725 52.6276 0
      vertex 75.9203 54.1756 0
      vertex 75.9203 52.5744 0
    endloop
  endfacet
  facet normal 0 0 -1
    outer loop
      vertex 75.7725 52.6276 0
      vertex 75.7725 54.1224 0
      vertex 75.9203 54.1756 0
    endloop
  endfacet
  facet normal 0 0 -1
    outer loop
      vertex 75.6217 52.6715 0
      vertex 75.7725 54.1224 0
      vertex 75.7725 52.6276 0
    endloop
  endfacet
  facet normal 0 0 -1
    outer loop
      vertex 75.6217 52.6715 0
      vertex 75.6217 54.0785 0
      vertex 75.7725 54.1224 0
    endloop
  endfacet
  facet normal 0 0 -1
    outer loop
      vertex 75.4685 52.7057 0
      vertex 75.6217 54.0785 0
      vertex 75.6217 52.6715 0
    endloop
  endfacet
  facet normal 0 0 -1
    outer loop
      vertex 75.4685 52.7057 0
      vertex 75.4685 54.0443 0
      vertex 75.6217 54.0785 0
    endloop
  endfacet
  facet normal 0 0 -1
    outer loop
      vertex 75.3133 52.7303 0
      vertex 75.4685 54.0443 0
      vertex 75.4685 52.7057 0
    endloop
  endfacet
  facet normal 0 0 -1
    outer loop
      vertex 75.3133 52.7303 0
      vertex 75.3133 54.0197 0
      vertex 75.4685 54.0443 0
    endloop
  endfacet
  facet normal 0 0 -1
    outer loop
      vertex 75.157 52.7451 0
      vertex 75.3133 54.0197 0
      vertex 75.3133 52.7303 0
    endloop
  endfacet
  facet normal 0 0 -1
    outer loop
      vertex 75.157 52.7451 0
      vertex 75.157 54.0049 0
      vertex 75.3133 54.0197 0
    endloop
  endfacet
  facet normal 0 0 -1
    outer loop
      vertex 75 52.75 0
      vertex 75.157 54.0049 0
      vertex 75.157 52.7451 0
    endloop
  endfacet
  facet normal 0 0 -1
    outer loop
      vertex 75 52.75 0
      vertex 75 54 0
      vertex 75.157 54.0049 0
    endloop
  endfacet
  facet normal 0 0 -1
    outer loop
      vertex 74.843 52.7451 0
      vertex 75 54 0
      vertex 75 52.75 0
    endloop
  endfacet
  facet normal 0 0 -1
    outer loop
      vertex 74.843 52.7451 0
      vertex 74.843 54.0049 0
      vertex 75 54 0
    endloop
  endfacet
  facet normal 0 0 -1
    outer loop
      vertex 74.6867 52.7303 0
      vertex 74.843 54.0049 0
      vertex 74.843 52.7451 0
    endloop
  endfacet
  facet normal 0 0 -1
    outer loop
      vertex 74.6867 52.7303 0
      vertex 74.6867 54.0197 0
      vertex 74.843 54.0049 0
    endloop
  endfacet
  facet normal 0 0 -1
    outer loop
      vertex 74.5315 52.7057 0
      vertex 74.6867 54.0197 0
      vertex 74.6867 52.7303 0
    endloop
  endfacet
  facet normal 0 0 -1
    outer loop
      vertex 74.5315 52.7057 0
      vertex 74.5315 54.0443 0
      vertex 74.6867 54.0197 0
    endloop
  endfacet
  facet normal 0 0 -1
    outer loop
      vertex 74.3783 52.6715 0
      vertex 74.5315 54.0443 0
      vertex 74.5315 52.7057 0
    endloop
  endfacet
  facet normal 0 0 -1
    outer loop
      vertex 74.3783 52.6715 0
      vertex 74.3783 54.0785 0
      vertex 74.5315 54.0443 0
    endloop
  endfacet
  facet normal 0 0 -1
    outer loop
      vertex 74.2275 52.6276 0
      vertex 74.3783 54.0785 0
      vertex 74.3783 52.6715 0
    endloop
  endfacet
  facet normal 0 0 -1
    outer loop
      vertex 74.2275 52.6276 0
      vertex 74.2275 54.1224 0
      vertex 74.3783 54.0785 0
    endloop
  endfacet
  facet normal 0 0 -1
    outer loop
      vertex 74.0797 52.5744 0
      vertex 74.2275 54.1224 0
      vertex 74.2275 52.6276 0
    endloop
  endfacet
  facet normal 0 0 -1
    outer loop
      vertex 74.0797 52.5744 0
      vertex 74.0797 54.1756 0
      vertex 74.2275 54.1224 0
    endloop
  endfacet
  facet normal 0 0 -1
    outer loop
      vertex 73.9356 52.5121 0
      vertex 74.0797 54.1756 0
      vertex 74.0797 52.5744 0
    endloop
  endfacet
  facet normal 0 0 -1
    outer loop
      vertex 73.9356 52.5121 0
      vertex 73.9356 54.2379 0
      vertex 74.0797 54.1756 0
    endloop
  endfacet
  facet normal 0 0 -1
    outer loop
      vertex 73.7956 52.4408 0
      vertex 73.9356 54.2379 0
      vertex 73.9356 52.5121 0
    endloop
  endfacet
  facet normal 0 0 -1
    outer loop
      vertex 73.7956 52.4408 0
      vertex 73.7956 54.3092 0
      vertex 73.9356 54.2379 0
    endloop
  endfacet
  facet normal 0 0 -1
    outer loop
      vertex 73.6604 52.3608 0
      vertex 73.7956 54.3092 0
      vertex 73.7956 52.4408 0
    endloop
  endfacet
  facet normal 0 0 -1
    outer loop
      vertex 73.6604 52.3608 0
      vertex 73.6604 54.3892 0
      vertex 73.7956 54.3092 0
    endloop
  endfacet
  facet normal 0 0 -1
    outer loop
      vertex 73.5305 52.2725 0
      vertex 73.6604 54.3892 0
      vertex 73.6604 52.3608 0
    endloop
  endfacet
  facet normal 0 0 -1
    outer loop
      vertex 73.5305 52.2725 0
      vertex 73.5305 54.4775 0
      vertex 73.6604 54.3892 0
    endloop
  endfacet
  facet normal 0 0 -1
    outer loop
      vertex 73.4064 52.1763 0
      vertex 73.5305 54.4775 0
      vertex 73.5305 52.2725 0
    endloop
  endfacet
  facet normal 0 0 -1
    outer loop
      vertex 73.4064 52.1763 0
      vertex 73.4064 54.5737 0
      vertex 73.5305 54.4775 0
    endloop
  endfacet
  facet normal 0 0 -1
    outer loop
      vertex 73.2886 52.0724 0
      vertex 73.4064 54.5737 0
      vertex 73.4064 52.1763 0
    endloop
  endfacet
  facet normal 0 0 -1
    outer loop
      vertex 73.2886 52.0724 0
      vertex 73.2886 54.6776 0
      vertex 73.4064 54.5737 0
    endloop
  endfacet
  facet normal 0 0 -1
    outer loop
      vertex 73.1776 51.9614 0
      vertex 73.2886 54.6776 0
      vertex 73.2886 52.0724 0
    endloop
  endfacet
  facet normal 0 0 -1
    outer loop
      vertex 73.1776 51.9614 0
      vertex 73.1776 54.7886 0
      vertex 73.2886 54.6776 0
    endloop
  endfacet
  facet normal 0 0 -1
    outer loop
      vertex 73.0737 51.8436 0
      vertex 73.1776 54.7886 0
      vertex 73.1776 51.9614 0
    endloop
  endfacet
  facet normal 0 0 -1
    outer loop
      vertex 73.0737 51.8436 0
      vertex 73.0737 54.9064 0
      vertex 73.1776 54.7886 0
    endloop
  endfacet
  facet normal 0 0 -1
    outer loop
      vertex 72.9775 51.7195 0
      vertex 73.0737 54.9064 0
      vertex 73.0737 51.8436 0
    endloop
  endfacet
  facet normal 0 0 -1
    outer loop
      vertex 72.9775 51.7195 0
      vertex 72.9775 55.0305 0
      vertex 73.0737 54.9064 0
    endloop
  endfacet
  facet normal 0 0 -1
    outer loop
      vertex 67.9951 53.343 0
      vertex 72.9775 51.7195 0
      vertex 72.8892 51.5896 0
    endloop
  endfacet
  facet normal 0 0 -1
    outer loop
      vertex 72.9775 51.7195 0
      vertex 68 53.5 0
      vertex 72.9775 55.0305 0
    endloop
  endfacet
  facet normal 0 0 -1
    outer loop
      vertex 67.9803 53.1867 0
      vertex 72.8892 51.5896 0
      vertex 72.8092 51.4544 0
    endloop
  endfacet
  facet normal -0 0 -1
    outer loop
      vertex 72.9775 55.0305 0
      vertex 68 53.5 0
      vertex 72.8892 55.1604 0
    endloop
  endfacet
  facet normal 0 0 -1
    outer loop
      vertex 67.9557 53.0315 0
      vertex 72.8092 51.4544 0
      vertex 72.7379 51.3144 0
    endloop
  endfacet
  facet normal 0 0 -1
    outer loop
      vertex 67.9951 53.657 0
      vertex 72.8892 55.1604 0
      vertex 68 53.5 0
    endloop
  endfacet
  facet normal 0 0 -1
    outer loop
      vertex 67.9215 52.8783 0
      vertex 72.7379 51.3144 0
      vertex 72.6756 51.1703 0
    endloop
  endfacet
  facet normal -0 0 -1
    outer loop
      vertex 72.8892 55.1604 0
      vertex 67.9951 53.657 0
      vertex 72.8092 55.2956 0
    endloop
  endfacet
  facet normal 0 0 -1
    outer loop
      vertex 67.8776 52.7275 0
      vertex 72.6756 51.1703 0
      vertex 72.6224 51.0225 0
    endloop
  endfacet
  facet normal 0 0 -1
    outer loop
      vertex 67.9803 53.8133 0
      vertex 72.8092 55.2956 0
      vertex 67.9951 53.657 0
    endloop
  endfacet
  facet normal 0 0 -1
    outer loop
      vertex 67.8244 52.5797 0
      vertex 72.6224 51.0225 0
      vertex 72.5785 50.8717 0
    endloop
  endfacet
  facet normal -0 0 -1
    outer loop
      vertex 72.8092 55.2956 0
      vertex 67.9803 53.8133 0
      vertex 72.7379 55.4356 0
    endloop
  endfacet
  facet normal 0 0 -1
    outer loop
      vertex 67.7621 52.4356 0
      vertex 72.5785 50.8717 0
      vertex 72.5443 50.7185 0
    endloop
  endfacet
  facet normal 0 0 -1
    outer loop
      vertex 67.9557 53.9685 0
      vertex 72.7379 55.4356 0
      vertex 67.9803 53.8133 0
    endloop
  endfacet
  facet normal 0 0 -1
    outer loop
      vertex 67.6908 52.2956 0
      vertex 72.5443 50.7185 0
      vertex 72.5197 50.5633 0
    endloop
  endfacet
  facet normal -0 0 -1
    outer loop
      vertex 72.7379 55.4356 0
      vertex 67.9557 53.9685 0
      vertex 72.6756 55.5797 0
    endloop
  endfacet
  facet normal 0 0 -1
    outer loop
      vertex 67.6108 52.1604 0
      vertex 72.5197 50.5633 0
      vertex 72.5049 50.407 0
    endloop
  endfacet
  facet normal 0 0 -1
    outer loop
      vertex 67.9215 54.1217 0
      vertex 72.6756 55.5797 0
      vertex 67.9557 53.9685 0
    endloop
  endfacet
  facet normal 0 0 -1
    outer loop
      vertex 67.5225 52.0305 0
      vertex 72.5049 50.407 0
      vertex 72.5 50.25 0
    endloop
  endfacet
  facet normal -0 0 -1
    outer loop
      vertex 72.6756 55.5797 0
      vertex 67.9215 54.1217 0
      vertex 72.6224 55.7275 0
    endloop
  endfacet
  facet normal 0 0 -1
    outer loop
      vertex 82.5737 51.9064 0
      vertex 77.4951 50.093 0
      vertex 77.5 50.25 0
    endloop
  endfacet
  facet normal 0 0 -1
    outer loop
      vertex 83.4356 51.2379 0
      vertex 77.4803 49.9367 0
      vertex 77.4951 50.093 0
    endloop
  endfacet
  facet normal 0 0 -1
    outer loop
      vertex 83.4356 51.2379 0
      vertex 77.4557 49.7815 0
      vertex 77.4803 49.9367 0
    endloop
  endfacet
  facet normal 0 0 -1
    outer loop
      vertex 83.4356 51.2379 0
      vertex 77.4215 49.6283 0
      vertex 77.4557 49.7815 0
    endloop
  endfacet
  facet normal 0 0 -1
    outer loop
      vertex 83.4356 51.2379 0
      vertex 77.3776 49.4775 0
      vertex 77.4215 49.6283 0
    endloop
  endfacet
  facet normal 0 0 -1
    outer loop
      vertex 83.4356 51.2379 0
      vertex 77.3244 49.3297 0
      vertex 77.3776 49.4775 0
    endloop
  endfacet
  facet normal 0 0 -1
    outer loop
      vertex 83.4356 51.2379 0
      vertex 77.2621 49.1856 0
      vertex 77.3244 49.3297 0
    endloop
  endfacet
  facet normal 0 0 -1
    outer loop
      vertex 83.4356 51.2379 0
      vertex 77.1908 49.0456 0
      vertex 77.2621 49.1856 0
    endloop
  endfacet
  facet normal 0 0 -1
    outer loop
      vertex 81 42 0
      vertex 77.1108 48.9104 0
      vertex 77.1908 49.0456 0
    endloop
  endfacet
  facet normal 0 0 -1
    outer loop
      vertex 81 42 0
      vertex 77.0225 48.7805 0
      vertex 77.1108 48.9104 0
    endloop
  endfacet
  facet normal 0 0 -1
    outer loop
      vertex 81 42 0
      vertex 76.9263 48.6564 0
      vertex 77.0225 48.7805 0
    endloop
  endfacet
  facet normal 0 0 -1
    outer loop
      vertex 81 42 0
      vertex 76.8224 48.5386 0
      vertex 76.9263 48.6564 0
    endloop
  endfacet
  facet normal 0 0 -1
    outer loop
      vertex 81 42 0
      vertex 76.7114 48.4276 0
      vertex 76.8224 48.5386 0
    endloop
  endfacet
  facet normal 0 0 -1
    outer loop
      vertex 81 42 0
      vertex 76.5936 48.3237 0
      vertex 76.7114 48.4276 0
    endloop
  endfacet
  facet normal 0 0 -1
    outer loop
      vertex 81 42 0
      vertex 76.4695 48.2275 0
      vertex 76.5936 48.3237 0
    endloop
  endfacet
  facet normal 0 0 -1
    outer loop
      vertex 81 42 0
      vertex 76.3396 48.1392 0
      vertex 76.4695 48.2275 0
    endloop
  endfacet
  facet normal 0 0 -1
    outer loop
      vertex 81 42 0
      vertex 76.2044 48.0592 0
      vertex 76.3396 48.1392 0
    endloop
  endfacet
  facet normal 0 0 -1
    outer loop
      vertex 81 42 0
      vertex 76.0644 47.9879 0
      vertex 76.2044 48.0592 0
    endloop
  endfacet
  facet normal 0 0 -1
    outer loop
      vertex 81 42 0
      vertex 75.9203 47.9256 0
      vertex 76.0644 47.9879 0
    endloop
  endfacet
  facet normal 0 0 -1
    outer loop
      vertex 81 42 0
      vertex 75.7725 47.8724 0
      vertex 75.9203 47.9256 0
    endloop
  endfacet
  facet normal 0 0 -1
    outer loop
      vertex 81 42 0
      vertex 75.6217 47.8285 0
      vertex 75.7725 47.8724 0
    endloop
  endfacet
  facet normal 0 0 -1
    outer loop
      vertex 81 42 0
      vertex 75.4685 47.7943 0
      vertex 75.6217 47.8285 0
    endloop
  endfacet
  facet normal 0 0 -1
    outer loop
      vertex 81 42 0
      vertex 75.3133 47.7697 0
      vertex 75.4685 47.7943 0
    endloop
  endfacet
  facet normal 0 0 -1
    outer loop
      vertex 81 42 0
      vertex 75.157 47.7549 0
      vertex 75.3133 47.7697 0
    endloop
  endfacet
  facet normal 0 0 -1
    outer loop
      vertex 81 42 0
      vertex 75 47.75 0
      vertex 75.157 47.7549 0
    endloop
  endfacet
  facet normal 0 0 -1
    outer loop
      vertex 81 42 0
      vertex 74.843 47.7549 0
      vertex 75 47.75 0
    endloop
  endfacet
  facet normal 0 0 -1
    outer loop
      vertex 81 42 0
      vertex 74.6867 47.7697 0
      vertex 74.843 47.7549 0
    endloop
  endfacet
  facet normal 0 0 -1
    outer loop
      vertex 81 42 0
      vertex 74.5315 47.7943 0
      vertex 74.6867 47.7697 0
    endloop
  endfacet
  facet normal 0 0 -1
    outer loop
      vertex 81 42 0
      vertex 74.3783 47.8285 0
      vertex 74.5315 47.7943 0
    endloop
  endfacet
  facet normal 0 0 -1
    outer loop
      vertex 81 42 0
      vertex 74.2275 47.8724 0
      vertex 74.3783 47.8285 0
    endloop
  endfacet
  facet normal 0 0 -1
    outer loop
      vertex 81 42 0
      vertex 74.0797 47.9256 0
      vertex 74.2275 47.8724 0
    endloop
  endfacet
  facet normal 0 0 -1
    outer loop
      vertex 81 42 0
      vertex 73.9356 47.9879 0
      vertex 74.0797 47.9256 0
    endloop
  endfacet
  facet normal 0 0 -1
    outer loop
      vertex 81 42 0
      vertex 73.7956 48.0592 0
      vertex 73.9356 47.9879 0
    endloop
  endfacet
  facet normal 0 0 -1
    outer loop
      vertex 56.6217 50.5785 0
      vertex 73.7956 48.0592 0
      vertex 81 42 0
    endloop
  endfacet
  facet normal 0 0 -1
    outer loop
      vertex 73.7956 48.0592 0
      vertex 56.6217 50.5785 0
      vertex 73.6604 48.1392 0
    endloop
  endfacet
  facet normal 0 -0 -1
    outer loop
      vertex 65.1867 51.0197 0
      vertex 73.6604 48.1392 0
      vertex 56.6217 50.5785 0
    endloop
  endfacet
  facet normal 0 0 -1
    outer loop
      vertex 67.8776 54.2725 0
      vertex 72.6224 55.7275 0
      vertex 67.9215 54.1217 0
    endloop
  endfacet
  facet normal 0 0 -1
    outer loop
      vertex 67.4263 51.9064 0
      vertex 72.5 50.25 0
      vertex 72.5049 50.093 0
    endloop
  endfacet
  facet normal 0 0 -1
    outer loop
      vertex 67.3224 51.7886 0
      vertex 72.5049 50.093 0
      vertex 72.5197 49.9367 0
    endloop
  endfacet
  facet normal 0 0 -1
    outer loop
      vertex 67.2114 51.6776 0
      vertex 72.5197 49.9367 0
      vertex 72.5443 49.7815 0
    endloop
  endfacet
  facet normal 0 0 -1
    outer loop
      vertex 67.0936 51.5737 0
      vertex 72.5443 49.7815 0
      vertex 72.5785 49.6283 0
    endloop
  endfacet
  facet normal 0 0 -1
    outer loop
      vertex 66.9695 51.4775 0
      vertex 72.5785 49.6283 0
      vertex 72.6224 49.4775 0
    endloop
  endfacet
  facet normal 0 0 -1
    outer loop
      vertex 66.8396 51.3892 0
      vertex 72.6224 49.4775 0
      vertex 72.6756 49.3297 0
    endloop
  endfacet
  facet normal 0 0 -1
    outer loop
      vertex 66.7044 51.3092 0
      vertex 72.6756 49.3297 0
      vertex 72.7379 49.1856 0
    endloop
  endfacet
  facet normal 0 0 -1
    outer loop
      vertex 66.5644 51.2379 0
      vertex 72.7379 49.1856 0
      vertex 72.8092 49.0456 0
    endloop
  endfacet
  facet normal 0 0 -1
    outer loop
      vertex 66.4203 51.1756 0
      vertex 72.8092 49.0456 0
      vertex 72.8892 48.9104 0
    endloop
  endfacet
  facet normal 0 0 -1
    outer loop
      vertex 66.2725 51.1224 0
      vertex 72.8892 48.9104 0
      vertex 72.9775 48.7805 0
    endloop
  endfacet
  facet normal 0 0 -1
    outer loop
      vertex 66.1217 51.0785 0
      vertex 72.9775 48.7805 0
      vertex 73.0737 48.6564 0
    endloop
  endfacet
  facet normal 0 0 -1
    outer loop
      vertex 65.9685 51.0443 0
      vertex 73.0737 48.6564 0
      vertex 73.1776 48.5386 0
    endloop
  endfacet
  facet normal 0 0 -1
    outer loop
      vertex 65.8133 51.0197 0
      vertex 73.1776 48.5386 0
      vertex 73.2886 48.4276 0
    endloop
  endfacet
  facet normal 0 0 -1
    outer loop
      vertex 72.9775 51.7195 0
      vertex 67.9951 53.343 0
      vertex 68 53.5 0
    endloop
  endfacet
  facet normal 0 0 -1
    outer loop
      vertex 72.8892 51.5896 0
      vertex 67.9803 53.1867 0
      vertex 67.9951 53.343 0
    endloop
  endfacet
  facet normal 0 0 -1
    outer loop
      vertex 72.8092 51.4544 0
      vertex 67.9557 53.0315 0
      vertex 67.9803 53.1867 0
    endloop
  endfacet
  facet normal 0 0 -1
    outer loop
      vertex 65.657 51.0049 0
      vertex 73.2886 48.4276 0
      vertex 73.4064 48.3237 0
    endloop
  endfacet
  facet normal 0 0 -1
    outer loop
      vertex 72.7379 51.3144 0
      vertex 67.9215 52.8783 0
      vertex 67.9557 53.0315 0
    endloop
  endfacet
  facet normal -0 -0 -1
    outer loop
      vertex 65.343 51.0049 0
      vertex 73.6604 48.1392 0
      vertex 65.1867 51.0197 0
    endloop
  endfacet
  facet normal 0 0 -1
    outer loop
      vertex 72.6756 51.1703 0
      vertex 67.8776 52.7275 0
      vertex 67.9215 52.8783 0
    endloop
  endfacet
  facet normal 0 0 -1
    outer loop
      vertex 72.6224 51.0225 0
      vertex 67.8244 52.5797 0
      vertex 67.8776 52.7275 0
    endloop
  endfacet
  facet normal 0 0 -1
    outer loop
      vertex 72.5785 50.8717 0
      vertex 67.7621 52.4356 0
      vertex 67.8244 52.5797 0
    endloop
  endfacet
  facet normal 0 0 -1
    outer loop
      vertex 72.5443 50.7185 0
      vertex 67.6908 52.2956 0
      vertex 67.7621 52.4356 0
    endloop
  endfacet
  facet normal 0 0 -1
    outer loop
      vertex 72.5197 50.5633 0
      vertex 67.6108 52.1604 0
      vertex 67.6908 52.2956 0
    endloop
  endfacet
  facet normal 0 0 -1
    outer loop
      vertex 72.5049 50.407 0
      vertex 67.5225 52.0305 0
      vertex 67.6108 52.1604 0
    endloop
  endfacet
  facet normal 0 0 -1
    outer loop
      vertex 72.5 50.25 0
      vertex 67.4263 51.9064 0
      vertex 67.5225 52.0305 0
    endloop
  endfacet
  facet normal 0 0 -1
    outer loop
      vertex 72.5049 50.093 0
      vertex 67.3224 51.7886 0
      vertex 67.4263 51.9064 0
    endloop
  endfacet
  facet normal 0 0 -1
    outer loop
      vertex 72.5197 49.9367 0
      vertex 67.2114 51.6776 0
      vertex 67.3224 51.7886 0
    endloop
  endfacet
  facet normal 0 0 -1
    outer loop
      vertex 72.5443 49.7815 0
      vertex 67.0936 51.5737 0
      vertex 67.2114 51.6776 0
    endloop
  endfacet
  facet normal 0 0 -1
    outer loop
      vertex 72.5785 49.6283 0
      vertex 66.9695 51.4775 0
      vertex 67.0936 51.5737 0
    endloop
  endfacet
  facet normal 0 0 -1
    outer loop
      vertex 72.6224 49.4775 0
      vertex 66.8396 51.3892 0
      vertex 66.9695 51.4775 0
    endloop
  endfacet
  facet normal 0 0 -1
    outer loop
      vertex 72.6756 49.3297 0
      vertex 66.7044 51.3092 0
      vertex 66.8396 51.3892 0
    endloop
  endfacet
  facet normal 0 0 -1
    outer loop
      vertex 72.7379 49.1856 0
      vertex 66.5644 51.2379 0
      vertex 66.7044 51.3092 0
    endloop
  endfacet
  facet normal 0 0 -1
    outer loop
      vertex 72.8092 49.0456 0
      vertex 66.4203 51.1756 0
      vertex 66.5644 51.2379 0
    endloop
  endfacet
  facet normal 0 0 -1
    outer loop
      vertex 72.8892 48.9104 0
      vertex 66.2725 51.1224 0
      vertex 66.4203 51.1756 0
    endloop
  endfacet
  facet normal 0 0 -1
    outer loop
      vertex 72.9775 48.7805 0
      vertex 66.1217 51.0785 0
      vertex 66.2725 51.1224 0
    endloop
  endfacet
  facet normal 0 0 -1
    outer loop
      vertex 73.0737 48.6564 0
      vertex 65.9685 51.0443 0
      vertex 66.1217 51.0785 0
    endloop
  endfacet
  facet normal 0 0 -1
    outer loop
      vertex 73.1776 48.5386 0
      vertex 65.8133 51.0197 0
      vertex 65.9685 51.0443 0
    endloop
  endfacet
  facet normal 0 0 -1
    outer loop
      vertex 73.2886 48.4276 0
      vertex 65.657 51.0049 0
      vertex 65.8133 51.0197 0
    endloop
  endfacet
  facet normal 0 0 -1
    outer loop
      vertex 73.4064 48.3237 0
      vertex 65.5 51 0
      vertex 65.657 51.0049 0
    endloop
  endfacet
  facet normal 0 0 -1
    outer loop
      vertex 73.5305 48.2275 0
      vertex 65.5 51 0
      vertex 73.4064 48.3237 0
    endloop
  endfacet
  facet normal -0 -0 -1
    outer loop
      vertex 65.5 51 0
      vertex 73.5305 48.2275 0
      vertex 65.343 51.0049 0
    endloop
  endfacet
  facet normal 0 0 -1
    outer loop
      vertex 73.6604 48.1392 0
      vertex 65.343 51.0049 0
      vertex 73.5305 48.2275 0
    endloop
  endfacet
  facet normal -0 0 -1
    outer loop
      vertex 65.1867 51.0197 0
      vertex 56.6217 50.5785 0
      vertex 65.0315 51.0443 0
    endloop
  endfacet
  facet normal 0 -0 -1
    outer loop
      vertex 56.7725 50.6224 0
      vertex 65.0315 51.0443 0
      vertex 56.6217 50.5785 0
    endloop
  endfacet
  facet normal -0 0 -1
    outer loop
      vertex 65.0315 51.0443 0
      vertex 56.7725 50.6224 0
      vertex 64.8783 51.0785 0
    endloop
  endfacet
  facet normal 0 -0 -1
    outer loop
      vertex 56.9203 50.6756 0
      vertex 64.8783 51.0785 0
      vertex 56.7725 50.6224 0
    endloop
  endfacet
  facet normal -0 0 -1
    outer loop
      vertex 64.8783 51.0785 0
      vertex 56.9203 50.6756 0
      vertex 64.7275 51.1224 0
    endloop
  endfacet
  facet normal 0 0 -1
    outer loop
      vertex 58.4951 53.157 0
      vertex 63.0049 53.343 0
      vertex 58.5 53 0
    endloop
  endfacet
  facet normal -0 0 -1
    outer loop
      vertex 63.0197 53.1867 0
      vertex 58.5 53 0
      vertex 63.0049 53.343 0
    endloop
  endfacet
  facet normal 0 0 -1
    outer loop
      vertex 58.4951 52.843 0
      vertex 63.0197 53.1867 0
      vertex 63.0443 53.0315 0
    endloop
  endfacet
  facet normal 0 0 -1
    outer loop
      vertex 58.4803 52.6867 0
      vertex 63.0443 53.0315 0
      vertex 63.0785 52.8783 0
    endloop
  endfacet
  facet normal 0 0 -1
    outer loop
      vertex 58.4557 52.5315 0
      vertex 63.0785 52.8783 0
      vertex 63.1224 52.7275 0
    endloop
  endfacet
  facet normal 0 0 -1
    outer loop
      vertex 58.4215 52.3783 0
      vertex 63.1224 52.7275 0
      vertex 63.1756 52.5797 0
    endloop
  endfacet
  facet normal 0 0 -1
    outer loop
      vertex 58.3776 52.2275 0
      vertex 63.1756 52.5797 0
      vertex 63.2379 52.4356 0
    endloop
  endfacet
  facet normal 0 0 -1
    outer loop
      vertex 58.3244 52.0797 0
      vertex 63.2379 52.4356 0
      vertex 63.3092 52.2956 0
    endloop
  endfacet
  facet normal 0 0 -1
    outer loop
      vertex 58.2621 51.9356 0
      vertex 63.3092 52.2956 0
      vertex 63.3892 52.1604 0
    endloop
  endfacet
  facet normal 0 0 -1
    outer loop
      vertex 58.1908 51.7956 0
      vertex 63.3892 52.1604 0
      vertex 63.4775 52.0305 0
    endloop
  endfacet
  facet normal 0 0 -1
    outer loop
      vertex 58.1108 51.6604 0
      vertex 63.4775 52.0305 0
      vertex 63.5737 51.9064 0
    endloop
  endfacet
  facet normal 0 0 -1
    outer loop
      vertex 58.0225 51.5305 0
      vertex 63.5737 51.9064 0
      vertex 63.6776 51.7886 0
    endloop
  endfacet
  facet normal 0 0 -1
    outer loop
      vertex 57.9263 51.4064 0
      vertex 63.6776 51.7886 0
      vertex 63.7886 51.6776 0
    endloop
  endfacet
  facet normal 0 0 -1
    outer loop
      vertex 57.8224 51.2886 0
      vertex 63.7886 51.6776 0
      vertex 63.9064 51.5737 0
    endloop
  endfacet
  facet normal 0 0 -1
    outer loop
      vertex 57.7114 51.1776 0
      vertex 63.9064 51.5737 0
      vertex 64.0305 51.4775 0
    endloop
  endfacet
  facet normal 0 0 -1
    outer loop
      vertex 57.5936 51.0737 0
      vertex 64.0305 51.4775 0
      vertex 64.1604 51.3892 0
    endloop
  endfacet
  facet normal 0 0 -1
    outer loop
      vertex 57.4695 50.9775 0
      vertex 64.1604 51.3892 0
      vertex 64.2956 51.3092 0
    endloop
  endfacet
  facet normal 0 -0 -1
    outer loop
      vertex 57.0644 50.7379 0
      vertex 64.7275 51.1224 0
      vertex 56.9203 50.6756 0
    endloop
  endfacet
  facet normal 0 0 -1
    outer loop
      vertex 63.0197 53.1867 0
      vertex 58.4951 52.843 0
      vertex 58.5 53 0
    endloop
  endfacet
  facet normal 0 0 -1
    outer loop
      vertex 63.0443 53.0315 0
      vertex 58.4803 52.6867 0
      vertex 58.4951 52.843 0
    endloop
  endfacet
  facet normal 0 0 -1
    outer loop
      vertex 63.0785 52.8783 0
      vertex 58.4557 52.5315 0
      vertex 58.4803 52.6867 0
    endloop
  endfacet
  facet normal 0 0 -1
    outer loop
      vertex 63.1224 52.7275 0
      vertex 58.4215 52.3783 0
      vertex 58.4557 52.5315 0
    endloop
  endfacet
  facet normal 0 0 -1
    outer loop
      vertex 63.1756 52.5797 0
      vertex 58.3776 52.2275 0
      vertex 58.4215 52.3783 0
    endloop
  endfacet
  facet normal 0 0 -1
    outer loop
      vertex 63.2379 52.4356 0
      vertex 58.3244 52.0797 0
      vertex 58.3776 52.2275 0
    endloop
  endfacet
  facet normal 0 0 -1
    outer loop
      vertex 63.3092 52.2956 0
      vertex 58.2621 51.9356 0
      vertex 58.3244 52.0797 0
    endloop
  endfacet
  facet normal 0 0 -1
    outer loop
      vertex 63.3892 52.1604 0
      vertex 58.1908 51.7956 0
      vertex 58.2621 51.9356 0
    endloop
  endfacet
  facet normal 0 0 -1
    outer loop
      vertex 63.4775 52.0305 0
      vertex 58.1108 51.6604 0
      vertex 58.1908 51.7956 0
    endloop
  endfacet
  facet normal 0 0 -1
    outer loop
      vertex 63.5737 51.9064 0
      vertex 58.0225 51.5305 0
      vertex 58.1108 51.6604 0
    endloop
  endfacet
  facet normal 0 0 -1
    outer loop
      vertex 63.6776 51.7886 0
      vertex 57.9263 51.4064 0
      vertex 58.0225 51.5305 0
    endloop
  endfacet
  facet normal 0 0 -1
    outer loop
      vertex 63.7886 51.6776 0
      vertex 57.8224 51.2886 0
      vertex 57.9263 51.4064 0
    endloop
  endfacet
  facet normal 0 0 -1
    outer loop
      vertex 63.9064 51.5737 0
      vertex 57.7114 51.1776 0
      vertex 57.8224 51.2886 0
    endloop
  endfacet
  facet normal 0 0 -1
    outer loop
      vertex 64.0305 51.4775 0
      vertex 57.5936 51.0737 0
      vertex 57.7114 51.1776 0
    endloop
  endfacet
  facet normal 0 0 -1
    outer loop
      vertex 64.1604 51.3892 0
      vertex 57.4695 50.9775 0
      vertex 57.5936 51.0737 0
    endloop
  endfacet
  facet normal 0 0 -1
    outer loop
      vertex 64.2956 51.3092 0
      vertex 57.3396 50.8892 0
      vertex 57.4695 50.9775 0
    endloop
  endfacet
  facet normal -0 0 -1
    outer loop
      vertex 64.4356 51.2379 0
      vertex 57.3396 50.8892 0
      vertex 64.2956 51.3092 0
    endloop
  endfacet
  facet normal 0 -0 -1
    outer loop
      vertex 57.3396 50.8892 0
      vertex 64.4356 51.2379 0
      vertex 57.2044 50.8092 0
    endloop
  endfacet
  facet normal -0 0 -1
    outer loop
      vertex 64.5797 51.1756 0
      vertex 57.2044 50.8092 0
      vertex 64.4356 51.2379 0
    endloop
  endfacet
  facet normal 0 -0 -1
    outer loop
      vertex 57.2044 50.8092 0
      vertex 64.5797 51.1756 0
      vertex 57.0644 50.7379 0
    endloop
  endfacet
  facet normal -0 0 -1
    outer loop
      vertex 64.7275 51.1224 0
      vertex 57.0644 50.7379 0
      vertex 64.5797 51.1756 0
    endloop
  endfacet
  facet normal 0 0 -1
    outer loop
      vertex 81 42 0
      vertex 56.4685 50.5443 0
      vertex 56.6217 50.5785 0
    endloop
  endfacet
  facet normal 0 0 -1
    outer loop
      vertex 81 42 0
      vertex 56.3133 50.5197 0
      vertex 56.4685 50.5443 0
    endloop
  endfacet
  facet normal 0 0 -1
    outer loop
      vertex 81 42 0
      vertex 56.157 50.5049 0
      vertex 56.3133 50.5197 0
    endloop
  endfacet
  facet normal 0 0 -1
    outer loop
      vertex 81 42 0
      vertex 56 50.5 0
      vertex 56.157 50.5049 0
    endloop
  endfacet
  facet normal 0 0 -1
    outer loop
      vertex 81 42 0
      vertex 55.843 50.5049 0
      vertex 56 50.5 0
    endloop
  endfacet
  facet normal 0 0 -1
    outer loop
      vertex 81 42 0
      vertex 55.6867 50.5197 0
      vertex 55.843 50.5049 0
    endloop
  endfacet
  facet normal 0 0 -1
    outer loop
      vertex 12 42 0
      vertex 55.6867 50.5197 0
      vertex 81 42 0
    endloop
  endfacet
  facet normal -0 0 -1
    outer loop
      vertex 55.6867 50.5197 0
      vertex 12 42 0
      vertex 55.5315 50.5443 0
    endloop
  endfacet
  facet normal -0 0 -1
    outer loop
      vertex 55.5315 50.5443 0
      vertex 12 42 0
      vertex 55.3783 50.5785 0
    endloop
  endfacet
  facet normal -0 0 -1
    outer loop
      vertex 53.5049 52.843 0
      vertex 12 42 0
      vertex 53.5 53 0
    endloop
  endfacet
  facet normal -0 0 -1
    outer loop
      vertex 53.5197 52.6867 0
      vertex 12 42 0
      vertex 53.5049 52.843 0
    endloop
  endfacet
  facet normal -0 0 -1
    outer loop
      vertex 53.5443 52.5315 0
      vertex 12 42 0
      vertex 53.5197 52.6867 0
    endloop
  endfacet
  facet normal -0 0 -1
    outer loop
      vertex 53.5785 52.3783 0
      vertex 12 42 0
      vertex 53.5443 52.5315 0
    endloop
  endfacet
  facet normal -0 0 -1
    outer loop
      vertex 53.6224 52.2275 0
      vertex 12 42 0
      vertex 53.5785 52.3783 0
    endloop
  endfacet
  facet normal -0 0 -1
    outer loop
      vertex 53.6756 52.0797 0
      vertex 12 42 0
      vertex 53.6224 52.2275 0
    endloop
  endfacet
  facet normal -0 0 -1
    outer loop
      vertex 53.7379 51.9356 0
      vertex 12 42 0
      vertex 53.6756 52.0797 0
    endloop
  endfacet
  facet normal -0 0 -1
    outer loop
      vertex 53.8092 51.7956 0
      vertex 12 42 0
      vertex 53.7379 51.9356 0
    endloop
  endfacet
  facet normal -0 0 -1
    outer loop
      vertex 53.8892 51.6604 0
      vertex 12 42 0
      vertex 53.8092 51.7956 0
    endloop
  endfacet
  facet normal -0 0 -1
    outer loop
      vertex 53.9775 51.5305 0
      vertex 12 42 0
      vertex 53.8892 51.6604 0
    endloop
  endfacet
  facet normal -0 0 -1
    outer loop
      vertex 54.0737 51.4064 0
      vertex 12 42 0
      vertex 53.9775 51.5305 0
    endloop
  endfacet
  facet normal -0 0 -1
    outer loop
      vertex 54.1776 51.2886 0
      vertex 12 42 0
      vertex 54.0737 51.4064 0
    endloop
  endfacet
  facet normal -0 0 -1
    outer loop
      vertex 54.2886 51.1776 0
      vertex 12 42 0
      vertex 54.1776 51.2886 0
    endloop
  endfacet
  facet normal -0 0 -1
    outer loop
      vertex 54.4064 51.0737 0
      vertex 12 42 0
      vertex 54.2886 51.1776 0
    endloop
  endfacet
  facet normal -0 0 -1
    outer loop
      vertex 54.5305 50.9775 0
      vertex 12 42 0
      vertex 54.4064 51.0737 0
    endloop
  endfacet
  facet normal -0 0 -1
    outer loop
      vertex 54.6604 50.8892 0
      vertex 12 42 0
      vertex 54.5305 50.9775 0
    endloop
  endfacet
  facet normal -0 0 -1
    outer loop
      vertex 54.7956 50.8092 0
      vertex 12 42 0
      vertex 54.6604 50.8892 0
    endloop
  endfacet
  facet normal -0 0 -1
    outer loop
      vertex 54.9356 50.7379 0
      vertex 12 42 0
      vertex 54.7956 50.8092 0
    endloop
  endfacet
  facet normal -0 0 -1
    outer loop
      vertex 55.0797 50.6756 0
      vertex 12 42 0
      vertex 54.9356 50.7379 0
    endloop
  endfacet
  facet normal -0 0 -1
    outer loop
      vertex 55.2275 50.6224 0
      vertex 12 42 0
      vertex 55.0797 50.6756 0
    endloop
  endfacet
  facet normal -0 0 -1
    outer loop
      vertex 55.3783 50.5785 0
      vertex 12 42 0
      vertex 55.2275 50.6224 0
    endloop
  endfacet
  facet normal 0 0 -1
    outer loop
      vertex 86.8244 52.5797 0
      vertex 93 64 0
      vertex 93 0 0
    endloop
  endfacet
  facet normal 0 0 -1
    outer loop
      vertex 93 64 0
      vertex 86.9951 53.343 0
      vertex 87 53.5 0
    endloop
  endfacet
  facet normal 0 0 -1
    outer loop
      vertex 93 64 0
      vertex 86.9803 53.1867 0
      vertex 86.9951 53.343 0
    endloop
  endfacet
  facet normal 0 0 -1
    outer loop
      vertex 93 64 0
      vertex 86.9557 53.0315 0
      vertex 86.9803 53.1867 0
    endloop
  endfacet
  facet normal 0 0 -1
    outer loop
      vertex 93 64 0
      vertex 86.9215 52.8783 0
      vertex 86.9557 53.0315 0
    endloop
  endfacet
  facet normal 0 0 -1
    outer loop
      vertex 93 64 0
      vertex 86.8776 52.7275 0
      vertex 86.9215 52.8783 0
    endloop
  endfacet
  facet normal 0 0 -1
    outer loop
      vertex 93 64 0
      vertex 86.8244 52.5797 0
      vertex 86.8776 52.7275 0
    endloop
  endfacet
  facet normal 0 0 -1
    outer loop
      vertex 93 0 0
      vertex 86.7621 52.4356 0
      vertex 86.8244 52.5797 0
    endloop
  endfacet
  facet normal 0 0 -1
    outer loop
      vertex 93 0 0
      vertex 86.6908 52.2956 0
      vertex 86.7621 52.4356 0
    endloop
  endfacet
  facet normal 0 0 -1
    outer loop
      vertex 93 0 0
      vertex 86.6108 52.1604 0
      vertex 86.6908 52.2956 0
    endloop
  endfacet
  facet normal 0 0 -1
    outer loop
      vertex 93 0 0
      vertex 86.5225 52.0305 0
      vertex 86.6108 52.1604 0
    endloop
  endfacet
  facet normal 0 0 -1
    outer loop
      vertex 81 17 0
      vertex 86.5225 52.0305 0
      vertex 93 0 0
    endloop
  endfacet
  facet normal 0 0 -1
    outer loop
      vertex 86.5225 52.0305 0
      vertex 81 17 0
      vertex 86.4263 51.9064 0
    endloop
  endfacet
  facet normal 0 0 -1
    outer loop
      vertex 81 42 0
      vertex 86.4263 51.9064 0
      vertex 81 17 0
    endloop
  endfacet
  facet normal 0 0 -1
    outer loop
      vertex 86.3224 51.7886 0
      vertex 81 42 0
      vertex 86.2114 51.6776 0
    endloop
  endfacet
  facet normal 0 0 -1
    outer loop
      vertex 86.2114 51.6776 0
      vertex 81 42 0
      vertex 86.0936 51.5737 0
    endloop
  endfacet
  facet normal 0 0 -1
    outer loop
      vertex 86.0936 51.5737 0
      vertex 81 42 0
      vertex 85.9695 51.4775 0
    endloop
  endfacet
  facet normal 0 0 -1
    outer loop
      vertex 85.9695 51.4775 0
      vertex 81 42 0
      vertex 85.8396 51.3892 0
    endloop
  endfacet
  facet normal 0 0 -1
    outer loop
      vertex 85.8396 51.3892 0
      vertex 81 42 0
      vertex 85.7044 51.3092 0
    endloop
  endfacet
  facet normal 0 0 -1
    outer loop
      vertex 85.7044 51.3092 0
      vertex 81 42 0
      vertex 85.5644 51.2379 0
    endloop
  endfacet
  facet normal 0 0 -1
    outer loop
      vertex 85.5644 51.2379 0
      vertex 81 42 0
      vertex 85.4203 51.1756 0
    endloop
  endfacet
  facet normal 0 0 -1
    outer loop
      vertex 85.4203 51.1756 0
      vertex 81 42 0
      vertex 85.2725 51.1224 0
    endloop
  endfacet
  facet normal 0 0 -1
    outer loop
      vertex 85.2725 51.1224 0
      vertex 81 42 0
      vertex 85.1217 51.0785 0
    endloop
  endfacet
  facet normal 0 0 -1
    outer loop
      vertex 85.1217 51.0785 0
      vertex 81 42 0
      vertex 84.9685 51.0443 0
    endloop
  endfacet
  facet normal 0 0 -1
    outer loop
      vertex 84.9685 51.0443 0
      vertex 81 42 0
      vertex 84.8133 51.0197 0
    endloop
  endfacet
  facet normal 0 0 -1
    outer loop
      vertex 84.8133 51.0197 0
      vertex 81 42 0
      vertex 84.657 51.0049 0
    endloop
  endfacet
  facet normal 0 0 -1
    outer loop
      vertex 84.657 51.0049 0
      vertex 81 42 0
      vertex 84.5 51 0
    endloop
  endfacet
  facet normal -0 0 -1
    outer loop
      vertex 84.5 51 0
      vertex 81 42 0
      vertex 84.343 51.0049 0
    endloop
  endfacet
  facet normal -0 0 -1
    outer loop
      vertex 84.343 51.0049 0
      vertex 81 42 0
      vertex 84.1867 51.0197 0
    endloop
  endfacet
  facet normal -0 0 -1
    outer loop
      vertex 84.1867 51.0197 0
      vertex 81 42 0
      vertex 84.0315 51.0443 0
    endloop
  endfacet
  facet normal -0 0 -1
    outer loop
      vertex 84.0315 51.0443 0
      vertex 81 42 0
      vertex 83.8783 51.0785 0
    endloop
  endfacet
  facet normal -0 0 -1
    outer loop
      vertex 83.8783 51.0785 0
      vertex 81 42 0
      vertex 83.7275 51.1224 0
    endloop
  endfacet
  facet normal -0 0 -1
    outer loop
      vertex 83.7275 51.1224 0
      vertex 81 42 0
      vertex 83.5797 51.1756 0
    endloop
  endfacet
  facet normal -0 0 -1
    outer loop
      vertex 83.5797 51.1756 0
      vertex 81 42 0
      vertex 83.4356 51.2379 0
    endloop
  endfacet
  facet normal 0 0 -1
    outer loop
      vertex 77.1908 49.0456 0
      vertex 83.4356 51.2379 0
      vertex 81 42 0
    endloop
  endfacet
  facet normal -0 0 -1
    outer loop
      vertex 83.4356 51.2379 0
      vertex 77.4951 50.093 0
      vertex 83.2956 51.3092 0
    endloop
  endfacet
  facet normal 0 0 -1
    outer loop
      vertex 77.4951 50.093 0
      vertex 83.1604 51.3892 0
      vertex 83.2956 51.3092 0
    endloop
  endfacet
  facet normal 0 0 -1
    outer loop
      vertex 77.4951 50.093 0
      vertex 83.0305 51.4775 0
      vertex 83.1604 51.3892 0
    endloop
  endfacet
  facet normal 0 0 -1
    outer loop
      vertex 77.4951 50.093 0
      vertex 82.9064 51.5737 0
      vertex 83.0305 51.4775 0
    endloop
  endfacet
  facet normal 0 0 -1
    outer loop
      vertex 77.4951 50.093 0
      vertex 82.7886 51.6776 0
      vertex 82.9064 51.5737 0
    endloop
  endfacet
  facet normal 0 0 -1
    outer loop
      vertex 77.4951 50.093 0
      vertex 82.6776 51.7886 0
      vertex 82.7886 51.6776 0
    endloop
  endfacet
  facet normal 0 0 -1
    outer loop
      vertex 77.4951 50.093 0
      vertex 82.5737 51.9064 0
      vertex 82.6776 51.7886 0
    endloop
  endfacet
  facet normal -0 0 -1
    outer loop
      vertex 82.5737 51.9064 0
      vertex 77.5 50.25 0
      vertex 82.4775 52.0305 0
    endloop
  endfacet
  facet normal 0 0 -1
    outer loop
      vertex 77.4951 50.407 0
      vertex 82.4775 52.0305 0
      vertex 77.5 50.25 0
    endloop
  endfacet
  facet normal -0 0 -1
    outer loop
      vertex 82.4775 52.0305 0
      vertex 77.4951 50.407 0
      vertex 82.3892 52.1604 0
    endloop
  endfacet
  facet normal 0 0 -1
    outer loop
      vertex 77.4803 50.5633 0
      vertex 82.3892 52.1604 0
      vertex 77.4951 50.407 0
    endloop
  endfacet
  facet normal -0 0 -1
    outer loop
      vertex 82.3892 52.1604 0
      vertex 77.4803 50.5633 0
      vertex 82.3092 52.2956 0
    endloop
  endfacet
  facet normal 0 0 -1
    outer loop
      vertex 77.4557 50.7185 0
      vertex 82.3092 52.2956 0
      vertex 77.4803 50.5633 0
    endloop
  endfacet
  facet normal -0 0 -1
    outer loop
      vertex 82.2379 52.4356 0
      vertex 77.4215 50.8717 0
      vertex 82.1756 52.5797 0
    endloop
  endfacet
  facet normal 0 0 -1
    outer loop
      vertex 77.4215 50.8717 0
      vertex 82.2379 52.4356 0
      vertex 77.4557 50.7185 0
    endloop
  endfacet
  facet normal -0 0 -1
    outer loop
      vertex 82.3092 52.2956 0
      vertex 77.4557 50.7185 0
      vertex 82.2379 52.4356 0
    endloop
  endfacet
  facet normal 0 0 -1
    outer loop
      vertex 86.4263 51.9064 0
      vertex 81 42 0
      vertex 86.3224 51.7886 0
    endloop
  endfacet
  facet normal 0 0 -1
    outer loop
      vertex 93 0 0
      vertex 12 17 0
      vertex 81 17 0
    endloop
  endfacet
  facet normal -0 0 -1
    outer loop
      vertex 12 17 0
      vertex 0 0 0
      vertex 12 42 0
    endloop
  endfacet
  facet normal 0 0 -1
    outer loop
      vertex 0 0 0
      vertex 12 17 0
      vertex 93 0 0
    endloop
  endfacet
  facet normal 0 0 -1
    outer loop
      vertex 86.9951 53.657 0
      vertex 93 64 0
      vertex 87 53.5 0
    endloop
  endfacet
  facet normal 0 0 -1
    outer loop
      vertex 86.9803 53.8133 0
      vertex 93 64 0
      vertex 86.9951 53.657 0
    endloop
  endfacet
  facet normal 0 0 -1
    outer loop
      vertex 86.9557 53.9685 0
      vertex 93 64 0
      vertex 86.9803 53.8133 0
    endloop
  endfacet
  facet normal 0 0 -1
    outer loop
      vertex 86.9215 54.1217 0
      vertex 93 64 0
      vertex 86.9557 53.9685 0
    endloop
  endfacet
  facet normal 0 0 -1
    outer loop
      vertex 86.8776 54.2725 0
      vertex 93 64 0
      vertex 86.9215 54.1217 0
    endloop
  endfacet
  facet normal 0 0 -1
    outer loop
      vertex 86.8244 54.4203 0
      vertex 93 64 0
      vertex 86.8776 54.2725 0
    endloop
  endfacet
  facet normal 0 0 -1
    outer loop
      vertex 86.7621 54.5644 0
      vertex 93 64 0
      vertex 86.8244 54.4203 0
    endloop
  endfacet
  facet normal 0 0 -1
    outer loop
      vertex 86.6908 54.7044 0
      vertex 93 64 0
      vertex 86.7621 54.5644 0
    endloop
  endfacet
  facet normal 0 0 -1
    outer loop
      vertex 86.6108 54.8396 0
      vertex 93 64 0
      vertex 86.6908 54.7044 0
    endloop
  endfacet
  facet normal 0 0 -1
    outer loop
      vertex 86.5225 54.9695 0
      vertex 93 64 0
      vertex 86.6108 54.8396 0
    endloop
  endfacet
  facet normal 0 0 -1
    outer loop
      vertex 86.4263 55.0936 0
      vertex 93 64 0
      vertex 86.5225 54.9695 0
    endloop
  endfacet
  facet normal 0 0 -1
    outer loop
      vertex 86.3224 55.2114 0
      vertex 93 64 0
      vertex 86.4263 55.0936 0
    endloop
  endfacet
  facet normal 0 0 -1
    outer loop
      vertex 86.2114 55.3224 0
      vertex 93 64 0
      vertex 86.3224 55.2114 0
    endloop
  endfacet
  facet normal 0 0 -1
    outer loop
      vertex 86.0936 55.4263 0
      vertex 93 64 0
      vertex 86.2114 55.3224 0
    endloop
  endfacet
  facet normal 0 0 -1
    outer loop
      vertex 85.9695 55.5225 0
      vertex 93 64 0
      vertex 86.0936 55.4263 0
    endloop
  endfacet
  facet normal 0 0 -1
    outer loop
      vertex 85.8396 55.6108 0
      vertex 93 64 0
      vertex 85.9695 55.5225 0
    endloop
  endfacet
  facet normal 0 0 -1
    outer loop
      vertex 85.7044 55.6908 0
      vertex 93 64 0
      vertex 85.8396 55.6108 0
    endloop
  endfacet
  facet normal 0 0 -1
    outer loop
      vertex 85.5644 55.7621 0
      vertex 93 64 0
      vertex 85.7044 55.6908 0
    endloop
  endfacet
  facet normal 0 0 -1
    outer loop
      vertex 85.4203 55.8244 0
      vertex 93 64 0
      vertex 85.5644 55.7621 0
    endloop
  endfacet
  facet normal 0 0 -1
    outer loop
      vertex 85.2725 55.8776 0
      vertex 93 64 0
      vertex 85.4203 55.8244 0
    endloop
  endfacet
  facet normal 0 0 -1
    outer loop
      vertex 85.1217 55.9215 0
      vertex 93 64 0
      vertex 85.2725 55.8776 0
    endloop
  endfacet
  facet normal 0 0 -1
    outer loop
      vertex 84.9685 55.9557 0
      vertex 93 64 0
      vertex 85.1217 55.9215 0
    endloop
  endfacet
  facet normal 0 0 -1
    outer loop
      vertex 84.8133 55.9803 0
      vertex 93 64 0
      vertex 84.9685 55.9557 0
    endloop
  endfacet
  facet normal 0 0 -1
    outer loop
      vertex 84.657 55.9951 0
      vertex 93 64 0
      vertex 84.8133 55.9803 0
    endloop
  endfacet
  facet normal 0 0 -1
    outer loop
      vertex 84.5 56 0
      vertex 93 64 0
      vertex 84.657 55.9951 0
    endloop
  endfacet
  facet normal 0 0 -1
    outer loop
      vertex 84.343 55.9951 0
      vertex 93 64 0
      vertex 84.5 56 0
    endloop
  endfacet
  facet normal 0 0 -1
    outer loop
      vertex 84.1867 55.9803 0
      vertex 93 64 0
      vertex 84.343 55.9951 0
    endloop
  endfacet
  facet normal 0 0 -1
    outer loop
      vertex 76.7114 58.3224 0
      vertex 84.1867 55.9803 0
      vertex 84.0315 55.9557 0
    endloop
  endfacet
  facet normal 0 0 -1
    outer loop
      vertex 76.8224 58.2114 0
      vertex 84.0315 55.9557 0
      vertex 83.8783 55.9215 0
    endloop
  endfacet
  facet normal 0 0 -1
    outer loop
      vertex 76.9263 58.0936 0
      vertex 83.8783 55.9215 0
      vertex 83.7275 55.8776 0
    endloop
  endfacet
  facet normal 0 0 -1
    outer loop
      vertex 77.0225 57.9695 0
      vertex 83.7275 55.8776 0
      vertex 83.5797 55.8244 0
    endloop
  endfacet
  facet normal 0 0 -1
    outer loop
      vertex 77.1108 57.8396 0
      vertex 83.5797 55.8244 0
      vertex 83.4356 55.7621 0
    endloop
  endfacet
  facet normal 0 0 -1
    outer loop
      vertex 77.1908 57.7044 0
      vertex 83.4356 55.7621 0
      vertex 83.2956 55.6908 0
    endloop
  endfacet
  facet normal 0 0 -1
    outer loop
      vertex 77.2621 57.5644 0
      vertex 83.2956 55.6908 0
      vertex 83.1604 55.6108 0
    endloop
  endfacet
  facet normal 0 0 -1
    outer loop
      vertex 77.3244 57.4203 0
      vertex 83.1604 55.6108 0
      vertex 83.0305 55.5225 0
    endloop
  endfacet
  facet normal 0 0 -1
    outer loop
      vertex 77.3776 57.2725 0
      vertex 83.0305 55.5225 0
      vertex 82.9064 55.4263 0
    endloop
  endfacet
  facet normal 0 0 -1
    outer loop
      vertex 77.3776 51.0225 0
      vertex 82.1756 52.5797 0
      vertex 77.4215 50.8717 0
    endloop
  endfacet
  facet normal -0 0 -1
    outer loop
      vertex 82.1756 52.5797 0
      vertex 77.3776 51.0225 0
      vertex 82.1224 52.7275 0
    endloop
  endfacet
  facet normal 0 0 -1
    outer loop
      vertex 77.3244 51.1703 0
      vertex 82.1224 52.7275 0
      vertex 77.3776 51.0225 0
    endloop
  endfacet
  facet normal 0 0 -1
    outer loop
      vertex 82 53.5 0
      vertex 77.5 56.5 0
      vertex 82.0049 53.657 0
    endloop
  endfacet
  facet normal 0 0 -1
    outer loop
      vertex 82.0049 53.657 0
      vertex 77.5 56.5 0
      vertex 82.0197 53.8133 0
    endloop
  endfacet
  facet normal 0 0 -1
    outer loop
      vertex 82.0197 53.8133 0
      vertex 77.5 56.5 0
      vertex 82.0443 53.9685 0
    endloop
  endfacet
  facet normal 0 0 -1
    outer loop
      vertex 82.0443 53.9685 0
      vertex 77.5 56.5 0
      vertex 82.0785 54.1217 0
    endloop
  endfacet
  facet normal 0 0 -1
    outer loop
      vertex 82.0785 54.1217 0
      vertex 77.5 56.5 0
      vertex 82.1224 54.2725 0
    endloop
  endfacet
  facet normal 0 0 -1
    outer loop
      vertex 82.1224 54.2725 0
      vertex 77.5 56.5 0
      vertex 82.1756 54.4203 0
    endloop
  endfacet
  facet normal 0 0 -1
    outer loop
      vertex 82.1756 54.4203 0
      vertex 77.5 56.5 0
      vertex 82.2379 54.5644 0
    endloop
  endfacet
  facet normal 0 0 -1
    outer loop
      vertex 82.2379 54.5644 0
      vertex 77.5 56.5 0
      vertex 82.3092 54.7044 0
    endloop
  endfacet
  facet normal 0 0 -1
    outer loop
      vertex 82.3092 54.7044 0
      vertex 77.5 56.5 0
      vertex 82.3892 54.8396 0
    endloop
  endfacet
  facet normal 0 0 -1
    outer loop
      vertex 82.3892 54.8396 0
      vertex 77.5 56.5 0
      vertex 82.4775 54.9695 0
    endloop
  endfacet
  facet normal 0 0 -1
    outer loop
      vertex 77.4951 56.657 0
      vertex 82.4775 54.9695 0
      vertex 77.5 56.5 0
    endloop
  endfacet
  facet normal 0 0 -1
    outer loop
      vertex 82.4775 54.9695 0
      vertex 77.4951 56.657 0
      vertex 82.5737 55.0936 0
    endloop
  endfacet
  facet normal 0 0 -1
    outer loop
      vertex 77.4803 56.8133 0
      vertex 82.5737 55.0936 0
      vertex 77.4951 56.657 0
    endloop
  endfacet
  facet normal 0 0 -1
    outer loop
      vertex 82.5737 55.0936 0
      vertex 77.4803 56.8133 0
      vertex 82.6776 55.2114 0
    endloop
  endfacet
  facet normal 0 0 -1
    outer loop
      vertex 77.4557 56.9685 0
      vertex 82.6776 55.2114 0
      vertex 77.4803 56.8133 0
    endloop
  endfacet
  facet normal 0 0 -1
    outer loop
      vertex 82.6776 55.2114 0
      vertex 77.4557 56.9685 0
      vertex 82.7886 55.3224 0
    endloop
  endfacet
  facet normal 0 0 -1
    outer loop
      vertex 77.4215 57.1217 0
      vertex 82.7886 55.3224 0
      vertex 77.4557 56.9685 0
    endloop
  endfacet
  facet normal 0 0 -1
    outer loop
      vertex 82.7886 55.3224 0
      vertex 77.4215 57.1217 0
      vertex 82.9064 55.4263 0
    endloop
  endfacet
  facet normal 0 0 -1
    outer loop
      vertex 77.3776 57.2725 0
      vertex 82.9064 55.4263 0
      vertex 77.4215 57.1217 0
    endloop
  endfacet
  facet normal 0 0 -1
    outer loop
      vertex 83.0305 55.5225 0
      vertex 77.3776 57.2725 0
      vertex 77.3244 57.4203 0
    endloop
  endfacet
  facet normal 0 0 -1
    outer loop
      vertex 83.1604 55.6108 0
      vertex 77.3244 57.4203 0
      vertex 77.2621 57.5644 0
    endloop
  endfacet
  facet normal 0 0 -1
    outer loop
      vertex 83.2956 55.6908 0
      vertex 77.2621 57.5644 0
      vertex 77.1908 57.7044 0
    endloop
  endfacet
  facet normal 0 0 -1
    outer loop
      vertex 83.4356 55.7621 0
      vertex 77.1908 57.7044 0
      vertex 77.1108 57.8396 0
    endloop
  endfacet
  facet normal 0 0 -1
    outer loop
      vertex 83.5797 55.8244 0
      vertex 77.1108 57.8396 0
      vertex 77.0225 57.9695 0
    endloop
  endfacet
  facet normal 0 0 -1
    outer loop
      vertex 83.7275 55.8776 0
      vertex 77.0225 57.9695 0
      vertex 76.9263 58.0936 0
    endloop
  endfacet
  facet normal 0 0 -1
    outer loop
      vertex 83.8783 55.9215 0
      vertex 76.9263 58.0936 0
      vertex 76.8224 58.2114 0
    endloop
  endfacet
  facet normal 0 0 -1
    outer loop
      vertex 84.0315 55.9557 0
      vertex 76.8224 58.2114 0
      vertex 76.7114 58.3224 0
    endloop
  endfacet
  facet normal 0 0 -1
    outer loop
      vertex 84.1867 55.9803 0
      vertex 76.7114 58.3224 0
      vertex 93 64 0
    endloop
  endfacet
  facet normal 0 0 -1
    outer loop
      vertex 76.5936 58.4263 0
      vertex 93 64 0
      vertex 76.7114 58.3224 0
    endloop
  endfacet
  facet normal 0 0 -1
    outer loop
      vertex 76.4695 58.5225 0
      vertex 93 64 0
      vertex 76.5936 58.4263 0
    endloop
  endfacet
  facet normal 0 0 -1
    outer loop
      vertex 76.3396 58.6108 0
      vertex 93 64 0
      vertex 76.4695 58.5225 0
    endloop
  endfacet
  facet normal 0 0 -1
    outer loop
      vertex 76.2044 58.6908 0
      vertex 93 64 0
      vertex 76.3396 58.6108 0
    endloop
  endfacet
  facet normal 0 0 -1
    outer loop
      vertex 76.0644 58.7621 0
      vertex 93 64 0
      vertex 76.2044 58.6908 0
    endloop
  endfacet
  facet normal 0 0 -1
    outer loop
      vertex 75.9203 58.8244 0
      vertex 93 64 0
      vertex 76.0644 58.7621 0
    endloop
  endfacet
  facet normal 0 0 -1
    outer loop
      vertex 75.7725 58.8776 0
      vertex 93 64 0
      vertex 75.9203 58.8244 0
    endloop
  endfacet
  facet normal 0 0 -1
    outer loop
      vertex 75.6217 58.9215 0
      vertex 93 64 0
      vertex 75.7725 58.8776 0
    endloop
  endfacet
  facet normal 0 0 -1
    outer loop
      vertex 75.4685 58.9557 0
      vertex 93 64 0
      vertex 75.6217 58.9215 0
    endloop
  endfacet
  facet normal 0 0 -1
    outer loop
      vertex 75.3133 58.9803 0
      vertex 93 64 0
      vertex 75.4685 58.9557 0
    endloop
  endfacet
  facet normal 0 0 -1
    outer loop
      vertex 75.157 58.9951 0
      vertex 93 64 0
      vertex 75.3133 58.9803 0
    endloop
  endfacet
  facet normal 0 0 -1
    outer loop
      vertex 75 59 0
      vertex 93 64 0
      vertex 75.157 58.9951 0
    endloop
  endfacet
  facet normal 0 0 -1
    outer loop
      vertex 74.843 58.9951 0
      vertex 93 64 0
      vertex 75 59 0
    endloop
  endfacet
  facet normal 0 0 -1
    outer loop
      vertex 74.6867 58.9803 0
      vertex 93 64 0
      vertex 74.843 58.9951 0
    endloop
  endfacet
  facet normal 0 0 -1
    outer loop
      vertex 74.5315 58.9557 0
      vertex 93 64 0
      vertex 74.6867 58.9803 0
    endloop
  endfacet
  facet normal 0 0 -1
    outer loop
      vertex 0 64 0
      vertex 74.5315 58.9557 0
      vertex 74.3783 58.9215 0
    endloop
  endfacet
  facet normal -0 0 -1
    outer loop
      vertex 72.6224 55.7275 0
      vertex 67.8776 54.2725 0
      vertex 72.5785 55.8783 0
    endloop
  endfacet
  facet normal 0 0 -1
    outer loop
      vertex 67.8244 54.4203 0
      vertex 72.5785 55.8783 0
      vertex 67.8776 54.2725 0
    endloop
  endfacet
  facet normal -0 0 -1
    outer loop
      vertex 72.5785 55.8783 0
      vertex 67.8244 54.4203 0
      vertex 72.5443 56.0315 0
    endloop
  endfacet
  facet normal 0 0 -1
    outer loop
      vertex 67.7621 54.5644 0
      vertex 72.5443 56.0315 0
      vertex 67.8244 54.4203 0
    endloop
  endfacet
  facet normal -0 0 -1
    outer loop
      vertex 72.5443 56.0315 0
      vertex 67.7621 54.5644 0
      vertex 72.5197 56.1867 0
    endloop
  endfacet
  facet normal 0 0 -1
    outer loop
      vertex 67.6908 54.7044 0
      vertex 72.5197 56.1867 0
      vertex 67.7621 54.5644 0
    endloop
  endfacet
  facet normal -0 0 -1
    outer loop
      vertex 72.5197 56.1867 0
      vertex 67.6908 54.7044 0
      vertex 72.5049 56.343 0
    endloop
  endfacet
  facet normal 0 0 -1
    outer loop
      vertex 67.6108 54.8396 0
      vertex 72.5049 56.343 0
      vertex 67.6908 54.7044 0
    endloop
  endfacet
  facet normal -0 0 -1
    outer loop
      vertex 72.5049 56.343 0
      vertex 67.6108 54.8396 0
      vertex 72.5 56.5 0
    endloop
  endfacet
  facet normal 0 0 -1
    outer loop
      vertex 67.5225 54.9695 0
      vertex 72.5 56.5 0
      vertex 67.6108 54.8396 0
    endloop
  endfacet
  facet normal -0 0 -1
    outer loop
      vertex 72.5 56.5 0
      vertex 67.5225 54.9695 0
      vertex 72.5049 56.657 0
    endloop
  endfacet
  facet normal 0 0 -1
    outer loop
      vertex 67.4263 55.0936 0
      vertex 72.5049 56.657 0
      vertex 67.5225 54.9695 0
    endloop
  endfacet
  facet normal -0 0 -1
    outer loop
      vertex 72.5049 56.657 0
      vertex 67.4263 55.0936 0
      vertex 72.5197 56.8133 0
    endloop
  endfacet
  facet normal 0 0 -1
    outer loop
      vertex 67.3224 55.2114 0
      vertex 72.5197 56.8133 0
      vertex 67.4263 55.0936 0
    endloop
  endfacet
  facet normal -0 0 -1
    outer loop
      vertex 72.5197 56.8133 0
      vertex 67.3224 55.2114 0
      vertex 72.5443 56.9685 0
    endloop
  endfacet
  facet normal 0 0 -1
    outer loop
      vertex 67.2114 55.3224 0
      vertex 72.5443 56.9685 0
      vertex 67.3224 55.2114 0
    endloop
  endfacet
  facet normal -0 0 -1
    outer loop
      vertex 72.5443 56.9685 0
      vertex 67.2114 55.3224 0
      vertex 72.5785 57.1217 0
    endloop
  endfacet
  facet normal 0 0 -1
    outer loop
      vertex 67.0936 55.4263 0
      vertex 72.5785 57.1217 0
      vertex 67.2114 55.3224 0
    endloop
  endfacet
  facet normal -0 0 -1
    outer loop
      vertex 72.5785 57.1217 0
      vertex 67.0936 55.4263 0
      vertex 72.6224 57.2725 0
    endloop
  endfacet
  facet normal 0 0 -1
    outer loop
      vertex 66.9695 55.5225 0
      vertex 72.6224 57.2725 0
      vertex 67.0936 55.4263 0
    endloop
  endfacet
  facet normal -0 0 -1
    outer loop
      vertex 72.6224 57.2725 0
      vertex 66.9695 55.5225 0
      vertex 72.6756 57.4203 0
    endloop
  endfacet
  facet normal 0 0 -1
    outer loop
      vertex 66.8396 55.6108 0
      vertex 72.6756 57.4203 0
      vertex 66.9695 55.5225 0
    endloop
  endfacet
  facet normal -0 0 -1
    outer loop
      vertex 72.6756 57.4203 0
      vertex 66.8396 55.6108 0
      vertex 72.7379 57.5644 0
    endloop
  endfacet
  facet normal 0 0 -1
    outer loop
      vertex 66.7044 55.6908 0
      vertex 72.7379 57.5644 0
      vertex 66.8396 55.6108 0
    endloop
  endfacet
  facet normal -0 0 -1
    outer loop
      vertex 72.7379 57.5644 0
      vertex 66.7044 55.6908 0
      vertex 72.8092 57.7044 0
    endloop
  endfacet
  facet normal 0 0 -1
    outer loop
      vertex 66.5644 55.7621 0
      vertex 72.8092 57.7044 0
      vertex 66.7044 55.6908 0
    endloop
  endfacet
  facet normal -0 0 -1
    outer loop
      vertex 72.8092 57.7044 0
      vertex 66.5644 55.7621 0
      vertex 72.8892 57.8396 0
    endloop
  endfacet
  facet normal 0 0 -1
    outer loop
      vertex 66.4203 55.8244 0
      vertex 72.8892 57.8396 0
      vertex 66.5644 55.7621 0
    endloop
  endfacet
  facet normal -0 0 -1
    outer loop
      vertex 72.8892 57.8396 0
      vertex 66.4203 55.8244 0
      vertex 72.9775 57.9695 0
    endloop
  endfacet
  facet normal 0 0 -1
    outer loop
      vertex 66.2725 55.8776 0
      vertex 72.9775 57.9695 0
      vertex 66.4203 55.8244 0
    endloop
  endfacet
  facet normal -0 0 -1
    outer loop
      vertex 72.9775 57.9695 0
      vertex 66.2725 55.8776 0
      vertex 73.0737 58.0936 0
    endloop
  endfacet
  facet normal 0 0 -1
    outer loop
      vertex 66.1217 55.9215 0
      vertex 73.0737 58.0936 0
      vertex 66.2725 55.8776 0
    endloop
  endfacet
  facet normal -0 0 -1
    outer loop
      vertex 73.0737 58.0936 0
      vertex 66.1217 55.9215 0
      vertex 73.1776 58.2114 0
    endloop
  endfacet
  facet normal 0 0 -1
    outer loop
      vertex 65.9685 55.9557 0
      vertex 73.1776 58.2114 0
      vertex 66.1217 55.9215 0
    endloop
  endfacet
  facet normal -0 0 -1
    outer loop
      vertex 73.1776 58.2114 0
      vertex 65.9685 55.9557 0
      vertex 73.2886 58.3224 0
    endloop
  endfacet
  facet normal 0 0 -1
    outer loop
      vertex 65.8133 55.9803 0
      vertex 73.2886 58.3224 0
      vertex 65.9685 55.9557 0
    endloop
  endfacet
  facet normal -0 0 -1
    outer loop
      vertex 73.2886 58.3224 0
      vertex 65.8133 55.9803 0
      vertex 73.4064 58.4263 0
    endloop
  endfacet
  facet normal 0 0 -1
    outer loop
      vertex 65.657 55.9951 0
      vertex 73.4064 58.4263 0
      vertex 65.8133 55.9803 0
    endloop
  endfacet
  facet normal -0 0 -1
    outer loop
      vertex 73.4064 58.4263 0
      vertex 65.657 55.9951 0
      vertex 73.5305 58.5225 0
    endloop
  endfacet
  facet normal 0 0 -1
    outer loop
      vertex 65.5 56 0
      vertex 73.5305 58.5225 0
      vertex 65.657 55.9951 0
    endloop
  endfacet
  facet normal -0 0 -1
    outer loop
      vertex 73.5305 58.5225 0
      vertex 65.5 56 0
      vertex 73.6604 58.6108 0
    endloop
  endfacet
  facet normal 0 0 -1
    outer loop
      vertex 65.343 55.9951 0
      vertex 73.6604 58.6108 0
      vertex 65.5 56 0
    endloop
  endfacet
  facet normal -0 0 -1
    outer loop
      vertex 73.6604 58.6108 0
      vertex 65.343 55.9951 0
      vertex 73.7956 58.6908 0
    endloop
  endfacet
  facet normal 0 0 -1
    outer loop
      vertex 65.1867 55.9803 0
      vertex 73.7956 58.6908 0
      vertex 65.343 55.9951 0
    endloop
  endfacet
  facet normal -0 0 -1
    outer loop
      vertex 73.7956 58.6908 0
      vertex 65.1867 55.9803 0
      vertex 73.9356 58.7621 0
    endloop
  endfacet
  facet normal 0 0 -1
    outer loop
      vertex 65.0315 55.9557 0
      vertex 73.9356 58.7621 0
      vertex 65.1867 55.9803 0
    endloop
  endfacet
  facet normal 0 0 -1
    outer loop
      vertex 56.157 55.4951 0
      vertex 73.9356 58.7621 0
      vertex 65.0315 55.9557 0
    endloop
  endfacet
  facet normal -0 0 -1
    outer loop
      vertex 73.9356 58.7621 0
      vertex 56.157 55.4951 0
      vertex 74.0797 58.8244 0
    endloop
  endfacet
  facet normal 0 0 -1
    outer loop
      vertex 56.3133 55.4803 0
      vertex 65.0315 55.9557 0
      vertex 64.8783 55.9215 0
    endloop
  endfacet
  facet normal 0 0 -1
    outer loop
      vertex 56.4685 55.4557 0
      vertex 64.8783 55.9215 0
      vertex 64.7275 55.8776 0
    endloop
  endfacet
  facet normal -0 0 -1
    outer loop
      vertex 63.0049 53.343 0
      vertex 58.4951 53.157 0
      vertex 63 53.5 0
    endloop
  endfacet
  facet normal 0 0 -1
    outer loop
      vertex 58.4803 53.3133 0
      vertex 63 53.5 0
      vertex 58.4951 53.157 0
    endloop
  endfacet
  facet normal -0 0 -1
    outer loop
      vertex 63 53.5 0
      vertex 58.4803 53.3133 0
      vertex 63.0049 53.657 0
    endloop
  endfacet
  facet normal 0 0 -1
    outer loop
      vertex 58.4557 53.4685 0
      vertex 63.0049 53.657 0
      vertex 58.4803 53.3133 0
    endloop
  endfacet
  facet normal -0 0 -1
    outer loop
      vertex 63.0049 53.657 0
      vertex 58.4557 53.4685 0
      vertex 63.0197 53.8133 0
    endloop
  endfacet
  facet normal 0 0 -1
    outer loop
      vertex 58.4215 53.6217 0
      vertex 63.0197 53.8133 0
      vertex 58.4557 53.4685 0
    endloop
  endfacet
  facet normal -0 0 -1
    outer loop
      vertex 63.0197 53.8133 0
      vertex 58.4215 53.6217 0
      vertex 63.0443 53.9685 0
    endloop
  endfacet
  facet normal 0 0 -1
    outer loop
      vertex 58.3776 53.7725 0
      vertex 63.0443 53.9685 0
      vertex 58.4215 53.6217 0
    endloop
  endfacet
  facet normal -0 0 -1
    outer loop
      vertex 63.0443 53.9685 0
      vertex 58.3776 53.7725 0
      vertex 63.0785 54.1217 0
    endloop
  endfacet
  facet normal 0 0 -1
    outer loop
      vertex 58.3244 53.9203 0
      vertex 63.0785 54.1217 0
      vertex 58.3776 53.7725 0
    endloop
  endfacet
  facet normal -0 0 -1
    outer loop
      vertex 63.0785 54.1217 0
      vertex 58.3244 53.9203 0
      vertex 63.1224 54.2725 0
    endloop
  endfacet
  facet normal 0 0 -1
    outer loop
      vertex 58.2621 54.0644 0
      vertex 63.1224 54.2725 0
      vertex 58.3244 53.9203 0
    endloop
  endfacet
  facet normal -0 0 -1
    outer loop
      vertex 63.1224 54.2725 0
      vertex 58.2621 54.0644 0
      vertex 63.1756 54.4203 0
    endloop
  endfacet
  facet normal 0 0 -1
    outer loop
      vertex 58.1908 54.2044 0
      vertex 63.1756 54.4203 0
      vertex 58.2621 54.0644 0
    endloop
  endfacet
  facet normal -0 0 -1
    outer loop
      vertex 63.1756 54.4203 0
      vertex 58.1908 54.2044 0
      vertex 63.2379 54.5644 0
    endloop
  endfacet
  facet normal 0 0 -1
    outer loop
      vertex 58.1108 54.3396 0
      vertex 63.2379 54.5644 0
      vertex 58.1908 54.2044 0
    endloop
  endfacet
  facet normal -0 0 -1
    outer loop
      vertex 63.2379 54.5644 0
      vertex 58.1108 54.3396 0
      vertex 63.3092 54.7044 0
    endloop
  endfacet
  facet normal 0 0 -1
    outer loop
      vertex 58.0225 54.4695 0
      vertex 63.3092 54.7044 0
      vertex 58.1108 54.3396 0
    endloop
  endfacet
  facet normal -0 0 -1
    outer loop
      vertex 63.3092 54.7044 0
      vertex 58.0225 54.4695 0
      vertex 63.3892 54.8396 0
    endloop
  endfacet
  facet normal 0 0 -1
    outer loop
      vertex 57.9263 54.5936 0
      vertex 63.3892 54.8396 0
      vertex 58.0225 54.4695 0
    endloop
  endfacet
  facet normal -0 0 -1
    outer loop
      vertex 63.3892 54.8396 0
      vertex 57.9263 54.5936 0
      vertex 63.4775 54.9695 0
    endloop
  endfacet
  facet normal 0 0 -1
    outer loop
      vertex 57.8224 54.7114 0
      vertex 63.4775 54.9695 0
      vertex 57.9263 54.5936 0
    endloop
  endfacet
  facet normal -0 0 -1
    outer loop
      vertex 63.4775 54.9695 0
      vertex 57.8224 54.7114 0
      vertex 63.5737 55.0936 0
    endloop
  endfacet
  facet normal 0 0 -1
    outer loop
      vertex 57.7114 54.8224 0
      vertex 63.5737 55.0936 0
      vertex 57.8224 54.7114 0
    endloop
  endfacet
  facet normal -0 0 -1
    outer loop
      vertex 63.5737 55.0936 0
      vertex 57.7114 54.8224 0
      vertex 63.6776 55.2114 0
    endloop
  endfacet
  facet normal 0 0 -1
    outer loop
      vertex 57.5936 54.9263 0
      vertex 63.6776 55.2114 0
      vertex 57.7114 54.8224 0
    endloop
  endfacet
  facet normal -0 0 -1
    outer loop
      vertex 63.6776 55.2114 0
      vertex 57.5936 54.9263 0
      vertex 63.7886 55.3224 0
    endloop
  endfacet
  facet normal 0 0 -1
    outer loop
      vertex 57.4695 55.0225 0
      vertex 63.7886 55.3224 0
      vertex 57.5936 54.9263 0
    endloop
  endfacet
  facet normal -0 0 -1
    outer loop
      vertex 63.7886 55.3224 0
      vertex 57.4695 55.0225 0
      vertex 63.9064 55.4263 0
    endloop
  endfacet
  facet normal 0 0 -1
    outer loop
      vertex 57.3396 55.1108 0
      vertex 63.9064 55.4263 0
      vertex 57.4695 55.0225 0
    endloop
  endfacet
  facet normal -0 0 -1
    outer loop
      vertex 63.9064 55.4263 0
      vertex 57.3396 55.1108 0
      vertex 64.0305 55.5225 0
    endloop
  endfacet
  facet normal 0 0 -1
    outer loop
      vertex 57.2044 55.1908 0
      vertex 64.0305 55.5225 0
      vertex 57.3396 55.1108 0
    endloop
  endfacet
  facet normal -0 0 -1
    outer loop
      vertex 64.0305 55.5225 0
      vertex 57.2044 55.1908 0
      vertex 64.1604 55.6108 0
    endloop
  endfacet
  facet normal 0 0 -1
    outer loop
      vertex 57.0644 55.2621 0
      vertex 64.1604 55.6108 0
      vertex 57.2044 55.1908 0
    endloop
  endfacet
  facet normal -0 0 -1
    outer loop
      vertex 64.1604 55.6108 0
      vertex 57.0644 55.2621 0
      vertex 64.2956 55.6908 0
    endloop
  endfacet
  facet normal 0 0 -1
    outer loop
      vertex 56.9203 55.3244 0
      vertex 64.2956 55.6908 0
      vertex 57.0644 55.2621 0
    endloop
  endfacet
  facet normal -0 0 -1
    outer loop
      vertex 64.2956 55.6908 0
      vertex 56.9203 55.3244 0
      vertex 64.4356 55.7621 0
    endloop
  endfacet
  facet normal 0 0 -1
    outer loop
      vertex 56.7725 55.3776 0
      vertex 64.4356 55.7621 0
      vertex 56.9203 55.3244 0
    endloop
  endfacet
  facet normal -0 0 -1
    outer loop
      vertex 64.4356 55.7621 0
      vertex 56.7725 55.3776 0
      vertex 64.5797 55.8244 0
    endloop
  endfacet
  facet normal 0 0 -1
    outer loop
      vertex 56.6217 55.4215 0
      vertex 64.5797 55.8244 0
      vertex 56.7725 55.3776 0
    endloop
  endfacet
  facet normal -0 0 -1
    outer loop
      vertex 64.5797 55.8244 0
      vertex 56.6217 55.4215 0
      vertex 64.7275 55.8776 0
    endloop
  endfacet
  facet normal 0 0 -1
    outer loop
      vertex 56.4685 55.4557 0
      vertex 64.7275 55.8776 0
      vertex 56.6217 55.4215 0
    endloop
  endfacet
  facet normal 0 0 -1
    outer loop
      vertex 64.8783 55.9215 0
      vertex 56.4685 55.4557 0
      vertex 56.3133 55.4803 0
    endloop
  endfacet
  facet normal 0 0 -1
    outer loop
      vertex 65.0315 55.9557 0
      vertex 56.3133 55.4803 0
      vertex 56.157 55.4951 0
    endloop
  endfacet
  facet normal 0 0 -1
    outer loop
      vertex 56 55.5 0
      vertex 74.0797 58.8244 0
      vertex 56.157 55.4951 0
    endloop
  endfacet
  facet normal -0 0 -1
    outer loop
      vertex 74.0797 58.8244 0
      vertex 56 55.5 0
      vertex 74.2275 58.8776 0
    endloop
  endfacet
  facet normal 0 0 -1
    outer loop
      vertex 55.843 55.4951 0
      vertex 74.2275 58.8776 0
      vertex 56 55.5 0
    endloop
  endfacet
  facet normal -0 0 -1
    outer loop
      vertex 74.2275 58.8776 0
      vertex 55.843 55.4951 0
      vertex 74.3783 58.9215 0
    endloop
  endfacet
  facet normal 0 0 -1
    outer loop
      vertex 0 64 0
      vertex 74.3783 58.9215 0
      vertex 55.843 55.4951 0
    endloop
  endfacet
  facet normal 0 0 -1
    outer loop
      vertex 0 64 0
      vertex 55.843 55.4951 0
      vertex 55.6867 55.4803 0
    endloop
  endfacet
  facet normal 0 0 -1
    outer loop
      vertex 0 64 0
      vertex 55.6867 55.4803 0
      vertex 55.5315 55.4557 0
    endloop
  endfacet
  facet normal 0 0 -1
    outer loop
      vertex 0 64 0
      vertex 55.5315 55.4557 0
      vertex 55.3783 55.4215 0
    endloop
  endfacet
  facet normal 0 0 -1
    outer loop
      vertex 12 42 0
      vertex 53.5049 53.157 0
      vertex 53.5 53 0
    endloop
  endfacet
  facet normal 0 0 -1
    outer loop
      vertex 12 42 0
      vertex 53.5197 53.3133 0
      vertex 53.5049 53.157 0
    endloop
  endfacet
  facet normal 0 0 -1
    outer loop
      vertex 12 42 0
      vertex 53.5443 53.4685 0
      vertex 53.5197 53.3133 0
    endloop
  endfacet
  facet normal 0 0 -1
    outer loop
      vertex 12 42 0
      vertex 53.5785 53.6217 0
      vertex 53.5443 53.4685 0
    endloop
  endfacet
  facet normal 0 0 -1
    outer loop
      vertex 12 42 0
      vertex 53.6224 53.7725 0
      vertex 53.5785 53.6217 0
    endloop
  endfacet
  facet normal 0 0 -1
    outer loop
      vertex 12 42 0
      vertex 53.6756 53.9203 0
      vertex 53.6224 53.7725 0
    endloop
  endfacet
  facet normal 0 0 -1
    outer loop
      vertex 12 42 0
      vertex 53.7379 54.0644 0
      vertex 53.6756 53.9203 0
    endloop
  endfacet
  facet normal 0 0 -1
    outer loop
      vertex 0 64 0
      vertex 53.7379 54.0644 0
      vertex 12 42 0
    endloop
  endfacet
  facet normal 0 0 -1
    outer loop
      vertex 53.7379 54.0644 0
      vertex 0 64 0
      vertex 53.8092 54.2044 0
    endloop
  endfacet
  facet normal 0 0 -1
    outer loop
      vertex 53.8092 54.2044 0
      vertex 0 64 0
      vertex 53.8892 54.3396 0
    endloop
  endfacet
  facet normal 0 0 -1
    outer loop
      vertex 53.8892 54.3396 0
      vertex 0 64 0
      vertex 53.9775 54.4695 0
    endloop
  endfacet
  facet normal 0 0 -1
    outer loop
      vertex 53.9775 54.4695 0
      vertex 0 64 0
      vertex 54.0737 54.5936 0
    endloop
  endfacet
  facet normal 0 0 -1
    outer loop
      vertex 54.0737 54.5936 0
      vertex 0 64 0
      vertex 54.1776 54.7114 0
    endloop
  endfacet
  facet normal 0 0 -1
    outer loop
      vertex 54.1776 54.7114 0
      vertex 0 64 0
      vertex 54.2886 54.8224 0
    endloop
  endfacet
  facet normal 0 0 -1
    outer loop
      vertex 54.2886 54.8224 0
      vertex 0 64 0
      vertex 54.4064 54.9263 0
    endloop
  endfacet
  facet normal 0 0 -1
    outer loop
      vertex 54.4064 54.9263 0
      vertex 0 64 0
      vertex 54.5305 55.0225 0
    endloop
  endfacet
  facet normal 0 0 -1
    outer loop
      vertex 54.5305 55.0225 0
      vertex 0 64 0
      vertex 54.6604 55.1108 0
    endloop
  endfacet
  facet normal 0 0 -1
    outer loop
      vertex 54.6604 55.1108 0
      vertex 0 64 0
      vertex 54.7956 55.1908 0
    endloop
  endfacet
  facet normal 0 0 -1
    outer loop
      vertex 54.7956 55.1908 0
      vertex 0 64 0
      vertex 54.9356 55.2621 0
    endloop
  endfacet
  facet normal 0 0 -1
    outer loop
      vertex 54.9356 55.2621 0
      vertex 0 64 0
      vertex 55.0797 55.3244 0
    endloop
  endfacet
  facet normal 0 0 -1
    outer loop
      vertex 74.5315 58.9557 0
      vertex 0 64 0
      vertex 93 64 0
    endloop
  endfacet
  facet normal 0 0 -1
    outer loop
      vertex 55.2275 55.3776 0
      vertex 0 64 0
      vertex 55.3783 55.4215 0
    endloop
  endfacet
  facet normal 0 0 -1
    outer loop
      vertex 55.0797 55.3244 0
      vertex 0 64 0
      vertex 55.2275 55.3776 0
    endloop
  endfacet
  facet normal 0 0 -1
    outer loop
      vertex 0 64 0
      vertex 12 42 0
      vertex 0 0 0
    endloop
  endfacet
  facet normal 0 -1 0
    outer loop
      vertex 0 0 0
      vertex 93 0 45
      vertex 0 0 45
    endloop
  endfacet
  facet normal 0 -1 -0
    outer loop
      vertex 93 0 45
      vertex 0 0 0
      vertex 93 0 0
    endloop
  endfacet
  facet normal 1 0 0
    outer loop
      vertex 2 62 45
      vertex 2 58 23
      vertex 2 62 2
    endloop
  endfacet
  facet normal 1 0 0
    outer loop
      vertex 2 62 45
      vertex 2 57.9921 23.2512
      vertex 2 58 23
    endloop
  endfacet
  facet normal 1 0 0
    outer loop
      vertex 2 62 45
      vertex 2 57.9685 23.5013
      vertex 2 57.9921 23.2512
    endloop
  endfacet
  facet normal 1 0 0
    outer loop
      vertex 2 62 45
      vertex 2 57.9291 23.7495
      vertex 2 57.9685 23.5013
    endloop
  endfacet
  facet normal 1 0 0
    outer loop
      vertex 2 62 45
      vertex 2 57.8743 23.9948
      vertex 2 57.9291 23.7495
    endloop
  endfacet
  facet normal 1 0 0
    outer loop
      vertex 2 62 45
      vertex 2 57.8042 24.2361
      vertex 2 57.8743 23.9948
    endloop
  endfacet
  facet normal 1 0 0
    outer loop
      vertex 2 62 45
      vertex 2 57.7191 24.4725
      vertex 2 57.8042 24.2361
    endloop
  endfacet
  facet normal 1 0 0
    outer loop
      vertex 2 62 45
      vertex 2 57.6193 24.7031
      vertex 2 57.7191 24.4725
    endloop
  endfacet
  facet normal 1 0 0
    outer loop
      vertex 2 62 45
      vertex 2 57.5052 24.927
      vertex 2 57.6193 24.7031
    endloop
  endfacet
  facet normal 1 0 0
    outer loop
      vertex 2 62 45
      vertex 2 57.3773 25.1433
      vertex 2 57.5052 24.927
    endloop
  endfacet
  facet normal 1 0 0
    outer loop
      vertex 2 62 45
      vertex 2 57.2361 25.3511
      vertex 2 57.3773 25.1433
    endloop
  endfacet
  facet normal 1 0 0
    outer loop
      vertex 2 62 45
      vertex 2 57.0821 25.5497
      vertex 2 57.2361 25.3511
    endloop
  endfacet
  facet normal 1 0 0
    outer loop
      vertex 2 62 45
      vertex 2 56.9159 25.7382
      vertex 2 57.0821 25.5497
    endloop
  endfacet
  facet normal 1 0 0
    outer loop
      vertex 2 62 45
      vertex 2 56.7382 25.9159
      vertex 2 56.9159 25.7382
    endloop
  endfacet
  facet normal 1 0 0
    outer loop
      vertex 2 62 45
      vertex 2 56.5497 26.0821
      vertex 2 56.7382 25.9159
    endloop
  endfacet
  facet normal 1 0 0
    outer loop
      vertex 2 62 45
      vertex 2 56.3511 26.2361
      vertex 2 56.5497 26.0821
    endloop
  endfacet
  facet normal 1 0 0
    outer loop
      vertex 2 62 45
      vertex 2 56.1433 26.3773
      vertex 2 56.3511 26.2361
    endloop
  endfacet
  facet normal 1 0 0
    outer loop
      vertex 2 62 45
      vertex 2 55.927 26.5052
      vertex 2 56.1433 26.3773
    endloop
  endfacet
  facet normal 1 0 0
    outer loop
      vertex 2 62 45
      vertex 2 55.7031 26.6193
      vertex 2 55.927 26.5052
    endloop
  endfacet
  facet normal 1 0 0
    outer loop
      vertex 2 62 45
      vertex 2 55.4725 26.7191
      vertex 2 55.7031 26.6193
    endloop
  endfacet
  facet normal 1 0 0
    outer loop
      vertex 2 62 45
      vertex 2 55.2361 26.8042
      vertex 2 55.4725 26.7191
    endloop
  endfacet
  facet normal 1 0 0
    outer loop
      vertex 2 62 45
      vertex 2 54.9948 26.8743
      vertex 2 55.2361 26.8042
    endloop
  endfacet
  facet normal 1 0 0
    outer loop
      vertex 2 62 45
      vertex 2 54.7495 26.9291
      vertex 2 54.9948 26.8743
    endloop
  endfacet
  facet normal 1 0 0
    outer loop
      vertex 2 62 45
      vertex 2 54.5013 26.9685
      vertex 2 54.7495 26.9291
    endloop
  endfacet
  facet normal 1 0 0
    outer loop
      vertex 2 62 45
      vertex 2 54.2512 26.9921
      vertex 2 54.5013 26.9685
    endloop
  endfacet
  facet normal 1 0 0
    outer loop
      vertex 2 62 45
      vertex 2 54 27
      vertex 2 54.2512 26.9921
    endloop
  endfacet
  facet normal 1 0 0
    outer loop
      vertex 2 62 45
      vertex 2 53.7488 26.9921
      vertex 2 54 27
    endloop
  endfacet
  facet normal 1 0 0
    outer loop
      vertex 2 62 45
      vertex 2 53.4987 26.9685
      vertex 2 53.7488 26.9921
    endloop
  endfacet
  facet normal 1 0 0
    outer loop
      vertex 2 62 45
      vertex 2 53.2505 26.9291
      vertex 2 53.4987 26.9685
    endloop
  endfacet
  facet normal 1 0 0
    outer loop
      vertex 2 62 45
      vertex 2 53.0052 26.8743
      vertex 2 53.2505 26.9291
    endloop
  endfacet
  facet normal 1 0 0
    outer loop
      vertex 2 62 45
      vertex 2 52.7639 26.8042
      vertex 2 53.0052 26.8743
    endloop
  endfacet
  facet normal 1 0 0
    outer loop
      vertex 2 62 45
      vertex 2 52.5275 26.7191
      vertex 2 52.7639 26.8042
    endloop
  endfacet
  facet normal 1 0 0
    outer loop
      vertex 2 62 45
      vertex 2 52.2969 26.6193
      vertex 2 52.5275 26.7191
    endloop
  endfacet
  facet normal 1 0 0
    outer loop
      vertex 2 62 45
      vertex 2 52.073 26.5052
      vertex 2 52.2969 26.6193
    endloop
  endfacet
  facet normal 1 0 0
    outer loop
      vertex 2 62 45
      vertex 2 51.8567 26.3773
      vertex 2 52.073 26.5052
    endloop
  endfacet
  facet normal 1 0 0
    outer loop
      vertex 2 62 45
      vertex 2 51.6489 26.2361
      vertex 2 51.8567 26.3773
    endloop
  endfacet
  facet normal 1 0 0
    outer loop
      vertex 2 62 45
      vertex 2 51.4503 26.0821
      vertex 2 51.6489 26.2361
    endloop
  endfacet
  facet normal 1 -0 0
    outer loop
      vertex 2 2 45
      vertex 2 51.4503 26.0821
      vertex 2 62 45
    endloop
  endfacet
  facet normal 1 0 0
    outer loop
      vertex 2 51.4503 26.0821
      vertex 2 2 45
      vertex 2 51.2618 25.9159
    endloop
  endfacet
  facet normal 1 0 0
    outer loop
      vertex 2 51.2618 25.9159
      vertex 2 2 45
      vertex 2 51.0841 25.7382
    endloop
  endfacet
  facet normal 1 0 0
    outer loop
      vertex 2 51.0841 25.7382
      vertex 2 2 45
      vertex 2 50.9179 25.5497
    endloop
  endfacet
  facet normal 1 0 0
    outer loop
      vertex 2 50.9179 25.5497
      vertex 2 2 45
      vertex 2 50.7639 25.3511
    endloop
  endfacet
  facet normal 1 0 0
    outer loop
      vertex 2 50.7639 25.3511
      vertex 2 2 45
      vertex 2 50.6227 25.1433
    endloop
  endfacet
  facet normal 1 0 0
    outer loop
      vertex 2 50.0079 23.2512
      vertex 2 2 45
      vertex 2 50 23
    endloop
  endfacet
  facet normal 1 0 0
    outer loop
      vertex 2 50.0315 23.5013
      vertex 2 2 45
      vertex 2 50.0079 23.2512
    endloop
  endfacet
  facet normal 1 0 0
    outer loop
      vertex 2 50.0709 23.7495
      vertex 2 2 45
      vertex 2 50.0315 23.5013
    endloop
  endfacet
  facet normal 1 0 0
    outer loop
      vertex 2 50.1257 23.9948
      vertex 2 2 45
      vertex 2 50.0709 23.7495
    endloop
  endfacet
  facet normal 1 0 0
    outer loop
      vertex 2 50.1958 24.2361
      vertex 2 2 45
      vertex 2 50.1257 23.9948
    endloop
  endfacet
  facet normal 1 0 0
    outer loop
      vertex 2 50.2809 24.4725
      vertex 2 2 45
      vertex 2 50.1958 24.2361
    endloop
  endfacet
  facet normal 1 0 0
    outer loop
      vertex 2 50.3807 24.7031
      vertex 2 2 45
      vertex 2 50.2809 24.4725
    endloop
  endfacet
  facet normal 1 0 0
    outer loop
      vertex 2 50.4948 24.927
      vertex 2 2 45
      vertex 2 50.3807 24.7031
    endloop
  endfacet
  facet normal 1 0 0
    outer loop
      vertex 2 50.6227 25.1433
      vertex 2 2 45
      vertex 2 50.4948 24.927
    endloop
  endfacet
  facet normal 1 -0 0
    outer loop
      vertex 2 57.9921 22.7488
      vertex 2 62 2
      vertex 2 58 23
    endloop
  endfacet
  facet normal 1 -0 0
    outer loop
      vertex 2 57.9685 22.4987
      vertex 2 62 2
      vertex 2 57.9921 22.7488
    endloop
  endfacet
  facet normal 1 -0 0
    outer loop
      vertex 2 57.9291 22.2505
      vertex 2 62 2
      vertex 2 57.9685 22.4987
    endloop
  endfacet
  facet normal 1 -0 0
    outer loop
      vertex 2 57.8743 22.0052
      vertex 2 62 2
      vertex 2 57.9291 22.2505
    endloop
  endfacet
  facet normal 1 -0 0
    outer loop
      vertex 2 57.8042 21.7639
      vertex 2 62 2
      vertex 2 57.8743 22.0052
    endloop
  endfacet
  facet normal 1 -0 0
    outer loop
      vertex 2 57.7191 21.5275
      vertex 2 62 2
      vertex 2 57.8042 21.7639
    endloop
  endfacet
  facet normal 1 -0 0
    outer loop
      vertex 2 57.6193 21.2969
      vertex 2 62 2
      vertex 2 57.7191 21.5275
    endloop
  endfacet
  facet normal 1 -0 0
    outer loop
      vertex 2 57.5052 21.073
      vertex 2 62 2
      vertex 2 57.6193 21.2969
    endloop
  endfacet
  facet normal 1 -0 0
    outer loop
      vertex 2 57.3773 20.8567
      vertex 2 62 2
      vertex 2 57.5052 21.073
    endloop
  endfacet
  facet normal 1 -0 0
    outer loop
      vertex 2 57.2361 20.6489
      vertex 2 62 2
      vertex 2 57.3773 20.8567
    endloop
  endfacet
  facet normal 1 -0 0
    outer loop
      vertex 2 57.0821 20.4503
      vertex 2 62 2
      vertex 2 57.2361 20.6489
    endloop
  endfacet
  facet normal 1 -0 0
    outer loop
      vertex 2 56.9159 20.2618
      vertex 2 62 2
      vertex 2 57.0821 20.4503
    endloop
  endfacet
  facet normal 1 -0 0
    outer loop
      vertex 2 56.7382 20.0841
      vertex 2 62 2
      vertex 2 56.9159 20.2618
    endloop
  endfacet
  facet normal 1 -0 0
    outer loop
      vertex 2 56.5497 19.9179
      vertex 2 62 2
      vertex 2 56.7382 20.0841
    endloop
  endfacet
  facet normal 1 -0 0
    outer loop
      vertex 2 56.3511 19.7639
      vertex 2 62 2
      vertex 2 56.5497 19.9179
    endloop
  endfacet
  facet normal 1 -0 0
    outer loop
      vertex 2 56.1433 19.6227
      vertex 2 62 2
      vertex 2 56.3511 19.7639
    endloop
  endfacet
  facet normal 1 -0 0
    outer loop
      vertex 2 55.927 19.4948
      vertex 2 62 2
      vertex 2 56.1433 19.6227
    endloop
  endfacet
  facet normal 1 -0 0
    outer loop
      vertex 2 55.7031 19.3807
      vertex 2 62 2
      vertex 2 55.927 19.4948
    endloop
  endfacet
  facet normal 1 -0 0
    outer loop
      vertex 2 55.4725 19.2809
      vertex 2 62 2
      vertex 2 55.7031 19.3807
    endloop
  endfacet
  facet normal 1 -0 0
    outer loop
      vertex 2 55.2361 19.1958
      vertex 2 62 2
      vertex 2 55.4725 19.2809
    endloop
  endfacet
  facet normal 1 -0 0
    outer loop
      vertex 2 54.9948 19.1257
      vertex 2 62 2
      vertex 2 55.2361 19.1958
    endloop
  endfacet
  facet normal 1 -0 0
    outer loop
      vertex 2 54.7495 19.0709
      vertex 2 62 2
      vertex 2 54.9948 19.1257
    endloop
  endfacet
  facet normal 1 -0 0
    outer loop
      vertex 2 54.5013 19.0315
      vertex 2 62 2
      vertex 2 54.7495 19.0709
    endloop
  endfacet
  facet normal 1 -0 0
    outer loop
      vertex 2 54.2512 19.0079
      vertex 2 62 2
      vertex 2 54.5013 19.0315
    endloop
  endfacet
  facet normal 1 -0 0
    outer loop
      vertex 2 54 19
      vertex 2 62 2
      vertex 2 54.2512 19.0079
    endloop
  endfacet
  facet normal 1 0 0
    outer loop
      vertex 2 53.7488 19.0079
      vertex 2 62 2
      vertex 2 54 19
    endloop
  endfacet
  facet normal 1 0 0
    outer loop
      vertex 2 53.4987 19.0315
      vertex 2 62 2
      vertex 2 53.7488 19.0079
    endloop
  endfacet
  facet normal 1 0 0
    outer loop
      vertex 2 53.2505 19.0709
      vertex 2 62 2
      vertex 2 53.4987 19.0315
    endloop
  endfacet
  facet normal 1 0 0
    outer loop
      vertex 2 53.0052 19.1257
      vertex 2 62 2
      vertex 2 53.2505 19.0709
    endloop
  endfacet
  facet normal 1 0 0
    outer loop
      vertex 2 52.7639 19.1958
      vertex 2 62 2
      vertex 2 53.0052 19.1257
    endloop
  endfacet
  facet normal 1 0 0
    outer loop
      vertex 2 52.5275 19.2809
      vertex 2 62 2
      vertex 2 52.7639 19.1958
    endloop
  endfacet
  facet normal 1 0 0
    outer loop
      vertex 2 52.2969 19.3807
      vertex 2 62 2
      vertex 2 52.5275 19.2809
    endloop
  endfacet
  facet normal 1 0 0
    outer loop
      vertex 2 52.073 19.4948
      vertex 2 62 2
      vertex 2 52.2969 19.3807
    endloop
  endfacet
  facet normal 1 0 0
    outer loop
      vertex 2 51.8567 19.6227
      vertex 2 62 2
      vertex 2 52.073 19.4948
    endloop
  endfacet
  facet normal 1 0 0
    outer loop
      vertex 2 51.6489 19.7639
      vertex 2 62 2
      vertex 2 51.8567 19.6227
    endloop
  endfacet
  facet normal 1 0 0
    outer loop
      vertex 2 51.4503 19.9179
      vertex 2 62 2
      vertex 2 51.6489 19.7639
    endloop
  endfacet
  facet normal 1 0 0
    outer loop
      vertex 2 2 2
      vertex 2 51.4503 19.9179
      vertex 2 51.2618 20.0841
    endloop
  endfacet
  facet normal 1 0 0
    outer loop
      vertex 2 2 2
      vertex 2 51.2618 20.0841
      vertex 2 51.0841 20.2618
    endloop
  endfacet
  facet normal 1 0 0
    outer loop
      vertex 2 2 2
      vertex 2 51.0841 20.2618
      vertex 2 50.9179 20.4503
    endloop
  endfacet
  facet normal 1 0 0
    outer loop
      vertex 2 2 2
      vertex 2 50.9179 20.4503
      vertex 2 50.7639 20.6489
    endloop
  endfacet
  facet normal 1 0 0
    outer loop
      vertex 2 2 2
      vertex 2 50.7639 20.6489
      vertex 2 50.6227 20.8567
    endloop
  endfacet
  facet normal 1 0 0
    outer loop
      vertex 2 2 2
      vertex 2 50 23
      vertex 2 2 45
    endloop
  endfacet
  facet normal 1 0 0
    outer loop
      vertex 2 50 23
      vertex 2 2 2
      vertex 2 50.0079 22.7488
    endloop
  endfacet
  facet normal 1 0 0
    outer loop
      vertex 2 50.0079 22.7488
      vertex 2 2 2
      vertex 2 50.0315 22.4987
    endloop
  endfacet
  facet normal 1 0 0
    outer loop
      vertex 2 50.0315 22.4987
      vertex 2 2 2
      vertex 2 50.0709 22.2505
    endloop
  endfacet
  facet normal 1 0 0
    outer loop
      vertex 2 50.0709 22.2505
      vertex 2 2 2
      vertex 2 50.1257 22.0052
    endloop
  endfacet
  facet normal 1 0 0
    outer loop
      vertex 2 50.1257 22.0052
      vertex 2 2 2
      vertex 2 50.1958 21.7639
    endloop
  endfacet
  facet normal 1 0 0
    outer loop
      vertex 2 50.1958 21.7639
      vertex 2 2 2
      vertex 2 50.2809 21.5275
    endloop
  endfacet
  facet normal 1 0 0
    outer loop
      vertex 2 50.2809 21.5275
      vertex 2 2 2
      vertex 2 50.3807 21.2969
    endloop
  endfacet
  facet normal 1 0 0
    outer loop
      vertex 2 50.3807 21.2969
      vertex 2 2 2
      vertex 2 50.4948 21.073
    endloop
  endfacet
  facet normal 1 0 0
    outer loop
      vertex 2 50.4948 21.073
      vertex 2 2 2
      vertex 2 50.6227 20.8567
    endloop
  endfacet
  facet normal 1 0 0
    outer loop
      vertex 2 51.4503 19.9179
      vertex 2 2 2
      vertex 2 62 2
    endloop
  endfacet
  facet normal -1 0 0
    outer loop
      vertex 91 31.6 14.02
      vertex 91 62 2
      vertex 91 31.6 13.52
    endloop
  endfacet
  facet normal -1 0 0
    outer loop
      vertex 91 2 2
      vertex 91 31.6 13.52
      vertex 91 62 2
    endloop
  endfacet
  facet normal -1 0 0
    outer loop
      vertex 91 31.1 13.52
      vertex 91 29.06 13.52
      vertex 91 31.1 14.02
    endloop
  endfacet
  facet normal -1 -0 0
    outer loop
      vertex 91 31.6 13.52
      vertex 91 2 2
      vertex 91 31.1 13.52
    endloop
  endfacet
  facet normal -1 -0 0
    outer loop
      vertex 91 31.1 13.52
      vertex 91 2 2
      vertex 91 29.06 13.52
    endloop
  endfacet
  facet normal -1 0 0
    outer loop
      vertex 91 28.56 13.52
      vertex 91 26.52 13.52
      vertex 91 28.56 14.02
    endloop
  endfacet
  facet normal -1 -0 0
    outer loop
      vertex 91 29.06 13.52
      vertex 91 2 2
      vertex 91 28.56 13.52
    endloop
  endfacet
  facet normal -1 -0 0
    outer loop
      vertex 91 28.56 13.52
      vertex 91 2 2
      vertex 91 26.52 13.52
    endloop
  endfacet
  facet normal -1 -0 0
    outer loop
      vertex 91 26.02 13.52
      vertex 91 2 2
      vertex 91 26.02 14.02
    endloop
  endfacet
  facet normal -1 -0 0
    outer loop
      vertex 91 26.52 13.52
      vertex 91 2 2
      vertex 91 26.02 13.52
    endloop
  endfacet
  facet normal -1 0 0
    outer loop
      vertex 91 62 2
      vertex 91 31.6 14.02
      vertex 91 62 45
    endloop
  endfacet
  facet normal -1 0 0
    outer loop
      vertex 91 2 45
      vertex 91 31.6 14.02
      vertex 91 31.1 14.02
    endloop
  endfacet
  facet normal -1 0 0
    outer loop
      vertex 91 29.06 14.02
      vertex 91 31.1 14.02
      vertex 91 29.06 13.52
    endloop
  endfacet
  facet normal -1 0 0
    outer loop
      vertex 91 2 45
      vertex 91 31.1 14.02
      vertex 91 29.06 14.02
    endloop
  endfacet
  facet normal -1 0 0
    outer loop
      vertex 91 2 45
      vertex 91 29.06 14.02
      vertex 91 28.56 14.02
    endloop
  endfacet
  facet normal -1 0 0
    outer loop
      vertex 91 26.52 14.02
      vertex 91 28.56 14.02
      vertex 91 26.52 13.52
    endloop
  endfacet
  facet normal -1 0 0
    outer loop
      vertex 91 2 45
      vertex 91 28.56 14.02
      vertex 91 26.52 14.02
    endloop
  endfacet
  facet normal -1 0 0
    outer loop
      vertex 91 2 45
      vertex 91 26.52 14.02
      vertex 91 26.02 14.02
    endloop
  endfacet
  facet normal -1 0 0
    outer loop
      vertex 91 2 45
      vertex 91 26.02 14.02
      vertex 91 2 2
    endloop
  endfacet
  facet normal -1 0 0
    outer loop
      vertex 91 31.6 14.02
      vertex 91 2 45
      vertex 91 62 45
    endloop
  endfacet
  facet normal 0 -1 0
    outer loop
      vertex 2 62 2
      vertex 91 62 45
      vertex 2 62 45
    endloop
  endfacet
  facet normal 0 -1 -0
    outer loop
      vertex 91 62 45
      vertex 2 62 2
      vertex 91 62 2
    endloop
  endfacet
  facet normal 0 0 1
    outer loop
      vertex 10.497 13.0942 2
      vertex 10.497 12.9058 2
      vertex 10.5 13 2
    endloop
  endfacet
  facet normal 0 0 1
    outer loop
      vertex 10.4882 13.188 2
      vertex 10.497 12.9058 2
      vertex 10.497 13.0942 2
    endloop
  endfacet
  facet normal 0 0 1
    outer loop
      vertex 10.4882 13.188 2
      vertex 10.4882 12.812 2
      vertex 10.497 12.9058 2
    endloop
  endfacet
  facet normal 0 0 1
    outer loop
      vertex 10.4734 13.2811 2
      vertex 10.4882 12.812 2
      vertex 10.4882 13.188 2
    endloop
  endfacet
  facet normal 0 0 1
    outer loop
      vertex 10.4734 13.2811 2
      vertex 10.4734 12.7189 2
      vertex 10.4882 12.812 2
    endloop
  endfacet
  facet normal 0 0 1
    outer loop
      vertex 10.4529 13.373 2
      vertex 10.4734 12.7189 2
      vertex 10.4734 13.2811 2
    endloop
  endfacet
  facet normal 0 0 1
    outer loop
      vertex 10.4529 13.373 2
      vertex 10.4529 12.627 2
      vertex 10.4734 12.7189 2
    endloop
  endfacet
  facet normal 0 0 1
    outer loop
      vertex 10.4266 13.4635 2
      vertex 10.4529 12.627 2
      vertex 10.4529 13.373 2
    endloop
  endfacet
  facet normal 0 0 1
    outer loop
      vertex 10.4266 13.4635 2
      vertex 10.4266 12.5365 2
      vertex 10.4529 12.627 2
    endloop
  endfacet
  facet normal 0 0 1
    outer loop
      vertex 10.3947 13.5522 2
      vertex 10.4266 12.5365 2
      vertex 10.4266 13.4635 2
    endloop
  endfacet
  facet normal 0 0 1
    outer loop
      vertex 10.3947 13.5522 2
      vertex 10.3947 12.4478 2
      vertex 10.4266 12.5365 2
    endloop
  endfacet
  facet normal 0 0 1
    outer loop
      vertex 10.3572 13.6387 2
      vertex 10.3947 12.4478 2
      vertex 10.3947 13.5522 2
    endloop
  endfacet
  facet normal 0 0 1
    outer loop
      vertex 10.3572 13.6387 2
      vertex 10.3572 12.3613 2
      vertex 10.3947 12.4478 2
    endloop
  endfacet
  facet normal 0 0 1
    outer loop
      vertex 10.3145 13.7226 2
      vertex 10.3572 12.3613 2
      vertex 10.3572 13.6387 2
    endloop
  endfacet
  facet normal 0 0 1
    outer loop
      vertex 10.3145 13.7226 2
      vertex 10.3145 12.2774 2
      vertex 10.3572 12.3613 2
    endloop
  endfacet
  facet normal 0 0 1
    outer loop
      vertex 10.2665 13.8037 2
      vertex 10.3145 12.2774 2
      vertex 10.3145 13.7226 2
    endloop
  endfacet
  facet normal 0 0 1
    outer loop
      vertex 10.2665 13.8037 2
      vertex 10.2665 12.1963 2
      vertex 10.3145 12.2774 2
    endloop
  endfacet
  facet normal 0 0 1
    outer loop
      vertex 10.2135 13.8817 2
      vertex 10.2665 12.1963 2
      vertex 10.2665 13.8037 2
    endloop
  endfacet
  facet normal 0 0 1
    outer loop
      vertex 10.2135 13.8817 2
      vertex 10.2135 12.1183 2
      vertex 10.2665 12.1963 2
    endloop
  endfacet
  facet normal 0 0 1
    outer loop
      vertex 10.1558 13.9561 2
      vertex 10.2135 12.1183 2
      vertex 10.2135 13.8817 2
    endloop
  endfacet
  facet normal 0 0 1
    outer loop
      vertex 10.1558 13.9561 2
      vertex 10.1558 12.0439 2
      vertex 10.2135 12.1183 2
    endloop
  endfacet
  facet normal 0 0 1
    outer loop
      vertex 10.0935 14.0268 2
      vertex 10.1558 12.0439 2
      vertex 10.1558 13.9561 2
    endloop
  endfacet
  facet normal 0 0 1
    outer loop
      vertex 10.0935 14.0268 2
      vertex 10.0935 11.9732 2
      vertex 10.1558 12.0439 2
    endloop
  endfacet
  facet normal 0 0 1
    outer loop
      vertex 10.0268 14.0935 2
      vertex 10.0935 11.9732 2
      vertex 10.0935 14.0268 2
    endloop
  endfacet
  facet normal 0 0 1
    outer loop
      vertex 10.0268 14.0935 2
      vertex 10.0268 11.9065 2
      vertex 10.0935 11.9732 2
    endloop
  endfacet
  facet normal 0 0 1
    outer loop
      vertex 9.95614 14.1558 2
      vertex 10.0268 11.9065 2
      vertex 10.0268 14.0935 2
    endloop
  endfacet
  facet normal 0 0 1
    outer loop
      vertex 9.95614 14.1558 2
      vertex 9.95614 11.8442 2
      vertex 10.0268 11.9065 2
    endloop
  endfacet
  facet normal 0 0 1
    outer loop
      vertex 9.88168 14.2135 2
      vertex 9.95614 11.8442 2
      vertex 9.95614 14.1558 2
    endloop
  endfacet
  facet normal 0 0 1
    outer loop
      vertex 9.88168 14.2135 2
      vertex 9.88168 11.7865 2
      vertex 9.95614 11.8442 2
    endloop
  endfacet
  facet normal 0 0 1
    outer loop
      vertex 9.80374 14.2665 2
      vertex 9.88168 11.7865 2
      vertex 9.88168 14.2135 2
    endloop
  endfacet
  facet normal 0 0 1
    outer loop
      vertex 9.80374 14.2665 2
      vertex 9.80374 11.7335 2
      vertex 9.88168 11.7865 2
    endloop
  endfacet
  facet normal 0 0 1
    outer loop
      vertex 9.72263 14.3145 2
      vertex 9.80374 11.7335 2
      vertex 9.80374 14.2665 2
    endloop
  endfacet
  facet normal 0 0 1
    outer loop
      vertex 9.72263 14.3145 2
      vertex 9.72263 11.6855 2
      vertex 9.80374 11.7335 2
    endloop
  endfacet
  facet normal 0 0 1
    outer loop
      vertex 9.63867 14.3572 2
      vertex 9.72263 11.6855 2
      vertex 9.72263 14.3145 2
    endloop
  endfacet
  facet normal 0 0 1
    outer loop
      vertex 9.63867 14.3572 2
      vertex 9.63867 11.6428 2
      vertex 9.72263 11.6855 2
    endloop
  endfacet
  facet normal 0 0 1
    outer loop
      vertex 9.55219 14.3947 2
      vertex 9.63867 11.6428 2
      vertex 9.63867 14.3572 2
    endloop
  endfacet
  facet normal 0 0 1
    outer loop
      vertex 9.55219 14.3947 2
      vertex 9.55219 11.6053 2
      vertex 9.63867 11.6428 2
    endloop
  endfacet
  facet normal 0 0 1
    outer loop
      vertex 9.46352 14.4266 2
      vertex 9.55219 11.6053 2
      vertex 9.55219 14.3947 2
    endloop
  endfacet
  facet normal 0 0 1
    outer loop
      vertex 9.46352 14.4266 2
      vertex 9.46352 11.5734 2
      vertex 9.55219 11.6053 2
    endloop
  endfacet
  facet normal 0 0 1
    outer loop
      vertex 9.37303 14.4529 2
      vertex 9.46352 11.5734 2
      vertex 9.46352 14.4266 2
    endloop
  endfacet
  facet normal 0 0 1
    outer loop
      vertex 9.37303 14.4529 2
      vertex 9.37303 11.5471 2
      vertex 9.46352 11.5734 2
    endloop
  endfacet
  facet normal 0 0 1
    outer loop
      vertex 9.28107 14.4734 2
      vertex 9.37303 11.5471 2
      vertex 9.37303 14.4529 2
    endloop
  endfacet
  facet normal 0 0 1
    outer loop
      vertex 9.28107 14.4734 2
      vertex 9.28107 11.5266 2
      vertex 9.37303 11.5471 2
    endloop
  endfacet
  facet normal 0 0 1
    outer loop
      vertex 9.188 14.4882 2
      vertex 9.28107 11.5266 2
      vertex 9.28107 14.4734 2
    endloop
  endfacet
  facet normal 0 0 1
    outer loop
      vertex 9.188 14.4882 2
      vertex 9.188 11.5118 2
      vertex 9.28107 11.5266 2
    endloop
  endfacet
  facet normal 0 0 1
    outer loop
      vertex 9.09418 14.497 2
      vertex 9.188 11.5118 2
      vertex 9.188 14.4882 2
    endloop
  endfacet
  facet normal 0 0 1
    outer loop
      vertex 9.09418 14.497 2
      vertex 9.09418 11.503 2
      vertex 9.188 11.5118 2
    endloop
  endfacet
  facet normal 0 0 1
    outer loop
      vertex 9 14.5 2
      vertex 9.09418 11.503 2
      vertex 9.09418 14.497 2
    endloop
  endfacet
  facet normal 0 0 1
    outer loop
      vertex 9 14.5 2
      vertex 9 11.5 2
      vertex 9.09418 11.503 2
    endloop
  endfacet
  facet normal -0 0 1
    outer loop
      vertex 8.90581 14.497 2
      vertex 9 11.5 2
      vertex 9 14.5 2
    endloop
  endfacet
  facet normal 0 0 1
    outer loop
      vertex 8.90581 14.497 2
      vertex 8.90581 11.503 2
      vertex 9 11.5 2
    endloop
  endfacet
  facet normal -0 0 1
    outer loop
      vertex 8.812 14.4882 2
      vertex 8.90581 11.503 2
      vertex 8.90581 14.497 2
    endloop
  endfacet
  facet normal 0 0 1
    outer loop
      vertex 8.812 14.4882 2
      vertex 8.812 11.5118 2
      vertex 8.90581 11.503 2
    endloop
  endfacet
  facet normal -0 0 1
    outer loop
      vertex 8.71893 14.4734 2
      vertex 8.812 11.5118 2
      vertex 8.812 14.4882 2
    endloop
  endfacet
  facet normal 0 0 1
    outer loop
      vertex 8.71893 14.4734 2
      vertex 8.71893 11.5266 2
      vertex 8.812 11.5118 2
    endloop
  endfacet
  facet normal -0 0 1
    outer loop
      vertex 8.62696 14.4529 2
      vertex 8.71893 11.5266 2
      vertex 8.71893 14.4734 2
    endloop
  endfacet
  facet normal 0 0 1
    outer loop
      vertex 8.62696 14.4529 2
      vertex 8.62696 11.5471 2
      vertex 8.71893 11.5266 2
    endloop
  endfacet
  facet normal -0 0 1
    outer loop
      vertex 8.53647 14.4266 2
      vertex 8.62696 11.5471 2
      vertex 8.62696 14.4529 2
    endloop
  endfacet
  facet normal 0 0 1
    outer loop
      vertex 8.53647 14.4266 2
      vertex 8.53647 11.5734 2
      vertex 8.62696 11.5471 2
    endloop
  endfacet
  facet normal -0 0 1
    outer loop
      vertex 8.44781 14.3947 2
      vertex 8.53647 11.5734 2
      vertex 8.53647 14.4266 2
    endloop
  endfacet
  facet normal 0 0 1
    outer loop
      vertex 8.44781 14.3947 2
      vertex 8.44781 11.6053 2
      vertex 8.53647 11.5734 2
    endloop
  endfacet
  facet normal -0 0 1
    outer loop
      vertex 8.36133 14.3572 2
      vertex 8.44781 11.6053 2
      vertex 8.44781 14.3947 2
    endloop
  endfacet
  facet normal 0 0 1
    outer loop
      vertex 8.36133 14.3572 2
      vertex 8.36133 11.6428 2
      vertex 8.44781 11.6053 2
    endloop
  endfacet
  facet normal -0 0 1
    outer loop
      vertex 8.27737 14.3145 2
      vertex 8.36133 11.6428 2
      vertex 8.36133 14.3572 2
    endloop
  endfacet
  facet normal 0 0 1
    outer loop
      vertex 8.27737 14.3145 2
      vertex 8.27737 11.6855 2
      vertex 8.36133 11.6428 2
    endloop
  endfacet
  facet normal -0 0 1
    outer loop
      vertex 8.19626 14.2665 2
      vertex 8.27737 11.6855 2
      vertex 8.27737 14.3145 2
    endloop
  endfacet
  facet normal 0 0 1
    outer loop
      vertex 8.19626 14.2665 2
      vertex 8.19626 11.7335 2
      vertex 8.27737 11.6855 2
    endloop
  endfacet
  facet normal -0 0 1
    outer loop
      vertex 8.11832 14.2135 2
      vertex 8.19626 11.7335 2
      vertex 8.19626 14.2665 2
    endloop
  endfacet
  facet normal 0 0 1
    outer loop
      vertex 8.11832 14.2135 2
      vertex 8.11832 11.7865 2
      vertex 8.19626 11.7335 2
    endloop
  endfacet
  facet normal -0 0 1
    outer loop
      vertex 8.04386 14.1558 2
      vertex 8.11832 11.7865 2
      vertex 8.11832 14.2135 2
    endloop
  endfacet
  facet normal 0 0 1
    outer loop
      vertex 8.04386 14.1558 2
      vertex 8.04386 11.8442 2
      vertex 8.11832 11.7865 2
    endloop
  endfacet
  facet normal -0 0 1
    outer loop
      vertex 7.97318 14.0935 2
      vertex 8.04386 11.8442 2
      vertex 8.04386 14.1558 2
    endloop
  endfacet
  facet normal 0 0 1
    outer loop
      vertex 7.97318 14.0935 2
      vertex 7.97318 11.9065 2
      vertex 8.04386 11.8442 2
    endloop
  endfacet
  facet normal -0 0 1
    outer loop
      vertex 7.90655 14.0268 2
      vertex 7.97318 11.9065 2
      vertex 7.97318 14.0935 2
    endloop
  endfacet
  facet normal 0 0 1
    outer loop
      vertex 7.90655 14.0268 2
      vertex 7.90655 11.9732 2
      vertex 7.97318 11.9065 2
    endloop
  endfacet
  facet normal -0 0 1
    outer loop
      vertex 7.84423 13.9561 2
      vertex 7.90655 11.9732 2
      vertex 7.90655 14.0268 2
    endloop
  endfacet
  facet normal 0 0 1
    outer loop
      vertex 7.84423 13.9561 2
      vertex 7.84423 12.0439 2
      vertex 7.90655 11.9732 2
    endloop
  endfacet
  facet normal -0 0 1
    outer loop
      vertex 7.78647 13.8817 2
      vertex 7.84423 12.0439 2
      vertex 7.84423 13.9561 2
    endloop
  endfacet
  facet normal 0 0 1
    outer loop
      vertex 7.78647 13.8817 2
      vertex 7.78647 12.1183 2
      vertex 7.84423 12.0439 2
    endloop
  endfacet
  facet normal -0 0 1
    outer loop
      vertex 7.73351 13.8037 2
      vertex 7.78647 12.1183 2
      vertex 7.78647 13.8817 2
    endloop
  endfacet
  facet normal 0 0 1
    outer loop
      vertex 7.73351 13.8037 2
      vertex 7.73351 12.1963 2
      vertex 7.78647 12.1183 2
    endloop
  endfacet
  facet normal -0 0 1
    outer loop
      vertex 7.68554 13.7226 2
      vertex 7.73351 12.1963 2
      vertex 7.73351 13.8037 2
    endloop
  endfacet
  facet normal 0 0 1
    outer loop
      vertex 7.68554 13.7226 2
      vertex 7.68554 12.2774 2
      vertex 7.73351 12.1963 2
    endloop
  endfacet
  facet normal -0 0 1
    outer loop
      vertex 7.64276 13.6387 2
      vertex 7.68554 12.2774 2
      vertex 7.68554 13.7226 2
    endloop
  endfacet
  facet normal 0 0 1
    outer loop
      vertex 7.64276 13.6387 2
      vertex 7.64276 12.3613 2
      vertex 7.68554 12.2774 2
    endloop
  endfacet
  facet normal -0 0 1
    outer loop
      vertex 7.60534 13.5522 2
      vertex 7.64276 12.3613 2
      vertex 7.64276 13.6387 2
    endloop
  endfacet
  facet normal 0 0 1
    outer loop
      vertex 7.60534 13.5522 2
      vertex 7.60534 12.4478 2
      vertex 7.64276 12.3613 2
    endloop
  endfacet
  facet normal -0 0 1
    outer loop
      vertex 7.57341 13.4635 2
      vertex 7.60534 12.4478 2
      vertex 7.60534 13.5522 2
    endloop
  endfacet
  facet normal 0 0 1
    outer loop
      vertex 7.57341 13.4635 2
      vertex 7.57341 12.5365 2
      vertex 7.60534 12.4478 2
    endloop
  endfacet
  facet normal -0 0 1
    outer loop
      vertex 7.54712 13.373 2
      vertex 7.57341 12.5365 2
      vertex 7.57341 13.4635 2
    endloop
  endfacet
  facet normal 0 0 1
    outer loop
      vertex 7.54712 13.373 2
      vertex 7.54712 12.627 2
      vertex 7.57341 12.5365 2
    endloop
  endfacet
  facet normal -0 0 1
    outer loop
      vertex 7.52657 13.2811 2
      vertex 7.54712 12.627 2
      vertex 7.54712 13.373 2
    endloop
  endfacet
  facet normal 0 0 1
    outer loop
      vertex 7.52657 13.2811 2
      vertex 7.52657 12.7189 2
      vertex 7.54712 12.627 2
    endloop
  endfacet
  facet normal -0 0 1
    outer loop
      vertex 7.51183 13.188 2
      vertex 7.52657 12.7189 2
      vertex 7.52657 13.2811 2
    endloop
  endfacet
  facet normal 0 0 1
    outer loop
      vertex 7.51183 13.188 2
      vertex 7.51183 12.812 2
      vertex 7.52657 12.7189 2
    endloop
  endfacet
  facet normal -0 0 1
    outer loop
      vertex 7.50296 13.0942 2
      vertex 7.51183 12.812 2
      vertex 7.51183 13.188 2
    endloop
  endfacet
  facet normal 0 0 1
    outer loop
      vertex 7.50296 13.0942 2
      vertex 7.50296 12.9058 2
      vertex 7.51183 12.812 2
    endloop
  endfacet
  facet normal 0 -0 1
    outer loop
      vertex 7.50296 12.9058 2
      vertex 7.50296 13.0942 2
      vertex 7.5 13 2
    endloop
  endfacet
  facet normal 0 0 1
    outer loop
      vertex 10.497 44.0942 2
      vertex 10.497 43.9058 2
      vertex 10.5 44 2
    endloop
  endfacet
  facet normal 0 0 1
    outer loop
      vertex 10.4882 44.188 2
      vertex 10.497 43.9058 2
      vertex 10.497 44.0942 2
    endloop
  endfacet
  facet normal 0 0 1
    outer loop
      vertex 10.4882 44.188 2
      vertex 10.4882 43.812 2
      vertex 10.497 43.9058 2
    endloop
  endfacet
  facet normal 0 0 1
    outer loop
      vertex 10.4734 44.2811 2
      vertex 10.4882 43.812 2
      vertex 10.4882 44.188 2
    endloop
  endfacet
  facet normal 0 0 1
    outer loop
      vertex 10.4734 44.2811 2
      vertex 10.4734 43.7189 2
      vertex 10.4882 43.812 2
    endloop
  endfacet
  facet normal 0 0 1
    outer loop
      vertex 10.4529 44.373 2
      vertex 10.4734 43.7189 2
      vertex 10.4734 44.2811 2
    endloop
  endfacet
  facet normal 0 0 1
    outer loop
      vertex 10.4529 44.373 2
      vertex 10.4529 43.627 2
      vertex 10.4734 43.7189 2
    endloop
  endfacet
  facet normal 0 0 1
    outer loop
      vertex 10.4266 44.4635 2
      vertex 10.4529 43.627 2
      vertex 10.4529 44.373 2
    endloop
  endfacet
  facet normal 0 0 1
    outer loop
      vertex 10.4266 44.4635 2
      vertex 10.4266 43.5365 2
      vertex 10.4529 43.627 2
    endloop
  endfacet
  facet normal 0 0 1
    outer loop
      vertex 10.3947 44.5522 2
      vertex 10.4266 43.5365 2
      vertex 10.4266 44.4635 2
    endloop
  endfacet
  facet normal 0 0 1
    outer loop
      vertex 10.3947 44.5522 2
      vertex 10.3947 43.4478 2
      vertex 10.4266 43.5365 2
    endloop
  endfacet
  facet normal 0 0 1
    outer loop
      vertex 10.3572 44.6387 2
      vertex 10.3947 43.4478 2
      vertex 10.3947 44.5522 2
    endloop
  endfacet
  facet normal 0 0 1
    outer loop
      vertex 10.3572 44.6387 2
      vertex 10.3572 43.3613 2
      vertex 10.3947 43.4478 2
    endloop
  endfacet
  facet normal 0 0 1
    outer loop
      vertex 10.3145 44.7226 2
      vertex 10.3572 43.3613 2
      vertex 10.3572 44.6387 2
    endloop
  endfacet
  facet normal 0 0 1
    outer loop
      vertex 10.3145 44.7226 2
      vertex 10.3145 43.2774 2
      vertex 10.3572 43.3613 2
    endloop
  endfacet
  facet normal 0 0 1
    outer loop
      vertex 10.2665 44.8037 2
      vertex 10.3145 43.2774 2
      vertex 10.3145 44.7226 2
    endloop
  endfacet
  facet normal 0 0 1
    outer loop
      vertex 10.2665 44.8037 2
      vertex 10.2665 43.1963 2
      vertex 10.3145 43.2774 2
    endloop
  endfacet
  facet normal 0 0 1
    outer loop
      vertex 10.2135 44.8817 2
      vertex 10.2665 43.1963 2
      vertex 10.2665 44.8037 2
    endloop
  endfacet
  facet normal 0 0 1
    outer loop
      vertex 10.2135 44.8817 2
      vertex 10.2135 43.1183 2
      vertex 10.2665 43.1963 2
    endloop
  endfacet
  facet normal 0 0 1
    outer loop
      vertex 10.1558 44.9561 2
      vertex 10.2135 43.1183 2
      vertex 10.2135 44.8817 2
    endloop
  endfacet
  facet normal 0 0 1
    outer loop
      vertex 10.1558 44.9561 2
      vertex 10.1558 43.0439 2
      vertex 10.2135 43.1183 2
    endloop
  endfacet
  facet normal 0 0 1
    outer loop
      vertex 10.0935 45.0268 2
      vertex 10.1558 43.0439 2
      vertex 10.1558 44.9561 2
    endloop
  endfacet
  facet normal 0 0 1
    outer loop
      vertex 10.0935 45.0268 2
      vertex 10.0935 42.9732 2
      vertex 10.1558 43.0439 2
    endloop
  endfacet
  facet normal 0 0 1
    outer loop
      vertex 10.0268 45.0935 2
      vertex 10.0935 42.9732 2
      vertex 10.0935 45.0268 2
    endloop
  endfacet
  facet normal 0 0 1
    outer loop
      vertex 10.0268 45.0935 2
      vertex 10.0268 42.9065 2
      vertex 10.0935 42.9732 2
    endloop
  endfacet
  facet normal 0 0 1
    outer loop
      vertex 9.95614 45.1558 2
      vertex 10.0268 42.9065 2
      vertex 10.0268 45.0935 2
    endloop
  endfacet
  facet normal 0 0 1
    outer loop
      vertex 9.95614 45.1558 2
      vertex 9.95614 42.8442 2
      vertex 10.0268 42.9065 2
    endloop
  endfacet
  facet normal 0 0 1
    outer loop
      vertex 9.88168 45.2135 2
      vertex 9.95614 42.8442 2
      vertex 9.95614 45.1558 2
    endloop
  endfacet
  facet normal 0 0 1
    outer loop
      vertex 9.88168 45.2135 2
      vertex 9.88168 42.7865 2
      vertex 9.95614 42.8442 2
    endloop
  endfacet
  facet normal 0 0 1
    outer loop
      vertex 9.80374 45.2665 2
      vertex 9.88168 42.7865 2
      vertex 9.88168 45.2135 2
    endloop
  endfacet
  facet normal 0 0 1
    outer loop
      vertex 9.80374 45.2665 2
      vertex 9.80374 42.7335 2
      vertex 9.88168 42.7865 2
    endloop
  endfacet
  facet normal 0 0 1
    outer loop
      vertex 9.72263 45.3145 2
      vertex 9.80374 42.7335 2
      vertex 9.80374 45.2665 2
    endloop
  endfacet
  facet normal 0 0 1
    outer loop
      vertex 9.72263 45.3145 2
      vertex 9.72263 42.6855 2
      vertex 9.80374 42.7335 2
    endloop
  endfacet
  facet normal 0 0 1
    outer loop
      vertex 9.63867 45.3572 2
      vertex 9.72263 42.6855 2
      vertex 9.72263 45.3145 2
    endloop
  endfacet
  facet normal 0 0 1
    outer loop
      vertex 9.63867 45.3572 2
      vertex 9.63867 42.6428 2
      vertex 9.72263 42.6855 2
    endloop
  endfacet
  facet normal 0 0 1
    outer loop
      vertex 9.55219 45.3947 2
      vertex 9.63867 42.6428 2
      vertex 9.63867 45.3572 2
    endloop
  endfacet
  facet normal 0 0 1
    outer loop
      vertex 9.55219 45.3947 2
      vertex 9.55219 42.6053 2
      vertex 9.63867 42.6428 2
    endloop
  endfacet
  facet normal 0 0 1
    outer loop
      vertex 9.46352 45.4266 2
      vertex 9.55219 42.6053 2
      vertex 9.55219 45.3947 2
    endloop
  endfacet
  facet normal 0 0 1
    outer loop
      vertex 9.46352 45.4266 2
      vertex 9.46352 42.5734 2
      vertex 9.55219 42.6053 2
    endloop
  endfacet
  facet normal 0 0 1
    outer loop
      vertex 9.37303 45.4529 2
      vertex 9.46352 42.5734 2
      vertex 9.46352 45.4266 2
    endloop
  endfacet
  facet normal 0 0 1
    outer loop
      vertex 9.37303 45.4529 2
      vertex 9.37303 42.5471 2
      vertex 9.46352 42.5734 2
    endloop
  endfacet
  facet normal 0 0 1
    outer loop
      vertex 9.28107 45.4734 2
      vertex 9.37303 42.5471 2
      vertex 9.37303 45.4529 2
    endloop
  endfacet
  facet normal 0 0 1
    outer loop
      vertex 9.28107 45.4734 2
      vertex 9.28107 42.5266 2
      vertex 9.37303 42.5471 2
    endloop
  endfacet
  facet normal 0 0 1
    outer loop
      vertex 9.188 45.4882 2
      vertex 9.28107 42.5266 2
      vertex 9.28107 45.4734 2
    endloop
  endfacet
  facet normal 0 0 1
    outer loop
      vertex 9.188 45.4882 2
      vertex 9.188 42.5118 2
      vertex 9.28107 42.5266 2
    endloop
  endfacet
  facet normal 0 0 1
    outer loop
      vertex 9.09418 45.497 2
      vertex 9.188 42.5118 2
      vertex 9.188 45.4882 2
    endloop
  endfacet
  facet normal 0 0 1
    outer loop
      vertex 9.09418 45.497 2
      vertex 9.09418 42.503 2
      vertex 9.188 42.5118 2
    endloop
  endfacet
  facet normal 0 0 1
    outer loop
      vertex 9 45.5 2
      vertex 9.09418 42.503 2
      vertex 9.09418 45.497 2
    endloop
  endfacet
  facet normal 0 0 1
    outer loop
      vertex 9 45.5 2
      vertex 9 42.5 2
      vertex 9.09418 42.503 2
    endloop
  endfacet
  facet normal -0 0 1
    outer loop
      vertex 8.90581 45.497 2
      vertex 9 42.5 2
      vertex 9 45.5 2
    endloop
  endfacet
  facet normal 0 0 1
    outer loop
      vertex 8.90581 45.497 2
      vertex 8.90581 42.503 2
      vertex 9 42.5 2
    endloop
  endfacet
  facet normal -0 0 1
    outer loop
      vertex 8.812 45.4882 2
      vertex 8.90581 42.503 2
      vertex 8.90581 45.497 2
    endloop
  endfacet
  facet normal 0 0 1
    outer loop
      vertex 8.812 45.4882 2
      vertex 8.812 42.5118 2
      vertex 8.90581 42.503 2
    endloop
  endfacet
  facet normal -0 0 1
    outer loop
      vertex 8.71893 45.4734 2
      vertex 8.812 42.5118 2
      vertex 8.812 45.4882 2
    endloop
  endfacet
  facet normal 0 0 1
    outer loop
      vertex 8.71893 45.4734 2
      vertex 8.71893 42.5266 2
      vertex 8.812 42.5118 2
    endloop
  endfacet
  facet normal -0 0 1
    outer loop
      vertex 8.62696 45.4529 2
      vertex 8.71893 42.5266 2
      vertex 8.71893 45.4734 2
    endloop
  endfacet
  facet normal 0 0 1
    outer loop
      vertex 8.62696 45.4529 2
      vertex 8.62696 42.5471 2
      vertex 8.71893 42.5266 2
    endloop
  endfacet
  facet normal -0 0 1
    outer loop
      vertex 8.53647 45.4266 2
      vertex 8.62696 42.5471 2
      vertex 8.62696 45.4529 2
    endloop
  endfacet
  facet normal 0 0 1
    outer loop
      vertex 8.53647 45.4266 2
      vertex 8.53647 42.5734 2
      vertex 8.62696 42.5471 2
    endloop
  endfacet
  facet normal -0 0 1
    outer loop
      vertex 8.44781 45.3947 2
      vertex 8.53647 42.5734 2
      vertex 8.53647 45.4266 2
    endloop
  endfacet
  facet normal 0 0 1
    outer loop
      vertex 8.44781 45.3947 2
      vertex 8.44781 42.6053 2
      vertex 8.53647 42.5734 2
    endloop
  endfacet
  facet normal -0 0 1
    outer loop
      vertex 8.36133 45.3572 2
      vertex 8.44781 42.6053 2
      vertex 8.44781 45.3947 2
    endloop
  endfacet
  facet normal 0 0 1
    outer loop
      vertex 8.36133 45.3572 2
      vertex 8.36133 42.6428 2
      vertex 8.44781 42.6053 2
    endloop
  endfacet
  facet normal -0 0 1
    outer loop
      vertex 8.27737 45.3145 2
      vertex 8.36133 42.6428 2
      vertex 8.36133 45.3572 2
    endloop
  endfacet
  facet normal 0 0 1
    outer loop
      vertex 8.27737 45.3145 2
      vertex 8.27737 42.6855 2
      vertex 8.36133 42.6428 2
    endloop
  endfacet
  facet normal -0 0 1
    outer loop
      vertex 8.19626 45.2665 2
      vertex 8.27737 42.6855 2
      vertex 8.27737 45.3145 2
    endloop
  endfacet
  facet normal 0 0 1
    outer loop
      vertex 8.19626 45.2665 2
      vertex 8.19626 42.7335 2
      vertex 8.27737 42.6855 2
    endloop
  endfacet
  facet normal -0 0 1
    outer loop
      vertex 8.11832 45.2135 2
      vertex 8.19626 42.7335 2
      vertex 8.19626 45.2665 2
    endloop
  endfacet
  facet normal 0 0 1
    outer loop
      vertex 8.11832 45.2135 2
      vertex 8.11832 42.7865 2
      vertex 8.19626 42.7335 2
    endloop
  endfacet
  facet normal -0 0 1
    outer loop
      vertex 8.04386 45.1558 2
      vertex 8.11832 42.7865 2
      vertex 8.11832 45.2135 2
    endloop
  endfacet
  facet normal 0 0 1
    outer loop
      vertex 8.04386 45.1558 2
      vertex 8.04386 42.8442 2
      vertex 8.11832 42.7865 2
    endloop
  endfacet
  facet normal -0 0 1
    outer loop
      vertex 7.97318 45.0935 2
      vertex 8.04386 42.8442 2
      vertex 8.04386 45.1558 2
    endloop
  endfacet
  facet normal 0 0 1
    outer loop
      vertex 7.97318 45.0935 2
      vertex 7.97318 42.9065 2
      vertex 8.04386 42.8442 2
    endloop
  endfacet
  facet normal -0 0 1
    outer loop
      vertex 7.90655 45.0268 2
      vertex 7.97318 42.9065 2
      vertex 7.97318 45.0935 2
    endloop
  endfacet
  facet normal 0 0 1
    outer loop
      vertex 7.90655 45.0268 2
      vertex 7.90655 42.9732 2
      vertex 7.97318 42.9065 2
    endloop
  endfacet
  facet normal -0 0 1
    outer loop
      vertex 7.84423 44.9561 2
      vertex 7.90655 42.9732 2
      vertex 7.90655 45.0268 2
    endloop
  endfacet
  facet normal 0 0 1
    outer loop
      vertex 7.84423 44.9561 2
      vertex 7.84423 43.0439 2
      vertex 7.90655 42.9732 2
    endloop
  endfacet
  facet normal -0 0 1
    outer loop
      vertex 7.78647 44.8817 2
      vertex 7.84423 43.0439 2
      vertex 7.84423 44.9561 2
    endloop
  endfacet
  facet normal 0 0 1
    outer loop
      vertex 7.78647 44.8817 2
      vertex 7.78647 43.1183 2
      vertex 7.84423 43.0439 2
    endloop
  endfacet
  facet normal -0 0 1
    outer loop
      vertex 7.73351 44.8037 2
      vertex 7.78647 43.1183 2
      vertex 7.78647 44.8817 2
    endloop
  endfacet
  facet normal 0 0 1
    outer loop
      vertex 7.73351 44.8037 2
      vertex 7.73351 43.1963 2
      vertex 7.78647 43.1183 2
    endloop
  endfacet
  facet normal -0 0 1
    outer loop
      vertex 7.68554 44.7226 2
      vertex 7.73351 43.1963 2
      vertex 7.73351 44.8037 2
    endloop
  endfacet
  facet normal 0 0 1
    outer loop
      vertex 7.68554 44.7226 2
      vertex 7.68554 43.2774 2
      vertex 7.73351 43.1963 2
    endloop
  endfacet
  facet normal -0 0 1
    outer loop
      vertex 7.64276 44.6387 2
      vertex 7.68554 43.2774 2
      vertex 7.68554 44.7226 2
    endloop
  endfacet
  facet normal 0 0 1
    outer loop
      vertex 7.64276 44.6387 2
      vertex 7.64276 43.3613 2
      vertex 7.68554 43.2774 2
    endloop
  endfacet
  facet normal -0 0 1
    outer loop
      vertex 7.60534 44.5522 2
      vertex 7.64276 43.3613 2
      vertex 7.64276 44.6387 2
    endloop
  endfacet
  facet normal 0 0 1
    outer loop
      vertex 7.60534 44.5522 2
      vertex 7.60534 43.4478 2
      vertex 7.64276 43.3613 2
    endloop
  endfacet
  facet normal -0 0 1
    outer loop
      vertex 7.57341 44.4635 2
      vertex 7.60534 43.4478 2
      vertex 7.60534 44.5522 2
    endloop
  endfacet
  facet normal 0 0 1
    outer loop
      vertex 7.57341 44.4635 2
      vertex 7.57341 43.5365 2
      vertex 7.60534 43.4478 2
    endloop
  endfacet
  facet normal -0 0 1
    outer loop
      vertex 7.54712 44.373 2
      vertex 7.57341 43.5365 2
      vertex 7.57341 44.4635 2
    endloop
  endfacet
  facet normal 0 0 1
    outer loop
      vertex 7.54712 44.373 2
      vertex 7.54712 43.627 2
      vertex 7.57341 43.5365 2
    endloop
  endfacet
  facet normal -0 0 1
    outer loop
      vertex 7.52657 44.2811 2
      vertex 7.54712 43.627 2
      vertex 7.54712 44.373 2
    endloop
  endfacet
  facet normal 0 0 1
    outer loop
      vertex 7.52657 44.2811 2
      vertex 7.52657 43.7189 2
      vertex 7.54712 43.627 2
    endloop
  endfacet
  facet normal -0 0 1
    outer loop
      vertex 7.51183 44.188 2
      vertex 7.52657 43.7189 2
      vertex 7.52657 44.2811 2
    endloop
  endfacet
  facet normal 0 0 1
    outer loop
      vertex 7.51183 44.188 2
      vertex 7.51183 43.812 2
      vertex 7.52657 43.7189 2
    endloop
  endfacet
  facet normal -0 0 1
    outer loop
      vertex 7.50296 44.0942 2
      vertex 7.51183 43.812 2
      vertex 7.51183 44.188 2
    endloop
  endfacet
  facet normal 0 0 1
    outer loop
      vertex 7.50296 44.0942 2
      vertex 7.50296 43.9058 2
      vertex 7.51183 43.812 2
    endloop
  endfacet
  facet normal 0 -0 1
    outer loop
      vertex 7.50296 43.9058 2
      vertex 7.50296 44.0942 2
      vertex 7.5 44 2
    endloop
  endfacet
  facet normal 0 0 1
    outer loop
      vertex 85.497 13.0942 2
      vertex 85.497 12.9058 2
      vertex 85.5 13 2
    endloop
  endfacet
  facet normal 0 0 1
    outer loop
      vertex 85.4882 13.188 2
      vertex 85.497 12.9058 2
      vertex 85.497 13.0942 2
    endloop
  endfacet
  facet normal 0 0 1
    outer loop
      vertex 85.4882 13.188 2
      vertex 85.4882 12.812 2
      vertex 85.497 12.9058 2
    endloop
  endfacet
  facet normal 0 0 1
    outer loop
      vertex 85.4734 13.2811 2
      vertex 85.4882 12.812 2
      vertex 85.4882 13.188 2
    endloop
  endfacet
  facet normal 0 0 1
    outer loop
      vertex 85.4734 13.2811 2
      vertex 85.4734 12.7189 2
      vertex 85.4882 12.812 2
    endloop
  endfacet
  facet normal 0 0 1
    outer loop
      vertex 85.4529 13.373 2
      vertex 85.4734 12.7189 2
      vertex 85.4734 13.2811 2
    endloop
  endfacet
  facet normal 0 0 1
    outer loop
      vertex 85.4529 13.373 2
      vertex 85.4529 12.627 2
      vertex 85.4734 12.7189 2
    endloop
  endfacet
  facet normal 0 0 1
    outer loop
      vertex 85.4266 13.4635 2
      vertex 85.4529 12.627 2
      vertex 85.4529 13.373 2
    endloop
  endfacet
  facet normal 0 0 1
    outer loop
      vertex 85.4266 13.4635 2
      vertex 85.4266 12.5365 2
      vertex 85.4529 12.627 2
    endloop
  endfacet
  facet normal 0 0 1
    outer loop
      vertex 85.3947 13.5522 2
      vertex 85.4266 12.5365 2
      vertex 85.4266 13.4635 2
    endloop
  endfacet
  facet normal 0 0 1
    outer loop
      vertex 85.3947 13.5522 2
      vertex 85.3947 12.4478 2
      vertex 85.4266 12.5365 2
    endloop
  endfacet
  facet normal 0 0 1
    outer loop
      vertex 85.3572 13.6387 2
      vertex 85.3947 12.4478 2
      vertex 85.3947 13.5522 2
    endloop
  endfacet
  facet normal 0 0 1
    outer loop
      vertex 85.3572 13.6387 2
      vertex 85.3572 12.3613 2
      vertex 85.3947 12.4478 2
    endloop
  endfacet
  facet normal 0 0 1
    outer loop
      vertex 85.3145 13.7226 2
      vertex 85.3572 12.3613 2
      vertex 85.3572 13.6387 2
    endloop
  endfacet
  facet normal 0 0 1
    outer loop
      vertex 85.3145 13.7226 2
      vertex 85.3145 12.2774 2
      vertex 85.3572 12.3613 2
    endloop
  endfacet
  facet normal 0 0 1
    outer loop
      vertex 85.2665 13.8037 2
      vertex 85.3145 12.2774 2
      vertex 85.3145 13.7226 2
    endloop
  endfacet
  facet normal 0 0 1
    outer loop
      vertex 85.2665 13.8037 2
      vertex 85.2665 12.1963 2
      vertex 85.3145 12.2774 2
    endloop
  endfacet
  facet normal 0 0 1
    outer loop
      vertex 85.2135 13.8817 2
      vertex 85.2665 12.1963 2
      vertex 85.2665 13.8037 2
    endloop
  endfacet
  facet normal 0 0 1
    outer loop
      vertex 85.2135 13.8817 2
      vertex 85.2135 12.1183 2
      vertex 85.2665 12.1963 2
    endloop
  endfacet
  facet normal 0 0 1
    outer loop
      vertex 85.1558 13.9561 2
      vertex 85.2135 12.1183 2
      vertex 85.2135 13.8817 2
    endloop
  endfacet
  facet normal 0 0 1
    outer loop
      vertex 85.1558 13.9561 2
      vertex 85.1558 12.0439 2
      vertex 85.2135 12.1183 2
    endloop
  endfacet
  facet normal 0 0 1
    outer loop
      vertex 85.0935 14.0268 2
      vertex 85.1558 12.0439 2
      vertex 85.1558 13.9561 2
    endloop
  endfacet
  facet normal 0 0 1
    outer loop
      vertex 85.0935 14.0268 2
      vertex 85.0935 11.9732 2
      vertex 85.1558 12.0439 2
    endloop
  endfacet
  facet normal 0 0 1
    outer loop
      vertex 85.0268 14.0935 2
      vertex 85.0935 11.9732 2
      vertex 85.0935 14.0268 2
    endloop
  endfacet
  facet normal 0 0 1
    outer loop
      vertex 85.0268 14.0935 2
      vertex 85.0268 11.9065 2
      vertex 85.0935 11.9732 2
    endloop
  endfacet
  facet normal 0 0 1
    outer loop
      vertex 84.9561 14.1558 2
      vertex 85.0268 11.9065 2
      vertex 85.0268 14.0935 2
    endloop
  endfacet
  facet normal 0 0 1
    outer loop
      vertex 84.9561 14.1558 2
      vertex 84.9561 11.8442 2
      vertex 85.0268 11.9065 2
    endloop
  endfacet
  facet normal 0 0 1
    outer loop
      vertex 84.8817 14.2135 2
      vertex 84.9561 11.8442 2
      vertex 84.9561 14.1558 2
    endloop
  endfacet
  facet normal 0 0 1
    outer loop
      vertex 84.8817 14.2135 2
      vertex 84.8817 11.7865 2
      vertex 84.9561 11.8442 2
    endloop
  endfacet
  facet normal 0 0 1
    outer loop
      vertex 84.8037 14.2665 2
      vertex 84.8817 11.7865 2
      vertex 84.8817 14.2135 2
    endloop
  endfacet
  facet normal 0 0 1
    outer loop
      vertex 84.8037 14.2665 2
      vertex 84.8037 11.7335 2
      vertex 84.8817 11.7865 2
    endloop
  endfacet
  facet normal 0 0 1
    outer loop
      vertex 84.7226 14.3145 2
      vertex 84.8037 11.7335 2
      vertex 84.8037 14.2665 2
    endloop
  endfacet
  facet normal 0 0 1
    outer loop
      vertex 84.7226 14.3145 2
      vertex 84.7226 11.6855 2
      vertex 84.8037 11.7335 2
    endloop
  endfacet
  facet normal 0 0 1
    outer loop
      vertex 84.6387 14.3572 2
      vertex 84.7226 11.6855 2
      vertex 84.7226 14.3145 2
    endloop
  endfacet
  facet normal 0 0 1
    outer loop
      vertex 84.6387 14.3572 2
      vertex 84.6387 11.6428 2
      vertex 84.7226 11.6855 2
    endloop
  endfacet
  facet normal 0 0 1
    outer loop
      vertex 84.5522 14.3947 2
      vertex 84.6387 11.6428 2
      vertex 84.6387 14.3572 2
    endloop
  endfacet
  facet normal 0 0 1
    outer loop
      vertex 84.5522 14.3947 2
      vertex 84.5522 11.6053 2
      vertex 84.6387 11.6428 2
    endloop
  endfacet
  facet normal 0 0 1
    outer loop
      vertex 84.4635 14.4266 2
      vertex 84.5522 11.6053 2
      vertex 84.5522 14.3947 2
    endloop
  endfacet
  facet normal 0 0 1
    outer loop
      vertex 84.4635 14.4266 2
      vertex 84.4635 11.5734 2
      vertex 84.5522 11.6053 2
    endloop
  endfacet
  facet normal 0 0 1
    outer loop
      vertex 84.373 14.4529 2
      vertex 84.4635 11.5734 2
      vertex 84.4635 14.4266 2
    endloop
  endfacet
  facet normal 0 0 1
    outer loop
      vertex 84.373 14.4529 2
      vertex 84.373 11.5471 2
      vertex 84.4635 11.5734 2
    endloop
  endfacet
  facet normal 0 0 1
    outer loop
      vertex 84.2811 14.4734 2
      vertex 84.373 11.5471 2
      vertex 84.373 14.4529 2
    endloop
  endfacet
  facet normal 0 0 1
    outer loop
      vertex 84.2811 14.4734 2
      vertex 84.2811 11.5266 2
      vertex 84.373 11.5471 2
    endloop
  endfacet
  facet normal 0 0 1
    outer loop
      vertex 84.188 14.4882 2
      vertex 84.2811 11.5266 2
      vertex 84.2811 14.4734 2
    endloop
  endfacet
  facet normal 0 0 1
    outer loop
      vertex 84.188 14.4882 2
      vertex 84.188 11.5118 2
      vertex 84.2811 11.5266 2
    endloop
  endfacet
  facet normal 0 0 1
    outer loop
      vertex 84.0942 14.497 2
      vertex 84.188 11.5118 2
      vertex 84.188 14.4882 2
    endloop
  endfacet
  facet normal 0 0 1
    outer loop
      vertex 84.0942 14.497 2
      vertex 84.0942 11.503 2
      vertex 84.188 11.5118 2
    endloop
  endfacet
  facet normal 0 0 1
    outer loop
      vertex 84 14.5 2
      vertex 84.0942 11.503 2
      vertex 84.0942 14.497 2
    endloop
  endfacet
  facet normal 0 0 1
    outer loop
      vertex 84 14.5 2
      vertex 84 11.5 2
      vertex 84.0942 11.503 2
    endloop
  endfacet
  facet normal -0 0 1
    outer loop
      vertex 83.9058 14.497 2
      vertex 84 11.5 2
      vertex 84 14.5 2
    endloop
  endfacet
  facet normal 0 0 1
    outer loop
      vertex 83.9058 14.497 2
      vertex 83.9058 11.503 2
      vertex 84 11.5 2
    endloop
  endfacet
  facet normal -0 0 1
    outer loop
      vertex 83.812 14.4882 2
      vertex 83.9058 11.503 2
      vertex 83.9058 14.497 2
    endloop
  endfacet
  facet normal 0 0 1
    outer loop
      vertex 83.812 14.4882 2
      vertex 83.812 11.5118 2
      vertex 83.9058 11.503 2
    endloop
  endfacet
  facet normal -0 0 1
    outer loop
      vertex 83.7189 14.4734 2
      vertex 83.812 11.5118 2
      vertex 83.812 14.4882 2
    endloop
  endfacet
  facet normal 0 0 1
    outer loop
      vertex 83.7189 14.4734 2
      vertex 83.7189 11.5266 2
      vertex 83.812 11.5118 2
    endloop
  endfacet
  facet normal -0 0 1
    outer loop
      vertex 83.627 14.4529 2
      vertex 83.7189 11.5266 2
      vertex 83.7189 14.4734 2
    endloop
  endfacet
  facet normal 0 0 1
    outer loop
      vertex 83.627 14.4529 2
      vertex 83.627 11.5471 2
      vertex 83.7189 11.5266 2
    endloop
  endfacet
  facet normal -0 0 1
    outer loop
      vertex 83.5365 14.4266 2
      vertex 83.627 11.5471 2
      vertex 83.627 14.4529 2
    endloop
  endfacet
  facet normal 0 0 1
    outer loop
      vertex 83.5365 14.4266 2
      vertex 83.5365 11.5734 2
      vertex 83.627 11.5471 2
    endloop
  endfacet
  facet normal -0 0 1
    outer loop
      vertex 83.4478 14.3947 2
      vertex 83.5365 11.5734 2
      vertex 83.5365 14.4266 2
    endloop
  endfacet
  facet normal 0 0 1
    outer loop
      vertex 83.4478 14.3947 2
      vertex 83.4478 11.6053 2
      vertex 83.5365 11.5734 2
    endloop
  endfacet
  facet normal -0 0 1
    outer loop
      vertex 83.3613 14.3572 2
      vertex 83.4478 11.6053 2
      vertex 83.4478 14.3947 2
    endloop
  endfacet
  facet normal 0 0 1
    outer loop
      vertex 83.3613 14.3572 2
      vertex 83.3613 11.6428 2
      vertex 83.4478 11.6053 2
    endloop
  endfacet
  facet normal -0 0 1
    outer loop
      vertex 83.2774 14.3145 2
      vertex 83.3613 11.6428 2
      vertex 83.3613 14.3572 2
    endloop
  endfacet
  facet normal 0 0 1
    outer loop
      vertex 83.2774 14.3145 2
      vertex 83.2774 11.6855 2
      vertex 83.3613 11.6428 2
    endloop
  endfacet
  facet normal -0 0 1
    outer loop
      vertex 83.1963 14.2665 2
      vertex 83.2774 11.6855 2
      vertex 83.2774 14.3145 2
    endloop
  endfacet
  facet normal 0 0 1
    outer loop
      vertex 83.1963 14.2665 2
      vertex 83.1963 11.7335 2
      vertex 83.2774 11.6855 2
    endloop
  endfacet
  facet normal -0 0 1
    outer loop
      vertex 83.1183 14.2135 2
      vertex 83.1963 11.7335 2
      vertex 83.1963 14.2665 2
    endloop
  endfacet
  facet normal 0 0 1
    outer loop
      vertex 83.1183 14.2135 2
      vertex 83.1183 11.7865 2
      vertex 83.1963 11.7335 2
    endloop
  endfacet
  facet normal -0 0 1
    outer loop
      vertex 83.0439 14.1558 2
      vertex 83.1183 11.7865 2
      vertex 83.1183 14.2135 2
    endloop
  endfacet
  facet normal 0 0 1
    outer loop
      vertex 83.0439 14.1558 2
      vertex 83.0439 11.8442 2
      vertex 83.1183 11.7865 2
    endloop
  endfacet
  facet normal -0 0 1
    outer loop
      vertex 82.9732 14.0935 2
      vertex 83.0439 11.8442 2
      vertex 83.0439 14.1558 2
    endloop
  endfacet
  facet normal 0 0 1
    outer loop
      vertex 82.9732 14.0935 2
      vertex 82.9732 11.9065 2
      vertex 83.0439 11.8442 2
    endloop
  endfacet
  facet normal -0 0 1
    outer loop
      vertex 82.9065 14.0268 2
      vertex 82.9732 11.9065 2
      vertex 82.9732 14.0935 2
    endloop
  endfacet
  facet normal 0 0 1
    outer loop
      vertex 82.9065 14.0268 2
      vertex 82.9065 11.9732 2
      vertex 82.9732 11.9065 2
    endloop
  endfacet
  facet normal -0 0 1
    outer loop
      vertex 82.8442 13.9561 2
      vertex 82.9065 11.9732 2
      vertex 82.9065 14.0268 2
    endloop
  endfacet
  facet normal 0 0 1
    outer loop
      vertex 82.8442 13.9561 2
      vertex 82.8442 12.0439 2
      vertex 82.9065 11.9732 2
    endloop
  endfacet
  facet normal -0 0 1
    outer loop
      vertex 82.7865 13.8817 2
      vertex 82.8442 12.0439 2
      vertex 82.8442 13.9561 2
    endloop
  endfacet
  facet normal 0 0 1
    outer loop
      vertex 82.7865 13.8817 2
      vertex 82.7865 12.1183 2
      vertex 82.8442 12.0439 2
    endloop
  endfacet
  facet normal -0 0 1
    outer loop
      vertex 82.7335 13.8037 2
      vertex 82.7865 12.1183 2
      vertex 82.7865 13.8817 2
    endloop
  endfacet
  facet normal 0 0 1
    outer loop
      vertex 82.7335 13.8037 2
      vertex 82.7335 12.1963 2
      vertex 82.7865 12.1183 2
    endloop
  endfacet
  facet normal -0 0 1
    outer loop
      vertex 82.6855 13.7226 2
      vertex 82.7335 12.1963 2
      vertex 82.7335 13.8037 2
    endloop
  endfacet
  facet normal 0 0 1
    outer loop
      vertex 82.6855 13.7226 2
      vertex 82.6855 12.2774 2
      vertex 82.7335 12.1963 2
    endloop
  endfacet
  facet normal -0 0 1
    outer loop
      vertex 82.6428 13.6387 2
      vertex 82.6855 12.2774 2
      vertex 82.6855 13.7226 2
    endloop
  endfacet
  facet normal 0 0 1
    outer loop
      vertex 82.6428 13.6387 2
      vertex 82.6428 12.3613 2
      vertex 82.6855 12.2774 2
    endloop
  endfacet
  facet normal -0 0 1
    outer loop
      vertex 82.6053 13.5522 2
      vertex 82.6428 12.3613 2
      vertex 82.6428 13.6387 2
    endloop
  endfacet
  facet normal 0 0 1
    outer loop
      vertex 82.6053 13.5522 2
      vertex 82.6053 12.4478 2
      vertex 82.6428 12.3613 2
    endloop
  endfacet
  facet normal -0 0 1
    outer loop
      vertex 82.5734 13.4635 2
      vertex 82.6053 12.4478 2
      vertex 82.6053 13.5522 2
    endloop
  endfacet
  facet normal 0 0 1
    outer loop
      vertex 82.5734 13.4635 2
      vertex 82.5734 12.5365 2
      vertex 82.6053 12.4478 2
    endloop
  endfacet
  facet normal -0 0 1
    outer loop
      vertex 82.5471 13.373 2
      vertex 82.5734 12.5365 2
      vertex 82.5734 13.4635 2
    endloop
  endfacet
  facet normal 0 0 1
    outer loop
      vertex 82.5471 13.373 2
      vertex 82.5471 12.627 2
      vertex 82.5734 12.5365 2
    endloop
  endfacet
  facet normal -0 0 1
    outer loop
      vertex 82.5266 13.2811 2
      vertex 82.5471 12.627 2
      vertex 82.5471 13.373 2
    endloop
  endfacet
  facet normal 0 0 1
    outer loop
      vertex 82.5266 13.2811 2
      vertex 82.5266 12.7189 2
      vertex 82.5471 12.627 2
    endloop
  endfacet
  facet normal -0 0 1
    outer loop
      vertex 82.5118 13.188 2
      vertex 82.5266 12.7189 2
      vertex 82.5266 13.2811 2
    endloop
  endfacet
  facet normal 0 0 1
    outer loop
      vertex 82.5118 13.188 2
      vertex 82.5118 12.812 2
      vertex 82.5266 12.7189 2
    endloop
  endfacet
  facet normal -0 0 1
    outer loop
      vertex 82.503 13.0942 2
      vertex 82.5118 12.812 2
      vertex 82.5118 13.188 2
    endloop
  endfacet
  facet normal 0 0 1
    outer loop
      vertex 82.503 13.0942 2
      vertex 82.503 12.9058 2
      vertex 82.5118 12.812 2
    endloop
  endfacet
  facet normal 0 -0 1
    outer loop
      vertex 82.503 12.9058 2
      vertex 82.503 13.0942 2
      vertex 82.5 13 2
    endloop
  endfacet
  facet normal 0 0 1
    outer loop
      vertex 85.497 44.0942 2
      vertex 85.497 43.9058 2
      vertex 85.5 44 2
    endloop
  endfacet
  facet normal 0 0 1
    outer loop
      vertex 85.4882 44.188 2
      vertex 85.497 43.9058 2
      vertex 85.497 44.0942 2
    endloop
  endfacet
  facet normal 0 0 1
    outer loop
      vertex 85.4882 44.188 2
      vertex 85.4882 43.812 2
      vertex 85.497 43.9058 2
    endloop
  endfacet
  facet normal 0 0 1
    outer loop
      vertex 85.4734 44.2811 2
      vertex 85.4882 43.812 2
      vertex 85.4882 44.188 2
    endloop
  endfacet
  facet normal 0 0 1
    outer loop
      vertex 85.4734 44.2811 2
      vertex 85.4734 43.7189 2
      vertex 85.4882 43.812 2
    endloop
  endfacet
  facet normal 0 0 1
    outer loop
      vertex 85.4529 44.373 2
      vertex 85.4734 43.7189 2
      vertex 85.4734 44.2811 2
    endloop
  endfacet
  facet normal 0 0 1
    outer loop
      vertex 85.4529 44.373 2
      vertex 85.4529 43.627 2
      vertex 85.4734 43.7189 2
    endloop
  endfacet
  facet normal 0 0 1
    outer loop
      vertex 85.4266 44.4635 2
      vertex 85.4529 43.627 2
      vertex 85.4529 44.373 2
    endloop
  endfacet
  facet normal 0 0 1
    outer loop
      vertex 85.4266 44.4635 2
      vertex 85.4266 43.5365 2
      vertex 85.4529 43.627 2
    endloop
  endfacet
  facet normal 0 0 1
    outer loop
      vertex 85.3947 44.5522 2
      vertex 85.4266 43.5365 2
      vertex 85.4266 44.4635 2
    endloop
  endfacet
  facet normal 0 0 1
    outer loop
      vertex 85.3947 44.5522 2
      vertex 85.3947 43.4478 2
      vertex 85.4266 43.5365 2
    endloop
  endfacet
  facet normal 0 0 1
    outer loop
      vertex 85.3572 44.6387 2
      vertex 85.3947 43.4478 2
      vertex 85.3947 44.5522 2
    endloop
  endfacet
  facet normal 0 0 1
    outer loop
      vertex 85.3572 44.6387 2
      vertex 85.3572 43.3613 2
      vertex 85.3947 43.4478 2
    endloop
  endfacet
  facet normal 0 0 1
    outer loop
      vertex 85.3145 44.7226 2
      vertex 85.3572 43.3613 2
      vertex 85.3572 44.6387 2
    endloop
  endfacet
  facet normal 0 0 1
    outer loop
      vertex 85.3145 44.7226 2
      vertex 85.3145 43.2774 2
      vertex 85.3572 43.3613 2
    endloop
  endfacet
  facet normal 0 0 1
    outer loop
      vertex 85.2665 44.8037 2
      vertex 85.3145 43.2774 2
      vertex 85.3145 44.7226 2
    endloop
  endfacet
  facet normal 0 0 1
    outer loop
      vertex 85.2665 44.8037 2
      vertex 85.2665 43.1963 2
      vertex 85.3145 43.2774 2
    endloop
  endfacet
  facet normal 0 0 1
    outer loop
      vertex 85.2135 44.8817 2
      vertex 85.2665 43.1963 2
      vertex 85.2665 44.8037 2
    endloop
  endfacet
  facet normal 0 0 1
    outer loop
      vertex 85.2135 44.8817 2
      vertex 85.2135 43.1183 2
      vertex 85.2665 43.1963 2
    endloop
  endfacet
  facet normal 0 0 1
    outer loop
      vertex 85.1558 44.9561 2
      vertex 85.2135 43.1183 2
      vertex 85.2135 44.8817 2
    endloop
  endfacet
  facet normal 0 0 1
    outer loop
      vertex 85.1558 44.9561 2
      vertex 85.1558 43.0439 2
      vertex 85.2135 43.1183 2
    endloop
  endfacet
  facet normal 0 0 1
    outer loop
      vertex 85.0935 45.0268 2
      vertex 85.1558 43.0439 2
      vertex 85.1558 44.9561 2
    endloop
  endfacet
  facet normal 0 0 1
    outer loop
      vertex 85.0935 45.0268 2
      vertex 85.0935 42.9732 2
      vertex 85.1558 43.0439 2
    endloop
  endfacet
  facet normal 0 0 1
    outer loop
      vertex 85.0268 45.0935 2
      vertex 85.0935 42.9732 2
      vertex 85.0935 45.0268 2
    endloop
  endfacet
  facet normal 0 0 1
    outer loop
      vertex 85.0268 45.0935 2
      vertex 85.0268 42.9065 2
      vertex 85.0935 42.9732 2
    endloop
  endfacet
  facet normal 0 0 1
    outer loop
      vertex 84.9561 45.1558 2
      vertex 85.0268 42.9065 2
      vertex 85.0268 45.0935 2
    endloop
  endfacet
  facet normal 0 0 1
    outer loop
      vertex 84.9561 45.1558 2
      vertex 84.9561 42.8442 2
      vertex 85.0268 42.9065 2
    endloop
  endfacet
  facet normal 0 0 1
    outer loop
      vertex 84.8817 45.2135 2
      vertex 84.9561 42.8442 2
      vertex 84.9561 45.1558 2
    endloop
  endfacet
  facet normal 0 0 1
    outer loop
      vertex 84.8817 45.2135 2
      vertex 84.8817 42.7865 2
      vertex 84.9561 42.8442 2
    endloop
  endfacet
  facet normal 0 0 1
    outer loop
      vertex 84.8037 45.2665 2
      vertex 84.8817 42.7865 2
      vertex 84.8817 45.2135 2
    endloop
  endfacet
  facet normal 0 0 1
    outer loop
      vertex 84.8037 45.2665 2
      vertex 84.8037 42.7335 2
      vertex 84.8817 42.7865 2
    endloop
  endfacet
  facet normal 0 0 1
    outer loop
      vertex 84.7226 45.3145 2
      vertex 84.8037 42.7335 2
      vertex 84.8037 45.2665 2
    endloop
  endfacet
  facet normal 0 0 1
    outer loop
      vertex 84.7226 45.3145 2
      vertex 84.7226 42.6855 2
      vertex 84.8037 42.7335 2
    endloop
  endfacet
  facet normal 0 0 1
    outer loop
      vertex 84.6387 45.3572 2
      vertex 84.7226 42.6855 2
      vertex 84.7226 45.3145 2
    endloop
  endfacet
  facet normal 0 0 1
    outer loop
      vertex 84.6387 45.3572 2
      vertex 84.6387 42.6428 2
      vertex 84.7226 42.6855 2
    endloop
  endfacet
  facet normal 0 0 1
    outer loop
      vertex 84.5522 45.3947 2
      vertex 84.6387 42.6428 2
      vertex 84.6387 45.3572 2
    endloop
  endfacet
  facet normal 0 0 1
    outer loop
      vertex 84.5522 45.3947 2
      vertex 84.5522 42.6053 2
      vertex 84.6387 42.6428 2
    endloop
  endfacet
  facet normal 0 0 1
    outer loop
      vertex 84.4635 45.4266 2
      vertex 84.5522 42.6053 2
      vertex 84.5522 45.3947 2
    endloop
  endfacet
  facet normal 0 0 1
    outer loop
      vertex 84.4635 45.4266 2
      vertex 84.4635 42.5734 2
      vertex 84.5522 42.6053 2
    endloop
  endfacet
  facet normal 0 0 1
    outer loop
      vertex 84.373 45.4529 2
      vertex 84.4635 42.5734 2
      vertex 84.4635 45.4266 2
    endloop
  endfacet
  facet normal 0 0 1
    outer loop
      vertex 84.373 45.4529 2
      vertex 84.373 42.5471 2
      vertex 84.4635 42.5734 2
    endloop
  endfacet
  facet normal 0 0 1
    outer loop
      vertex 84.2811 45.4734 2
      vertex 84.373 42.5471 2
      vertex 84.373 45.4529 2
    endloop
  endfacet
  facet normal 0 0 1
    outer loop
      vertex 84.2811 45.4734 2
      vertex 84.2811 42.5266 2
      vertex 84.373 42.5471 2
    endloop
  endfacet
  facet normal 0 0 1
    outer loop
      vertex 84.188 45.4882 2
      vertex 84.2811 42.5266 2
      vertex 84.2811 45.4734 2
    endloop
  endfacet
  facet normal 0 0 1
    outer loop
      vertex 84.188 45.4882 2
      vertex 84.188 42.5118 2
      vertex 84.2811 42.5266 2
    endloop
  endfacet
  facet normal 0 0 1
    outer loop
      vertex 84.0942 45.497 2
      vertex 84.188 42.5118 2
      vertex 84.188 45.4882 2
    endloop
  endfacet
  facet normal 0 0 1
    outer loop
      vertex 84.0942 45.497 2
      vertex 84.0942 42.503 2
      vertex 84.188 42.5118 2
    endloop
  endfacet
  facet normal 0 0 1
    outer loop
      vertex 84 45.5 2
      vertex 84.0942 42.503 2
      vertex 84.0942 45.497 2
    endloop
  endfacet
  facet normal 0 0 1
    outer loop
      vertex 84 45.5 2
      vertex 84 42.5 2
      vertex 84.0942 42.503 2
    endloop
  endfacet
  facet normal -0 0 1
    outer loop
      vertex 83.9058 45.497 2
      vertex 84 42.5 2
      vertex 84 45.5 2
    endloop
  endfacet
  facet normal 0 0 1
    outer loop
      vertex 83.9058 45.497 2
      vertex 83.9058 42.503 2
      vertex 84 42.5 2
    endloop
  endfacet
  facet normal -0 0 1
    outer loop
      vertex 83.812 45.4882 2
      vertex 83.9058 42.503 2
      vertex 83.9058 45.497 2
    endloop
  endfacet
  facet normal 0 0 1
    outer loop
      vertex 83.812 45.4882 2
      vertex 83.812 42.5118 2
      vertex 83.9058 42.503 2
    endloop
  endfacet
  facet normal -0 0 1
    outer loop
      vertex 83.7189 45.4734 2
      vertex 83.812 42.5118 2
      vertex 83.812 45.4882 2
    endloop
  endfacet
  facet normal 0 0 1
    outer loop
      vertex 83.7189 45.4734 2
      vertex 83.7189 42.5266 2
      vertex 83.812 42.5118 2
    endloop
  endfacet
  facet normal -0 0 1
    outer loop
      vertex 83.627 45.4529 2
      vertex 83.7189 42.5266 2
      vertex 83.7189 45.4734 2
    endloop
  endfacet
  facet normal 0 0 1
    outer loop
      vertex 83.627 45.4529 2
      vertex 83.627 42.5471 2
      vertex 83.7189 42.5266 2
    endloop
  endfacet
  facet normal -0 0 1
    outer loop
      vertex 83.5365 45.4266 2
      vertex 83.627 42.5471 2
      vertex 83.627 45.4529 2
    endloop
  endfacet
  facet normal 0 0 1
    outer loop
      vertex 83.5365 45.4266 2
      vertex 83.5365 42.5734 2
      vertex 83.627 42.5471 2
    endloop
  endfacet
  facet normal -0 0 1
    outer loop
      vertex 83.4478 45.3947 2
      vertex 83.5365 42.5734 2
      vertex 83.5365 45.4266 2
    endloop
  endfacet
  facet normal 0 0 1
    outer loop
      vertex 83.4478 45.3947 2
      vertex 83.4478 42.6053 2
      vertex 83.5365 42.5734 2
    endloop
  endfacet
  facet normal -0 0 1
    outer loop
      vertex 83.3613 45.3572 2
      vertex 83.4478 42.6053 2
      vertex 83.4478 45.3947 2
    endloop
  endfacet
  facet normal 0 0 1
    outer loop
      vertex 83.3613 45.3572 2
      vertex 83.3613 42.6428 2
      vertex 83.4478 42.6053 2
    endloop
  endfacet
  facet normal -0 0 1
    outer loop
      vertex 83.2774 45.3145 2
      vertex 83.3613 42.6428 2
      vertex 83.3613 45.3572 2
    endloop
  endfacet
  facet normal 0 0 1
    outer loop
      vertex 83.2774 45.3145 2
      vertex 83.2774 42.6855 2
      vertex 83.3613 42.6428 2
    endloop
  endfacet
  facet normal -0 0 1
    outer loop
      vertex 83.1963 45.2665 2
      vertex 83.2774 42.6855 2
      vertex 83.2774 45.3145 2
    endloop
  endfacet
  facet normal 0 0 1
    outer loop
      vertex 83.1963 45.2665 2
      vertex 83.1963 42.7335 2
      vertex 83.2774 42.6855 2
    endloop
  endfacet
  facet normal -0 0 1
    outer loop
      vertex 83.1183 45.2135 2
      vertex 83.1963 42.7335 2
      vertex 83.1963 45.2665 2
    endloop
  endfacet
  facet normal 0 0 1
    outer loop
      vertex 83.1183 45.2135 2
      vertex 83.1183 42.7865 2
      vertex 83.1963 42.7335 2
    endloop
  endfacet
  facet normal -0 0 1
    outer loop
      vertex 83.0439 45.1558 2
      vertex 83.1183 42.7865 2
      vertex 83.1183 45.2135 2
    endloop
  endfacet
  facet normal 0 0 1
    outer loop
      vertex 83.0439 45.1558 2
      vertex 83.0439 42.8442 2
      vertex 83.1183 42.7865 2
    endloop
  endfacet
  facet normal -0 0 1
    outer loop
      vertex 82.9732 45.0935 2
      vertex 83.0439 42.8442 2
      vertex 83.0439 45.1558 2
    endloop
  endfacet
  facet normal 0 0 1
    outer loop
      vertex 82.9732 45.0935 2
      vertex 82.9732 42.9065 2
      vertex 83.0439 42.8442 2
    endloop
  endfacet
  facet normal -0 0 1
    outer loop
      vertex 82.9065 45.0268 2
      vertex 82.9732 42.9065 2
      vertex 82.9732 45.0935 2
    endloop
  endfacet
  facet normal 0 0 1
    outer loop
      vertex 82.9065 45.0268 2
      vertex 82.9065 42.9732 2
      vertex 82.9732 42.9065 2
    endloop
  endfacet
  facet normal -0 0 1
    outer loop
      vertex 82.8442 44.9561 2
      vertex 82.9065 42.9732 2
      vertex 82.9065 45.0268 2
    endloop
  endfacet
  facet normal 0 0 1
    outer loop
      vertex 82.8442 44.9561 2
      vertex 82.8442 43.0439 2
      vertex 82.9065 42.9732 2
    endloop
  endfacet
  facet normal -0 0 1
    outer loop
      vertex 82.7865 44.8817 2
      vertex 82.8442 43.0439 2
      vertex 82.8442 44.9561 2
    endloop
  endfacet
  facet normal 0 0 1
    outer loop
      vertex 82.7865 44.8817 2
      vertex 82.7865 43.1183 2
      vertex 82.8442 43.0439 2
    endloop
  endfacet
  facet normal -0 0 1
    outer loop
      vertex 82.7335 44.8037 2
      vertex 82.7865 43.1183 2
      vertex 82.7865 44.8817 2
    endloop
  endfacet
  facet normal 0 0 1
    outer loop
      vertex 82.7335 44.8037 2
      vertex 82.7335 43.1963 2
      vertex 82.7865 43.1183 2
    endloop
  endfacet
  facet normal -0 0 1
    outer loop
      vertex 82.6855 44.7226 2
      vertex 82.7335 43.1963 2
      vertex 82.7335 44.8037 2
    endloop
  endfacet
  facet normal 0 0 1
    outer loop
      vertex 82.6855 44.7226 2
      vertex 82.6855 43.2774 2
      vertex 82.7335 43.1963 2
    endloop
  endfacet
  facet normal -0 0 1
    outer loop
      vertex 82.6428 44.6387 2
      vertex 82.6855 43.2774 2
      vertex 82.6855 44.7226 2
    endloop
  endfacet
  facet normal 0 0 1
    outer loop
      vertex 82.6428 44.6387 2
      vertex 82.6428 43.3613 2
      vertex 82.6855 43.2774 2
    endloop
  endfacet
  facet normal -0 0 1
    outer loop
      vertex 82.6053 44.5522 2
      vertex 82.6428 43.3613 2
      vertex 82.6428 44.6387 2
    endloop
  endfacet
  facet normal 0 0 1
    outer loop
      vertex 82.6053 44.5522 2
      vertex 82.6053 43.4478 2
      vertex 82.6428 43.3613 2
    endloop
  endfacet
  facet normal -0 0 1
    outer loop
      vertex 82.5734 44.4635 2
      vertex 82.6053 43.4478 2
      vertex 82.6053 44.5522 2
    endloop
  endfacet
  facet normal 0 0 1
    outer loop
      vertex 82.5734 44.4635 2
      vertex 82.5734 43.5365 2
      vertex 82.6053 43.4478 2
    endloop
  endfacet
  facet normal -0 0 1
    outer loop
      vertex 82.5471 44.373 2
      vertex 82.5734 43.5365 2
      vertex 82.5734 44.4635 2
    endloop
  endfacet
  facet normal 0 0 1
    outer loop
      vertex 82.5471 44.373 2
      vertex 82.5471 43.627 2
      vertex 82.5734 43.5365 2
    endloop
  endfacet
  facet normal -0 0 1
    outer loop
      vertex 82.5266 44.2811 2
      vertex 82.5471 43.627 2
      vertex 82.5471 44.373 2
    endloop
  endfacet
  facet normal 0 0 1
    outer loop
      vertex 82.5266 44.2811 2
      vertex 82.5266 43.7189 2
      vertex 82.5471 43.627 2
    endloop
  endfacet
  facet normal -0 0 1
    outer loop
      vertex 82.5118 44.188 2
      vertex 82.5266 43.7189 2
      vertex 82.5266 44.2811 2
    endloop
  endfacet
  facet normal 0 0 1
    outer loop
      vertex 82.5118 44.188 2
      vertex 82.5118 43.812 2
      vertex 82.5266 43.7189 2
    endloop
  endfacet
  facet normal -0 0 1
    outer loop
      vertex 82.503 44.0942 2
      vertex 82.5118 43.812 2
      vertex 82.5118 44.188 2
    endloop
  endfacet
  facet normal 0 0 1
    outer loop
      vertex 82.503 44.0942 2
      vertex 82.503 43.9058 2
      vertex 82.5118 43.812 2
    endloop
  endfacet
  facet normal 0 -0 1
    outer loop
      vertex 82.503 43.9058 2
      vertex 82.503 44.0942 2
      vertex 82.5 44 2
    endloop
  endfacet
  facet normal -0 0 1
    outer loop
      vertex 77.3244 55.5797 2
      vertex 82.0785 54.1217 2
      vertex 77.3776 55.7275 2
    endloop
  endfacet
  facet normal 0 0 1
    outer loop
      vertex 82 53.5 2
      vertex 77.4951 50.407 2
      vertex 77.5 50.25 2
    endloop
  endfacet
  facet normal 0 0 1
    outer loop
      vertex 82.0785 54.1217 2
      vertex 77.3244 55.5797 2
      vertex 82.0443 53.9685 2
    endloop
  endfacet
  facet normal 0 0 1
    outer loop
      vertex 82 53.5 2
      vertex 77.4803 50.5633 2
      vertex 77.4951 50.407 2
    endloop
  endfacet
  facet normal -0 0 1
    outer loop
      vertex 77.2621 55.4356 2
      vertex 82.0443 53.9685 2
      vertex 77.3244 55.5797 2
    endloop
  endfacet
  facet normal 0 0 1
    outer loop
      vertex 82 53.5 2
      vertex 77.4557 50.7185 2
      vertex 77.4803 50.5633 2
    endloop
  endfacet
  facet normal 0 0 1
    outer loop
      vertex 82.0443 53.9685 2
      vertex 77.2621 55.4356 2
      vertex 82.0197 53.8133 2
    endloop
  endfacet
  facet normal 0 0 1
    outer loop
      vertex 82 53.5 2
      vertex 77.4215 50.8717 2
      vertex 77.4557 50.7185 2
    endloop
  endfacet
  facet normal -0 0 1
    outer loop
      vertex 77.1908 55.2956 2
      vertex 82.0197 53.8133 2
      vertex 77.2621 55.4356 2
    endloop
  endfacet
  facet normal 0 0 1
    outer loop
      vertex 82 53.5 2
      vertex 77.3776 51.0225 2
      vertex 77.4215 50.8717 2
    endloop
  endfacet
  facet normal 0 0 1
    outer loop
      vertex 82.0197 53.8133 2
      vertex 77.1908 55.2956 2
      vertex 82.0049 53.657 2
    endloop
  endfacet
  facet normal 0 0 1
    outer loop
      vertex 82 53.5 2
      vertex 77.3244 51.1703 2
      vertex 77.3776 51.0225 2
    endloop
  endfacet
  facet normal -0 0 1
    outer loop
      vertex 77.1108 55.1604 2
      vertex 82.0049 53.657 2
      vertex 77.1908 55.2956 2
    endloop
  endfacet
  facet normal 0 0 1
    outer loop
      vertex 82 53.5 2
      vertex 77.2621 51.3144 2
      vertex 77.3244 51.1703 2
    endloop
  endfacet
  facet normal 0 0 1
    outer loop
      vertex 82.0049 53.657 2
      vertex 77.1108 55.1604 2
      vertex 82 53.5 2
    endloop
  endfacet
  facet normal 0 0 1
    outer loop
      vertex 82 53.5 2
      vertex 77.1908 51.4544 2
      vertex 77.2621 51.3144 2
    endloop
  endfacet
  facet normal -0 0 1
    outer loop
      vertex 77.0225 55.0305 2
      vertex 82 53.5 2
      vertex 77.1108 55.1604 2
    endloop
  endfacet
  facet normal 0 0 1
    outer loop
      vertex 82 53.5 2
      vertex 77.1108 51.5896 2
      vertex 77.1908 51.4544 2
    endloop
  endfacet
  facet normal 0 0 1
    outer loop
      vertex 77.0225 51.7195 2
      vertex 82 53.5 2
      vertex 77.0225 55.0305 2
    endloop
  endfacet
  facet normal 0 0 1
    outer loop
      vertex 82 53.5 2
      vertex 77.0225 51.7195 2
      vertex 77.1108 51.5896 2
    endloop
  endfacet
  facet normal -0 0 1
    outer loop
      vertex 76.9263 54.9064 2
      vertex 77.0225 51.7195 2
      vertex 77.0225 55.0305 2
    endloop
  endfacet
  facet normal 0 0 1
    outer loop
      vertex 76.9263 54.9064 2
      vertex 76.9263 51.8436 2
      vertex 77.0225 51.7195 2
    endloop
  endfacet
  facet normal -0 0 1
    outer loop
      vertex 76.8224 54.7886 2
      vertex 76.9263 51.8436 2
      vertex 76.9263 54.9064 2
    endloop
  endfacet
  facet normal 0 0 1
    outer loop
      vertex 76.8224 54.7886 2
      vertex 76.8224 51.9614 2
      vertex 76.9263 51.8436 2
    endloop
  endfacet
  facet normal -0 0 1
    outer loop
      vertex 76.7114 54.6776 2
      vertex 76.8224 51.9614 2
      vertex 76.8224 54.7886 2
    endloop
  endfacet
  facet normal 0 0 1
    outer loop
      vertex 76.7114 54.6776 2
      vertex 76.7114 52.0724 2
      vertex 76.8224 51.9614 2
    endloop
  endfacet
  facet normal -0 0 1
    outer loop
      vertex 76.5936 54.5737 2
      vertex 76.7114 52.0724 2
      vertex 76.7114 54.6776 2
    endloop
  endfacet
  facet normal 0 0 1
    outer loop
      vertex 76.5936 54.5737 2
      vertex 76.5936 52.1763 2
      vertex 76.7114 52.0724 2
    endloop
  endfacet
  facet normal -0 0 1
    outer loop
      vertex 76.4695 54.4775 2
      vertex 76.5936 52.1763 2
      vertex 76.5936 54.5737 2
    endloop
  endfacet
  facet normal 0 0 1
    outer loop
      vertex 76.4695 54.4775 2
      vertex 76.4695 52.2725 2
      vertex 76.5936 52.1763 2
    endloop
  endfacet
  facet normal -0 0 1
    outer loop
      vertex 76.3396 54.3892 2
      vertex 76.4695 52.2725 2
      vertex 76.4695 54.4775 2
    endloop
  endfacet
  facet normal 0 0 1
    outer loop
      vertex 76.3396 54.3892 2
      vertex 76.3396 52.3608 2
      vertex 76.4695 52.2725 2
    endloop
  endfacet
  facet normal -0 0 1
    outer loop
      vertex 76.2044 54.3092 2
      vertex 76.3396 52.3608 2
      vertex 76.3396 54.3892 2
    endloop
  endfacet
  facet normal 0 0 1
    outer loop
      vertex 76.2044 54.3092 2
      vertex 76.2044 52.4408 2
      vertex 76.3396 52.3608 2
    endloop
  endfacet
  facet normal -0 0 1
    outer loop
      vertex 76.0644 54.2379 2
      vertex 76.2044 52.4408 2
      vertex 76.2044 54.3092 2
    endloop
  endfacet
  facet normal 0 0 1
    outer loop
      vertex 76.0644 54.2379 2
      vertex 76.0644 52.5121 2
      vertex 76.2044 52.4408 2
    endloop
  endfacet
  facet normal -0 0 1
    outer loop
      vertex 75.9203 54.1756 2
      vertex 76.0644 52.5121 2
      vertex 76.0644 54.2379 2
    endloop
  endfacet
  facet normal 0 0 1
    outer loop
      vertex 75.9203 54.1756 2
      vertex 75.9203 52.5744 2
      vertex 76.0644 52.5121 2
    endloop
  endfacet
  facet normal -0 0 1
    outer loop
      vertex 75.7725 54.1224 2
      vertex 75.9203 52.5744 2
      vertex 75.9203 54.1756 2
    endloop
  endfacet
  facet normal 0 0 1
    outer loop
      vertex 75.7725 54.1224 2
      vertex 75.7725 52.6276 2
      vertex 75.9203 52.5744 2
    endloop
  endfacet
  facet normal -0 0 1
    outer loop
      vertex 75.6217 54.0785 2
      vertex 75.7725 52.6276 2
      vertex 75.7725 54.1224 2
    endloop
  endfacet
  facet normal 0 0 1
    outer loop
      vertex 75.6217 54.0785 2
      vertex 75.6217 52.6715 2
      vertex 75.7725 52.6276 2
    endloop
  endfacet
  facet normal -0 0 1
    outer loop
      vertex 75.4685 54.0443 2
      vertex 75.6217 52.6715 2
      vertex 75.6217 54.0785 2
    endloop
  endfacet
  facet normal 0 0 1
    outer loop
      vertex 75.4685 54.0443 2
      vertex 75.4685 52.7057 2
      vertex 75.6217 52.6715 2
    endloop
  endfacet
  facet normal -0 0 1
    outer loop
      vertex 75.3133 54.0197 2
      vertex 75.4685 52.7057 2
      vertex 75.4685 54.0443 2
    endloop
  endfacet
  facet normal 0 0 1
    outer loop
      vertex 75.3133 54.0197 2
      vertex 75.3133 52.7303 2
      vertex 75.4685 52.7057 2
    endloop
  endfacet
  facet normal -0 0 1
    outer loop
      vertex 75.157 54.0049 2
      vertex 75.3133 52.7303 2
      vertex 75.3133 54.0197 2
    endloop
  endfacet
  facet normal 0 0 1
    outer loop
      vertex 75.157 54.0049 2
      vertex 75.157 52.7451 2
      vertex 75.3133 52.7303 2
    endloop
  endfacet
  facet normal -0 0 1
    outer loop
      vertex 75 54 2
      vertex 75.157 52.7451 2
      vertex 75.157 54.0049 2
    endloop
  endfacet
  facet normal 0 0 1
    outer loop
      vertex 75 54 2
      vertex 75 52.75 2
      vertex 75.157 52.7451 2
    endloop
  endfacet
  facet normal 0 0 1
    outer loop
      vertex 74.843 54.0049 2
      vertex 75 52.75 2
      vertex 75 54 2
    endloop
  endfacet
  facet normal 0 0 1
    outer loop
      vertex 74.843 54.0049 2
      vertex 74.843 52.7451 2
      vertex 75 52.75 2
    endloop
  endfacet
  facet normal 0 0 1
    outer loop
      vertex 74.6867 54.0197 2
      vertex 74.843 52.7451 2
      vertex 74.843 54.0049 2
    endloop
  endfacet
  facet normal 0 0 1
    outer loop
      vertex 74.6867 54.0197 2
      vertex 74.6867 52.7303 2
      vertex 74.843 52.7451 2
    endloop
  endfacet
  facet normal 0 0 1
    outer loop
      vertex 74.5315 54.0443 2
      vertex 74.6867 52.7303 2
      vertex 74.6867 54.0197 2
    endloop
  endfacet
  facet normal 0 0 1
    outer loop
      vertex 74.5315 54.0443 2
      vertex 74.5315 52.7057 2
      vertex 74.6867 52.7303 2
    endloop
  endfacet
  facet normal 0 0 1
    outer loop
      vertex 74.3783 54.0785 2
      vertex 74.5315 52.7057 2
      vertex 74.5315 54.0443 2
    endloop
  endfacet
  facet normal 0 0 1
    outer loop
      vertex 74.3783 54.0785 2
      vertex 74.3783 52.6715 2
      vertex 74.5315 52.7057 2
    endloop
  endfacet
  facet normal 0 0 1
    outer loop
      vertex 74.2275 54.1224 2
      vertex 74.3783 52.6715 2
      vertex 74.3783 54.0785 2
    endloop
  endfacet
  facet normal 0 0 1
    outer loop
      vertex 74.2275 54.1224 2
      vertex 74.2275 52.6276 2
      vertex 74.3783 52.6715 2
    endloop
  endfacet
  facet normal 0 0 1
    outer loop
      vertex 74.0797 54.1756 2
      vertex 74.2275 52.6276 2
      vertex 74.2275 54.1224 2
    endloop
  endfacet
  facet normal 0 0 1
    outer loop
      vertex 74.0797 54.1756 2
      vertex 74.0797 52.5744 2
      vertex 74.2275 52.6276 2
    endloop
  endfacet
  facet normal 0 0 1
    outer loop
      vertex 73.9356 54.2379 2
      vertex 74.0797 52.5744 2
      vertex 74.0797 54.1756 2
    endloop
  endfacet
  facet normal 0 0 1
    outer loop
      vertex 73.9356 54.2379 2
      vertex 73.9356 52.5121 2
      vertex 74.0797 52.5744 2
    endloop
  endfacet
  facet normal 0 0 1
    outer loop
      vertex 73.7956 54.3092 2
      vertex 73.9356 52.5121 2
      vertex 73.9356 54.2379 2
    endloop
  endfacet
  facet normal 0 0 1
    outer loop
      vertex 73.7956 54.3092 2
      vertex 73.7956 52.4408 2
      vertex 73.9356 52.5121 2
    endloop
  endfacet
  facet normal 0 0 1
    outer loop
      vertex 73.6604 54.3892 2
      vertex 73.7956 52.4408 2
      vertex 73.7956 54.3092 2
    endloop
  endfacet
  facet normal 0 0 1
    outer loop
      vertex 73.6604 54.3892 2
      vertex 73.6604 52.3608 2
      vertex 73.7956 52.4408 2
    endloop
  endfacet
  facet normal 0 0 1
    outer loop
      vertex 73.5305 54.4775 2
      vertex 73.6604 52.3608 2
      vertex 73.6604 54.3892 2
    endloop
  endfacet
  facet normal 0 0 1
    outer loop
      vertex 73.5305 54.4775 2
      vertex 73.5305 52.2725 2
      vertex 73.6604 52.3608 2
    endloop
  endfacet
  facet normal 0 0 1
    outer loop
      vertex 73.4064 54.5737 2
      vertex 73.5305 52.2725 2
      vertex 73.5305 54.4775 2
    endloop
  endfacet
  facet normal 0 0 1
    outer loop
      vertex 73.4064 54.5737 2
      vertex 73.4064 52.1763 2
      vertex 73.5305 52.2725 2
    endloop
  endfacet
  facet normal 0 0 1
    outer loop
      vertex 73.2886 54.6776 2
      vertex 73.4064 52.1763 2
      vertex 73.4064 54.5737 2
    endloop
  endfacet
  facet normal 0 0 1
    outer loop
      vertex 73.2886 54.6776 2
      vertex 73.2886 52.0724 2
      vertex 73.4064 52.1763 2
    endloop
  endfacet
  facet normal 0 0 1
    outer loop
      vertex 73.1776 54.7886 2
      vertex 73.2886 52.0724 2
      vertex 73.2886 54.6776 2
    endloop
  endfacet
  facet normal 0 0 1
    outer loop
      vertex 73.1776 54.7886 2
      vertex 73.1776 51.9614 2
      vertex 73.2886 52.0724 2
    endloop
  endfacet
  facet normal 0 0 1
    outer loop
      vertex 73.0737 54.9064 2
      vertex 73.1776 51.9614 2
      vertex 73.1776 54.7886 2
    endloop
  endfacet
  facet normal 0 0 1
    outer loop
      vertex 73.0737 54.9064 2
      vertex 73.0737 51.8436 2
      vertex 73.1776 51.9614 2
    endloop
  endfacet
  facet normal 0 0 1
    outer loop
      vertex 72.9775 55.0305 2
      vertex 73.0737 51.8436 2
      vertex 73.0737 54.9064 2
    endloop
  endfacet
  facet normal 0 0 1
    outer loop
      vertex 72.9775 55.0305 2
      vertex 72.9775 51.7195 2
      vertex 73.0737 51.8436 2
    endloop
  endfacet
  facet normal 0 0 1
    outer loop
      vertex 68 53.5 2
      vertex 72.9775 55.0305 2
      vertex 72.8892 55.1604 2
    endloop
  endfacet
  facet normal 0 0 1
    outer loop
      vertex 72.9775 55.0305 2
      vertex 68 53.5 2
      vertex 72.9775 51.7195 2
    endloop
  endfacet
  facet normal 0 0 1
    outer loop
      vertex 67.9951 53.657 2
      vertex 72.8892 55.1604 2
      vertex 72.8092 55.2956 2
    endloop
  endfacet
  facet normal -0 0 1
    outer loop
      vertex 67.9951 53.343 2
      vertex 72.9775 51.7195 2
      vertex 68 53.5 2
    endloop
  endfacet
  facet normal 0 0 1
    outer loop
      vertex 67.9803 53.8133 2
      vertex 72.8092 55.2956 2
      vertex 72.7379 55.4356 2
    endloop
  endfacet
  facet normal 0 0 1
    outer loop
      vertex 72.9775 51.7195 2
      vertex 67.9951 53.343 2
      vertex 72.8892 51.5896 2
    endloop
  endfacet
  facet normal 0 0 1
    outer loop
      vertex 67.9557 53.9685 2
      vertex 72.7379 55.4356 2
      vertex 72.6756 55.5797 2
    endloop
  endfacet
  facet normal -0 0 1
    outer loop
      vertex 67.9803 53.1867 2
      vertex 72.8892 51.5896 2
      vertex 67.9951 53.343 2
    endloop
  endfacet
  facet normal 0 0 1
    outer loop
      vertex 67.9215 54.1217 2
      vertex 72.6756 55.5797 2
      vertex 72.6224 55.7275 2
    endloop
  endfacet
  facet normal 0 0 1
    outer loop
      vertex 72.8892 51.5896 2
      vertex 67.9803 53.1867 2
      vertex 72.8092 51.4544 2
    endloop
  endfacet
  facet normal 0 0 1
    outer loop
      vertex 67.8776 54.2725 2
      vertex 72.6224 55.7275 2
      vertex 72.5785 55.8783 2
    endloop
  endfacet
  facet normal -0 0 1
    outer loop
      vertex 67.9557 53.0315 2
      vertex 72.8092 51.4544 2
      vertex 67.9803 53.1867 2
    endloop
  endfacet
  facet normal 0 0 1
    outer loop
      vertex 67.8244 54.4203 2
      vertex 72.5785 55.8783 2
      vertex 72.5443 56.0315 2
    endloop
  endfacet
  facet normal 0 0 1
    outer loop
      vertex 72.8092 51.4544 2
      vertex 67.9557 53.0315 2
      vertex 72.7379 51.3144 2
    endloop
  endfacet
  facet normal 0 0 1
    outer loop
      vertex 67.7621 54.5644 2
      vertex 72.5443 56.0315 2
      vertex 72.5197 56.1867 2
    endloop
  endfacet
  facet normal -0 0 1
    outer loop
      vertex 67.9215 52.8783 2
      vertex 72.7379 51.3144 2
      vertex 67.9557 53.0315 2
    endloop
  endfacet
  facet normal 0 0 1
    outer loop
      vertex 67.6908 54.7044 2
      vertex 72.5197 56.1867 2
      vertex 72.5049 56.343 2
    endloop
  endfacet
  facet normal 0 0 1
    outer loop
      vertex 72.7379 51.3144 2
      vertex 67.9215 52.8783 2
      vertex 72.6756 51.1703 2
    endloop
  endfacet
  facet normal 0 0 1
    outer loop
      vertex 67.6108 54.8396 2
      vertex 72.5049 56.343 2
      vertex 72.5 56.5 2
    endloop
  endfacet
  facet normal -0 0 1
    outer loop
      vertex 67.8776 52.7275 2
      vertex 72.6756 51.1703 2
      vertex 67.9215 52.8783 2
    endloop
  endfacet
  facet normal -0 0 1
    outer loop
      vertex 76.9263 48.6564 2
      vertex 81.467 45.6075 2
      vertex 77.0225 48.7805 2
    endloop
  endfacet
  facet normal 0 0 1
    outer loop
      vertex 81.467 45.6075 2
      vertex 76.9263 48.6564 2
      vertex 81.3711 45.4453 2
    endloop
  endfacet
  facet normal -0 0 1
    outer loop
      vertex 76.8224 48.5386 2
      vertex 81.3711 45.4453 2
      vertex 76.9263 48.6564 2
    endloop
  endfacet
  facet normal 0 0 1
    outer loop
      vertex 81.3711 45.4453 2
      vertex 76.8224 48.5386 2
      vertex 81.2855 45.2773 2
    endloop
  endfacet
  facet normal -0 0 1
    outer loop
      vertex 76.7114 48.4276 2
      vertex 81.2855 45.2773 2
      vertex 76.8224 48.5386 2
    endloop
  endfacet
  facet normal 0 0 1
    outer loop
      vertex 81.2855 45.2773 2
      vertex 76.7114 48.4276 2
      vertex 81.2107 45.1044 2
    endloop
  endfacet
  facet normal -0 0 1
    outer loop
      vertex 76.5936 48.3237 2
      vertex 81.2107 45.1044 2
      vertex 76.7114 48.4276 2
    endloop
  endfacet
  facet normal 0 0 1
    outer loop
      vertex 81.2107 45.1044 2
      vertex 76.5936 48.3237 2
      vertex 81.1468 44.9271 2
    endloop
  endfacet
  facet normal -0 0 1
    outer loop
      vertex 76.4695 48.2275 2
      vertex 81.1468 44.9271 2
      vertex 76.5936 48.3237 2
    endloop
  endfacet
  facet normal 0 0 1
    outer loop
      vertex 81.1468 44.9271 2
      vertex 76.4695 48.2275 2
      vertex 81.0943 44.7461 2
    endloop
  endfacet
  facet normal -0 0 1
    outer loop
      vertex 76.3396 48.1392 2
      vertex 81.0943 44.7461 2
      vertex 76.4695 48.2275 2
    endloop
  endfacet
  facet normal 0 0 1
    outer loop
      vertex 81.0943 44.7461 2
      vertex 76.3396 48.1392 2
      vertex 81.0531 44.5621 2
    endloop
  endfacet
  facet normal -0 0 1
    outer loop
      vertex 76.2044 48.0592 2
      vertex 81.0531 44.5621 2
      vertex 76.3396 48.1392 2
    endloop
  endfacet
  facet normal 0 0 1
    outer loop
      vertex 81.0531 44.5621 2
      vertex 76.2044 48.0592 2
      vertex 81.0237 44.376 2
    endloop
  endfacet
  facet normal -0 0 1
    outer loop
      vertex 76.0644 47.9879 2
      vertex 81.0237 44.376 2
      vertex 76.2044 48.0592 2
    endloop
  endfacet
  facet normal 0 0 1
    outer loop
      vertex 81.0237 44.376 2
      vertex 76.0644 47.9879 2
      vertex 81.0059 44.1884 2
    endloop
  endfacet
  facet normal -0 0 1
    outer loop
      vertex 75.9203 47.9256 2
      vertex 81.0059 44.1884 2
      vertex 76.0644 47.9879 2
    endloop
  endfacet
  facet normal -0 0 1
    outer loop
      vertex 75.7725 47.8724 2
      vertex 81.0059 44.1884 2
      vertex 75.9203 47.9256 2
    endloop
  endfacet
  facet normal 0 0 1
    outer loop
      vertex 81.0059 44.1884 2
      vertex 75.7725 47.8724 2
      vertex 81 44 2
    endloop
  endfacet
  facet normal -0 0 1
    outer loop
      vertex 75.6217 47.8285 2
      vertex 81 44 2
      vertex 75.7725 47.8724 2
    endloop
  endfacet
  facet normal 0 0 1
    outer loop
      vertex 81 44 2
      vertex 75.6217 47.8285 2
      vertex 81.0059 43.8116 2
    endloop
  endfacet
  facet normal -0 0 1
    outer loop
      vertex 75.4685 47.7943 2
      vertex 81.0059 43.8116 2
      vertex 75.6217 47.8285 2
    endloop
  endfacet
  facet normal 0 0 1
    outer loop
      vertex 81.0059 43.8116 2
      vertex 75.4685 47.7943 2
      vertex 81 42 2
    endloop
  endfacet
  facet normal -0 0 1
    outer loop
      vertex 75.3133 47.7697 2
      vertex 81 42 2
      vertex 75.4685 47.7943 2
    endloop
  endfacet
  facet normal -0 0 1
    outer loop
      vertex 75.157 47.7549 2
      vertex 81 42 2
      vertex 75.3133 47.7697 2
    endloop
  endfacet
  facet normal -0 0 1
    outer loop
      vertex 75 47.75 2
      vertex 81 42 2
      vertex 75.157 47.7549 2
    endloop
  endfacet
  facet normal 0 0 1
    outer loop
      vertex 74.843 47.7549 2
      vertex 81 42 2
      vertex 75 47.75 2
    endloop
  endfacet
  facet normal 0 0 1
    outer loop
      vertex 74.6867 47.7697 2
      vertex 81 42 2
      vertex 74.843 47.7549 2
    endloop
  endfacet
  facet normal 0 0 1
    outer loop
      vertex 74.5315 47.7943 2
      vertex 81 42 2
      vertex 74.6867 47.7697 2
    endloop
  endfacet
  facet normal 0 0 1
    outer loop
      vertex 74.3783 47.8285 2
      vertex 81 42 2
      vertex 74.5315 47.7943 2
    endloop
  endfacet
  facet normal 0 0 1
    outer loop
      vertex 74.2275 47.8724 2
      vertex 81 42 2
      vertex 74.3783 47.8285 2
    endloop
  endfacet
  facet normal 0 0 1
    outer loop
      vertex 74.0797 47.9256 2
      vertex 81 42 2
      vertex 74.2275 47.8724 2
    endloop
  endfacet
  facet normal 0 0 1
    outer loop
      vertex 73.9356 47.9879 2
      vertex 81 42 2
      vertex 74.0797 47.9256 2
    endloop
  endfacet
  facet normal 0 0 1
    outer loop
      vertex 73.7956 48.0592 2
      vertex 81 42 2
      vertex 73.9356 47.9879 2
    endloop
  endfacet
  facet normal 0 0 1
    outer loop
      vertex 56.6217 50.5785 2
      vertex 73.7956 48.0592 2
      vertex 73.6604 48.1392 2
    endloop
  endfacet
  facet normal 0 0 1
    outer loop
      vertex 65.343 51.0049 2
      vertex 73.6604 48.1392 2
      vertex 73.5305 48.2275 2
    endloop
  endfacet
  facet normal 0 0 1
    outer loop
      vertex 65.5 51 2
      vertex 73.5305 48.2275 2
      vertex 73.4064 48.3237 2
    endloop
  endfacet
  facet normal -0 0 1
    outer loop
      vertex 67.8244 52.5797 2
      vertex 72.6224 51.0225 2
      vertex 67.8776 52.7275 2
    endloop
  endfacet
  facet normal 0 0 1
    outer loop
      vertex 72.6224 51.0225 2
      vertex 67.8244 52.5797 2
      vertex 72.5785 50.8717 2
    endloop
  endfacet
  facet normal -0 0 1
    outer loop
      vertex 67.7621 52.4356 2
      vertex 72.5785 50.8717 2
      vertex 67.8244 52.5797 2
    endloop
  endfacet
  facet normal 0 0 1
    outer loop
      vertex 72.5785 50.8717 2
      vertex 67.7621 52.4356 2
      vertex 72.5443 50.7185 2
    endloop
  endfacet
  facet normal -0 0 1
    outer loop
      vertex 67.6908 52.2956 2
      vertex 72.5443 50.7185 2
      vertex 67.7621 52.4356 2
    endloop
  endfacet
  facet normal 0 0 1
    outer loop
      vertex 72.5443 50.7185 2
      vertex 67.6908 52.2956 2
      vertex 72.5197 50.5633 2
    endloop
  endfacet
  facet normal -0 0 1
    outer loop
      vertex 67.6108 52.1604 2
      vertex 72.5197 50.5633 2
      vertex 67.6908 52.2956 2
    endloop
  endfacet
  facet normal 0 0 1
    outer loop
      vertex 72.5197 50.5633 2
      vertex 67.6108 52.1604 2
      vertex 72.5049 50.407 2
    endloop
  endfacet
  facet normal -0 0 1
    outer loop
      vertex 67.5225 52.0305 2
      vertex 72.5049 50.407 2
      vertex 67.6108 52.1604 2
    endloop
  endfacet
  facet normal 0 0 1
    outer loop
      vertex 72.5049 50.407 2
      vertex 67.5225 52.0305 2
      vertex 72.5 50.25 2
    endloop
  endfacet
  facet normal -0 0 1
    outer loop
      vertex 67.4263 51.9064 2
      vertex 72.5 50.25 2
      vertex 67.5225 52.0305 2
    endloop
  endfacet
  facet normal 0 0 1
    outer loop
      vertex 72.5 50.25 2
      vertex 67.4263 51.9064 2
      vertex 72.5049 50.093 2
    endloop
  endfacet
  facet normal -0 0 1
    outer loop
      vertex 67.3224 51.7886 2
      vertex 72.5049 50.093 2
      vertex 67.4263 51.9064 2
    endloop
  endfacet
  facet normal 0 0 1
    outer loop
      vertex 72.5049 50.093 2
      vertex 67.3224 51.7886 2
      vertex 72.5197 49.9367 2
    endloop
  endfacet
  facet normal -0 0 1
    outer loop
      vertex 67.2114 51.6776 2
      vertex 72.5197 49.9367 2
      vertex 67.3224 51.7886 2
    endloop
  endfacet
  facet normal 0 0 1
    outer loop
      vertex 72.5197 49.9367 2
      vertex 67.2114 51.6776 2
      vertex 72.5443 49.7815 2
    endloop
  endfacet
  facet normal -0 0 1
    outer loop
      vertex 67.0936 51.5737 2
      vertex 72.5443 49.7815 2
      vertex 67.2114 51.6776 2
    endloop
  endfacet
  facet normal 0 0 1
    outer loop
      vertex 72.5443 49.7815 2
      vertex 67.0936 51.5737 2
      vertex 72.5785 49.6283 2
    endloop
  endfacet
  facet normal -0 0 1
    outer loop
      vertex 66.9695 51.4775 2
      vertex 72.5785 49.6283 2
      vertex 67.0936 51.5737 2
    endloop
  endfacet
  facet normal 0 0 1
    outer loop
      vertex 72.5785 49.6283 2
      vertex 66.9695 51.4775 2
      vertex 72.6224 49.4775 2
    endloop
  endfacet
  facet normal -0 0 1
    outer loop
      vertex 66.8396 51.3892 2
      vertex 72.6224 49.4775 2
      vertex 66.9695 51.4775 2
    endloop
  endfacet
  facet normal 0 0 1
    outer loop
      vertex 72.6224 49.4775 2
      vertex 66.8396 51.3892 2
      vertex 72.6756 49.3297 2
    endloop
  endfacet
  facet normal -0 0 1
    outer loop
      vertex 66.7044 51.3092 2
      vertex 72.6756 49.3297 2
      vertex 66.8396 51.3892 2
    endloop
  endfacet
  facet normal 0 0 1
    outer loop
      vertex 72.6756 49.3297 2
      vertex 66.7044 51.3092 2
      vertex 72.7379 49.1856 2
    endloop
  endfacet
  facet normal -0 0 1
    outer loop
      vertex 66.5644 51.2379 2
      vertex 72.7379 49.1856 2
      vertex 66.7044 51.3092 2
    endloop
  endfacet
  facet normal 0 0 1
    outer loop
      vertex 72.7379 49.1856 2
      vertex 66.5644 51.2379 2
      vertex 72.8092 49.0456 2
    endloop
  endfacet
  facet normal -0 0 1
    outer loop
      vertex 66.4203 51.1756 2
      vertex 72.8092 49.0456 2
      vertex 66.5644 51.2379 2
    endloop
  endfacet
  facet normal 0 0 1
    outer loop
      vertex 72.8092 49.0456 2
      vertex 66.4203 51.1756 2
      vertex 72.8892 48.9104 2
    endloop
  endfacet
  facet normal -0 0 1
    outer loop
      vertex 66.2725 51.1224 2
      vertex 72.8892 48.9104 2
      vertex 66.4203 51.1756 2
    endloop
  endfacet
  facet normal 0 0 1
    outer loop
      vertex 72.8892 48.9104 2
      vertex 66.2725 51.1224 2
      vertex 72.9775 48.7805 2
    endloop
  endfacet
  facet normal -0 0 1
    outer loop
      vertex 66.1217 51.0785 2
      vertex 72.9775 48.7805 2
      vertex 66.2725 51.1224 2
    endloop
  endfacet
  facet normal 0 0 1
    outer loop
      vertex 72.9775 48.7805 2
      vertex 66.1217 51.0785 2
      vertex 73.0737 48.6564 2
    endloop
  endfacet
  facet normal -0 0 1
    outer loop
      vertex 65.9685 51.0443 2
      vertex 73.0737 48.6564 2
      vertex 66.1217 51.0785 2
    endloop
  endfacet
  facet normal 0 0 1
    outer loop
      vertex 73.0737 48.6564 2
      vertex 65.9685 51.0443 2
      vertex 73.1776 48.5386 2
    endloop
  endfacet
  facet normal -0 0 1
    outer loop
      vertex 65.8133 51.0197 2
      vertex 73.1776 48.5386 2
      vertex 65.9685 51.0443 2
    endloop
  endfacet
  facet normal 0 0 1
    outer loop
      vertex 73.1776 48.5386 2
      vertex 65.8133 51.0197 2
      vertex 73.2886 48.4276 2
    endloop
  endfacet
  facet normal -0 0 1
    outer loop
      vertex 65.657 51.0049 2
      vertex 73.2886 48.4276 2
      vertex 65.8133 51.0197 2
    endloop
  endfacet
  facet normal 0 0 1
    outer loop
      vertex 73.2886 48.4276 2
      vertex 65.657 51.0049 2
      vertex 73.4064 48.3237 2
    endloop
  endfacet
  facet normal -0 0 1
    outer loop
      vertex 65.5 51 2
      vertex 73.4064 48.3237 2
      vertex 65.657 51.0049 2
    endloop
  endfacet
  facet normal 0 0 1
    outer loop
      vertex 73.5305 48.2275 2
      vertex 65.5 51 2
      vertex 65.343 51.0049 2
    endloop
  endfacet
  facet normal 0 0 1
    outer loop
      vertex 73.6604 48.1392 2
      vertex 65.343 51.0049 2
      vertex 65.1867 51.0197 2
    endloop
  endfacet
  facet normal 0 0 1
    outer loop
      vertex 73.6604 48.1392 2
      vertex 65.1867 51.0197 2
      vertex 56.6217 50.5785 2
    endloop
  endfacet
  facet normal 0 0 1
    outer loop
      vertex 56.6217 50.5785 2
      vertex 65.1867 51.0197 2
      vertex 65.0315 51.0443 2
    endloop
  endfacet
  facet normal 0 0 1
    outer loop
      vertex 56.7725 50.6224 2
      vertex 65.0315 51.0443 2
      vertex 64.8783 51.0785 2
    endloop
  endfacet
  facet normal 0 0 1
    outer loop
      vertex 56.9203 50.6756 2
      vertex 64.8783 51.0785 2
      vertex 64.7275 51.1224 2
    endloop
  endfacet
  facet normal 0 0 1
    outer loop
      vertex 57.0644 50.7379 2
      vertex 64.7275 51.1224 2
      vertex 64.5797 51.1756 2
    endloop
  endfacet
  facet normal 0 0 1
    outer loop
      vertex 57.2044 50.8092 2
      vertex 64.5797 51.1756 2
      vertex 64.4356 51.2379 2
    endloop
  endfacet
  facet normal 0 0 1
    outer loop
      vertex 57.3396 50.8892 2
      vertex 64.4356 51.2379 2
      vertex 64.2956 51.3092 2
    endloop
  endfacet
  facet normal 0 0 1
    outer loop
      vertex 58.4951 53.157 2
      vertex 63.0049 53.343 2
      vertex 63 53.5 2
    endloop
  endfacet
  facet normal 0 0 1
    outer loop
      vertex 58.5 53 2
      vertex 63.0197 53.1867 2
      vertex 63.0049 53.343 2
    endloop
  endfacet
  facet normal 0 0 1
    outer loop
      vertex 58.4951 52.843 2
      vertex 63.0197 53.1867 2
      vertex 58.5 53 2
    endloop
  endfacet
  facet normal 0 0 1
    outer loop
      vertex 63.0197 53.1867 2
      vertex 58.4951 52.843 2
      vertex 63.0443 53.0315 2
    endloop
  endfacet
  facet normal 0 0 1
    outer loop
      vertex 58.4803 52.6867 2
      vertex 63.0443 53.0315 2
      vertex 58.4951 52.843 2
    endloop
  endfacet
  facet normal 0 0 1
    outer loop
      vertex 63.0443 53.0315 2
      vertex 58.4803 52.6867 2
      vertex 63.0785 52.8783 2
    endloop
  endfacet
  facet normal 0 0 1
    outer loop
      vertex 58.4557 52.5315 2
      vertex 63.0785 52.8783 2
      vertex 58.4803 52.6867 2
    endloop
  endfacet
  facet normal 0 0 1
    outer loop
      vertex 63.0785 52.8783 2
      vertex 58.4557 52.5315 2
      vertex 63.1224 52.7275 2
    endloop
  endfacet
  facet normal 0 0 1
    outer loop
      vertex 58.4215 52.3783 2
      vertex 63.1224 52.7275 2
      vertex 58.4557 52.5315 2
    endloop
  endfacet
  facet normal 0 0 1
    outer loop
      vertex 63.1224 52.7275 2
      vertex 58.4215 52.3783 2
      vertex 63.1756 52.5797 2
    endloop
  endfacet
  facet normal 0 0 1
    outer loop
      vertex 58.3776 52.2275 2
      vertex 63.1756 52.5797 2
      vertex 58.4215 52.3783 2
    endloop
  endfacet
  facet normal 0 0 1
    outer loop
      vertex 63.1756 52.5797 2
      vertex 58.3776 52.2275 2
      vertex 63.2379 52.4356 2
    endloop
  endfacet
  facet normal 0 0 1
    outer loop
      vertex 58.3244 52.0797 2
      vertex 63.2379 52.4356 2
      vertex 58.3776 52.2275 2
    endloop
  endfacet
  facet normal 0 0 1
    outer loop
      vertex 63.2379 52.4356 2
      vertex 58.3244 52.0797 2
      vertex 63.3092 52.2956 2
    endloop
  endfacet
  facet normal 0 0 1
    outer loop
      vertex 58.2621 51.9356 2
      vertex 63.3092 52.2956 2
      vertex 58.3244 52.0797 2
    endloop
  endfacet
  facet normal 0 0 1
    outer loop
      vertex 63.3092 52.2956 2
      vertex 58.2621 51.9356 2
      vertex 63.3892 52.1604 2
    endloop
  endfacet
  facet normal 0 0 1
    outer loop
      vertex 58.1908 51.7956 2
      vertex 63.3892 52.1604 2
      vertex 58.2621 51.9356 2
    endloop
  endfacet
  facet normal 0 0 1
    outer loop
      vertex 63.3892 52.1604 2
      vertex 58.1908 51.7956 2
      vertex 63.4775 52.0305 2
    endloop
  endfacet
  facet normal 0 0 1
    outer loop
      vertex 58.1108 51.6604 2
      vertex 63.4775 52.0305 2
      vertex 58.1908 51.7956 2
    endloop
  endfacet
  facet normal 0 0 1
    outer loop
      vertex 63.4775 52.0305 2
      vertex 58.1108 51.6604 2
      vertex 63.5737 51.9064 2
    endloop
  endfacet
  facet normal 0 0 1
    outer loop
      vertex 58.0225 51.5305 2
      vertex 63.5737 51.9064 2
      vertex 58.1108 51.6604 2
    endloop
  endfacet
  facet normal 0 0 1
    outer loop
      vertex 63.5737 51.9064 2
      vertex 58.0225 51.5305 2
      vertex 63.6776 51.7886 2
    endloop
  endfacet
  facet normal 0 0 1
    outer loop
      vertex 57.9263 51.4064 2
      vertex 63.6776 51.7886 2
      vertex 58.0225 51.5305 2
    endloop
  endfacet
  facet normal 0 0 1
    outer loop
      vertex 63.6776 51.7886 2
      vertex 57.9263 51.4064 2
      vertex 63.7886 51.6776 2
    endloop
  endfacet
  facet normal 0 0 1
    outer loop
      vertex 57.8224 51.2886 2
      vertex 63.7886 51.6776 2
      vertex 57.9263 51.4064 2
    endloop
  endfacet
  facet normal 0 0 1
    outer loop
      vertex 63.7886 51.6776 2
      vertex 57.8224 51.2886 2
      vertex 63.9064 51.5737 2
    endloop
  endfacet
  facet normal 0 0 1
    outer loop
      vertex 57.7114 51.1776 2
      vertex 63.9064 51.5737 2
      vertex 57.8224 51.2886 2
    endloop
  endfacet
  facet normal 0 0 1
    outer loop
      vertex 63.9064 51.5737 2
      vertex 57.7114 51.1776 2
      vertex 64.0305 51.4775 2
    endloop
  endfacet
  facet normal 0 0 1
    outer loop
      vertex 57.5936 51.0737 2
      vertex 64.0305 51.4775 2
      vertex 57.7114 51.1776 2
    endloop
  endfacet
  facet normal 0 0 1
    outer loop
      vertex 64.0305 51.4775 2
      vertex 57.5936 51.0737 2
      vertex 64.1604 51.3892 2
    endloop
  endfacet
  facet normal 0 0 1
    outer loop
      vertex 57.4695 50.9775 2
      vertex 64.1604 51.3892 2
      vertex 57.5936 51.0737 2
    endloop
  endfacet
  facet normal 0 0 1
    outer loop
      vertex 64.1604 51.3892 2
      vertex 57.4695 50.9775 2
      vertex 64.2956 51.3092 2
    endloop
  endfacet
  facet normal 0 0 1
    outer loop
      vertex 57.3396 50.8892 2
      vertex 64.2956 51.3092 2
      vertex 57.4695 50.9775 2
    endloop
  endfacet
  facet normal 0 0 1
    outer loop
      vertex 64.4356 51.2379 2
      vertex 57.3396 50.8892 2
      vertex 57.2044 50.8092 2
    endloop
  endfacet
  facet normal 0 0 1
    outer loop
      vertex 64.5797 51.1756 2
      vertex 57.2044 50.8092 2
      vertex 57.0644 50.7379 2
    endloop
  endfacet
  facet normal 0 0 1
    outer loop
      vertex 64.7275 51.1224 2
      vertex 57.0644 50.7379 2
      vertex 56.9203 50.6756 2
    endloop
  endfacet
  facet normal 0 0 1
    outer loop
      vertex 64.8783 51.0785 2
      vertex 56.9203 50.6756 2
      vertex 56.7725 50.6224 2
    endloop
  endfacet
  facet normal 0 0 1
    outer loop
      vertex 65.0315 51.0443 2
      vertex 56.7725 50.6224 2
      vertex 56.6217 50.5785 2
    endloop
  endfacet
  facet normal 0 0 1
    outer loop
      vertex 73.7956 48.0592 2
      vertex 56.6217 50.5785 2
      vertex 81 42 2
    endloop
  endfacet
  facet normal -0 0 1
    outer loop
      vertex 56.4685 50.5443 2
      vertex 81 42 2
      vertex 56.6217 50.5785 2
    endloop
  endfacet
  facet normal -0 0 1
    outer loop
      vertex 56.3133 50.5197 2
      vertex 81 42 2
      vertex 56.4685 50.5443 2
    endloop
  endfacet
  facet normal -0 0 1
    outer loop
      vertex 56.157 50.5049 2
      vertex 81 42 2
      vertex 56.3133 50.5197 2
    endloop
  endfacet
  facet normal -0 0 1
    outer loop
      vertex 56 50.5 2
      vertex 81 42 2
      vertex 56.157 50.5049 2
    endloop
  endfacet
  facet normal 0 0 1
    outer loop
      vertex 55.843 50.5049 2
      vertex 81 42 2
      vertex 56 50.5 2
    endloop
  endfacet
  facet normal 0 0 1
    outer loop
      vertex 55.6867 50.5197 2
      vertex 81 42 2
      vertex 55.843 50.5049 2
    endloop
  endfacet
  facet normal 0 0 1
    outer loop
      vertex 12 42 2
      vertex 55.6867 50.5197 2
      vertex 55.5315 50.5443 2
    endloop
  endfacet
  facet normal 0 0 1
    outer loop
      vertex 12 42 2
      vertex 55.5315 50.5443 2
      vertex 55.3783 50.5785 2
    endloop
  endfacet
  facet normal 0 0 1
    outer loop
      vertex 12 42 2
      vertex 55.3783 50.5785 2
      vertex 55.2275 50.6224 2
    endloop
  endfacet
  facet normal 0 0 1
    outer loop
      vertex 11.8532 44.9271 2
      vertex 53.5049 52.843 2
      vertex 53.5 53 2
    endloop
  endfacet
  facet normal 0 0 1
    outer loop
      vertex 11.9941 44.1884 2
      vertex 53.5197 52.6867 2
      vertex 53.5049 52.843 2
    endloop
  endfacet
  facet normal 0 0 1
    outer loop
      vertex 11.9941 44.1884 2
      vertex 53.5443 52.5315 2
      vertex 53.5197 52.6867 2
    endloop
  endfacet
  facet normal 0 0 1
    outer loop
      vertex 11.9941 44.1884 2
      vertex 53.5785 52.3783 2
      vertex 53.5443 52.5315 2
    endloop
  endfacet
  facet normal 0 0 1
    outer loop
      vertex 11.9941 44.1884 2
      vertex 53.6224 52.2275 2
      vertex 53.5785 52.3783 2
    endloop
  endfacet
  facet normal 0 0 1
    outer loop
      vertex 12 44 2
      vertex 53.6756 52.0797 2
      vertex 53.6224 52.2275 2
    endloop
  endfacet
  facet normal 0 0 1
    outer loop
      vertex 12 44 2
      vertex 53.7379 51.9356 2
      vertex 53.6756 52.0797 2
    endloop
  endfacet
  facet normal 0 0 1
    outer loop
      vertex 11.9941 43.8116 2
      vertex 53.7379 51.9356 2
      vertex 12 44 2
    endloop
  endfacet
  facet normal 0 -0 1
    outer loop
      vertex 12 42 2
      vertex 53.7379 51.9356 2
      vertex 11.9941 43.8116 2
    endloop
  endfacet
  facet normal 0 0 1
    outer loop
      vertex 53.7379 51.9356 2
      vertex 12 42 2
      vertex 53.8092 51.7956 2
    endloop
  endfacet
  facet normal 0 0 1
    outer loop
      vertex 53.8092 51.7956 2
      vertex 12 42 2
      vertex 53.8892 51.6604 2
    endloop
  endfacet
  facet normal 0 0 1
    outer loop
      vertex 53.8892 51.6604 2
      vertex 12 42 2
      vertex 53.9775 51.5305 2
    endloop
  endfacet
  facet normal 0 0 1
    outer loop
      vertex 53.9775 51.5305 2
      vertex 12 42 2
      vertex 54.0737 51.4064 2
    endloop
  endfacet
  facet normal 0 0 1
    outer loop
      vertex 54.0737 51.4064 2
      vertex 12 42 2
      vertex 54.1776 51.2886 2
    endloop
  endfacet
  facet normal 0 0 1
    outer loop
      vertex 54.1776 51.2886 2
      vertex 12 42 2
      vertex 54.2886 51.1776 2
    endloop
  endfacet
  facet normal 0 0 1
    outer loop
      vertex 54.2886 51.1776 2
      vertex 12 42 2
      vertex 54.4064 51.0737 2
    endloop
  endfacet
  facet normal 0 0 1
    outer loop
      vertex 54.4064 51.0737 2
      vertex 12 42 2
      vertex 54.5305 50.9775 2
    endloop
  endfacet
  facet normal 0 0 1
    outer loop
      vertex 54.5305 50.9775 2
      vertex 12 42 2
      vertex 54.6604 50.8892 2
    endloop
  endfacet
  facet normal 0 0 1
    outer loop
      vertex 54.6604 50.8892 2
      vertex 12 42 2
      vertex 54.7956 50.8092 2
    endloop
  endfacet
  facet normal 0 0 1
    outer loop
      vertex 54.7956 50.8092 2
      vertex 12 42 2
      vertex 54.9356 50.7379 2
    endloop
  endfacet
  facet normal 0 0 1
    outer loop
      vertex 54.9356 50.7379 2
      vertex 12 42 2
      vertex 55.0797 50.6756 2
    endloop
  endfacet
  facet normal 0 0 1
    outer loop
      vertex 55.6867 50.5197 2
      vertex 12 42 2
      vertex 81 42 2
    endloop
  endfacet
  facet normal 0 0 1
    outer loop
      vertex 55.0797 50.6756 2
      vertex 12 42 2
      vertex 55.2275 50.6224 2
    endloop
  endfacet
  facet normal -0 0 1
    outer loop
      vertex 11.9763 43.624 2
      vertex 12 42 2
      vertex 11.9941 43.8116 2
    endloop
  endfacet
  facet normal -0 0 1
    outer loop
      vertex 11.9469 43.4379 2
      vertex 12 42 2
      vertex 11.9763 43.624 2
    endloop
  endfacet
  facet normal 0 0 1
    outer loop
      vertex 12 17 2
      vertex 11.9941 13.1884 2
      vertex 12 13 2
    endloop
  endfacet
  facet normal -0 0 1
    outer loop
      vertex 11.9057 43.2539 2
      vertex 12 42 2
      vertex 11.9469 43.4379 2
    endloop
  endfacet
  facet normal 0 0 1
    outer loop
      vertex 12 17 2
      vertex 11.9763 13.376 2
      vertex 11.9941 13.1884 2
    endloop
  endfacet
  facet normal -0 0 1
    outer loop
      vertex 11.8532 43.0729 2
      vertex 12 42 2
      vertex 11.9057 43.2539 2
    endloop
  endfacet
  facet normal 0 0 1
    outer loop
      vertex 12 17 2
      vertex 11.9469 13.5621 2
      vertex 11.9763 13.376 2
    endloop
  endfacet
  facet normal -0 0 1
    outer loop
      vertex 11.7893 42.8956 2
      vertex 12 42 2
      vertex 11.8532 43.0729 2
    endloop
  endfacet
  facet normal 0 0 1
    outer loop
      vertex 12 17 2
      vertex 11.9057 13.7461 2
      vertex 11.9469 13.5621 2
    endloop
  endfacet
  facet normal -0 0 1
    outer loop
      vertex 11.7145 42.7227 2
      vertex 12 42 2
      vertex 11.7893 42.8956 2
    endloop
  endfacet
  facet normal 0 0 1
    outer loop
      vertex 12 17 2
      vertex 11.8532 13.9271 2
      vertex 11.9057 13.7461 2
    endloop
  endfacet
  facet normal -0 0 1
    outer loop
      vertex 11.6289 42.5547 2
      vertex 12 42 2
      vertex 11.7145 42.7227 2
    endloop
  endfacet
  facet normal 0 0 1
    outer loop
      vertex 12 17 2
      vertex 11.7893 14.1044 2
      vertex 11.8532 13.9271 2
    endloop
  endfacet
  facet normal -0 0 1
    outer loop
      vertex 11.533 42.3925 2
      vertex 12 42 2
      vertex 11.6289 42.5547 2
    endloop
  endfacet
  facet normal 0 0 1
    outer loop
      vertex 12 17 2
      vertex 11.7145 14.2773 2
      vertex 11.7893 14.1044 2
    endloop
  endfacet
  facet normal -0 0 1
    outer loop
      vertex 11.4271 42.2366 2
      vertex 12 42 2
      vertex 11.533 42.3925 2
    endloop
  endfacet
  facet normal 0 0 1
    outer loop
      vertex 12 17 2
      vertex 11.6289 14.4453 2
      vertex 11.7145 14.2773 2
    endloop
  endfacet
  facet normal -0 0 1
    outer loop
      vertex 11.3115 42.0877 2
      vertex 12 42 2
      vertex 11.4271 42.2366 2
    endloop
  endfacet
  facet normal 0 0 1
    outer loop
      vertex 12 17 2
      vertex 11.533 14.6075 2
      vertex 11.6289 14.4453 2
    endloop
  endfacet
  facet normal 0 0 1
    outer loop
      vertex 11.1869 41.9464 2
      vertex 12 42 2
      vertex 11.3115 42.0877 2
    endloop
  endfacet
  facet normal 0 0 1
    outer loop
      vertex 12 17 2
      vertex 11.4271 14.7634 2
      vertex 11.533 14.6075 2
    endloop
  endfacet
  facet normal 0 0 1
    outer loop
      vertex 11.0536 41.8131 2
      vertex 12 42 2
      vertex 11.1869 41.9464 2
    endloop
  endfacet
  facet normal 0 0 1
    outer loop
      vertex 12 17 2
      vertex 11.3115 14.9123 2
      vertex 11.4271 14.7634 2
    endloop
  endfacet
  facet normal 0 0 1
    outer loop
      vertex 10.9123 41.6885 2
      vertex 12 42 2
      vertex 11.0536 41.8131 2
    endloop
  endfacet
  facet normal 0 0 1
    outer loop
      vertex 12 17 2
      vertex 11.1869 15.0536 2
      vertex 11.3115 14.9123 2
    endloop
  endfacet
  facet normal 0 0 1
    outer loop
      vertex 10.7634 41.5729 2
      vertex 12 42 2
      vertex 10.9123 41.6885 2
    endloop
  endfacet
  facet normal 0 0 1
    outer loop
      vertex 12 17 2
      vertex 11.0536 15.1869 2
      vertex 11.1869 15.0536 2
    endloop
  endfacet
  facet normal 0 0 1
    outer loop
      vertex 10.6075 41.467 2
      vertex 12 42 2
      vertex 10.7634 41.5729 2
    endloop
  endfacet
  facet normal 0 0 1
    outer loop
      vertex 12 17 2
      vertex 10.9123 15.3115 2
      vertex 11.0536 15.1869 2
    endloop
  endfacet
  facet normal 0 0 1
    outer loop
      vertex 10.4453 41.3711 2
      vertex 12 42 2
      vertex 10.6075 41.467 2
    endloop
  endfacet
  facet normal 0 0 1
    outer loop
      vertex 12 17 2
      vertex 10.7634 15.4271 2
      vertex 10.9123 15.3115 2
    endloop
  endfacet
  facet normal 0 0 1
    outer loop
      vertex 10.2773 41.2855 2
      vertex 12 42 2
      vertex 10.4453 41.3711 2
    endloop
  endfacet
  facet normal 0 0 1
    outer loop
      vertex 12 17 2
      vertex 10.6075 15.533 2
      vertex 10.7634 15.4271 2
    endloop
  endfacet
  facet normal 0 0 1
    outer loop
      vertex 12 42 2
      vertex 10.2773 41.2855 2
      vertex 12 17 2
    endloop
  endfacet
  facet normal 0 0 1
    outer loop
      vertex 12 17 2
      vertex 10.4453 15.6289 2
      vertex 10.6075 15.533 2
    endloop
  endfacet
  facet normal -0 0 1
    outer loop
      vertex 10.1044 41.2107 2
      vertex 12 17 2
      vertex 10.2773 41.2855 2
    endloop
  endfacet
  facet normal 0 0 1
    outer loop
      vertex 12 17 2
      vertex 10.2773 15.7145 2
      vertex 10.4453 15.6289 2
    endloop
  endfacet
  facet normal -0 0 1
    outer loop
      vertex 9.92705 41.1468 2
      vertex 12 17 2
      vertex 10.1044 41.2107 2
    endloop
  endfacet
  facet normal 0 0 1
    outer loop
      vertex 12 17 2
      vertex 10.1044 15.7893 2
      vertex 10.2773 15.7145 2
    endloop
  endfacet
  facet normal -0 0 1
    outer loop
      vertex 9.74607 41.0942 2
      vertex 12 17 2
      vertex 9.92705 41.1468 2
    endloop
  endfacet
  facet normal 0 0 1
    outer loop
      vertex 12 17 2
      vertex 9.92705 15.8532 2
      vertex 10.1044 15.7893 2
    endloop
  endfacet
  facet normal -0 0 1
    outer loop
      vertex 9.56214 41.0531 2
      vertex 12 17 2
      vertex 9.74607 41.0942 2
    endloop
  endfacet
  facet normal 0 0 1
    outer loop
      vertex 12 17 2
      vertex 9.74607 15.9057 2
      vertex 9.92705 15.8532 2
    endloop
  endfacet
  facet normal -0 0 1
    outer loop
      vertex 9.376 41.0237 2
      vertex 12 17 2
      vertex 9.56214 41.0531 2
    endloop
  endfacet
  facet normal 0 0 1
    outer loop
      vertex 12 17 2
      vertex 9.56214 15.9469 2
      vertex 9.74607 15.9057 2
    endloop
  endfacet
  facet normal -0 0 1
    outer loop
      vertex 9.18837 41.0059 2
      vertex 12 17 2
      vertex 9.376 41.0237 2
    endloop
  endfacet
  facet normal 0 0 1
    outer loop
      vertex 12 17 2
      vertex 9.376 15.9763 2
      vertex 9.56214 15.9469 2
    endloop
  endfacet
  facet normal -0 0 1
    outer loop
      vertex 9 41 2
      vertex 12 17 2
      vertex 9.18837 41.0059 2
    endloop
  endfacet
  facet normal 0 0 1
    outer loop
      vertex 12 17 2
      vertex 9.18837 15.9941 2
      vertex 9.376 15.9763 2
    endloop
  endfacet
  facet normal 0 0 1
    outer loop
      vertex 8.81163 41.0059 2
      vertex 12 17 2
      vertex 9 41 2
    endloop
  endfacet
  facet normal 0 0 1
    outer loop
      vertex 12 17 2
      vertex 9 16 2
      vertex 9.18837 15.9941 2
    endloop
  endfacet
  facet normal 0 0 1
    outer loop
      vertex 8.624 41.0237 2
      vertex 12 17 2
      vertex 8.81163 41.0059 2
    endloop
  endfacet
  facet normal 0 0 1
    outer loop
      vertex 12 17 2
      vertex 8.81163 15.9941 2
      vertex 9 16 2
    endloop
  endfacet
  facet normal 0 0 1
    outer loop
      vertex 8.624 15.9763 2
      vertex 12 17 2
      vertex 8.624 41.0237 2
    endloop
  endfacet
  facet normal 0 0 1
    outer loop
      vertex 12 17 2
      vertex 8.624 15.9763 2
      vertex 8.81163 15.9941 2
    endloop
  endfacet
  facet normal 0 0 1
    outer loop
      vertex 8.43786 41.0531 2
      vertex 8.624 15.9763 2
      vertex 8.624 41.0237 2
    endloop
  endfacet
  facet normal 0 0 1
    outer loop
      vertex 8.43786 41.0531 2
      vertex 8.43786 15.9469 2
      vertex 8.624 15.9763 2
    endloop
  endfacet
  facet normal 0 0 1
    outer loop
      vertex 8.25393 41.0942 2
      vertex 8.43786 15.9469 2
      vertex 8.43786 41.0531 2
    endloop
  endfacet
  facet normal 0 0 1
    outer loop
      vertex 8.25393 41.0942 2
      vertex 8.25393 15.9057 2
      vertex 8.43786 15.9469 2
    endloop
  endfacet
  facet normal 0 0 1
    outer loop
      vertex 8.07295 41.1468 2
      vertex 8.25393 15.9057 2
      vertex 8.25393 41.0942 2
    endloop
  endfacet
  facet normal 0 0 1
    outer loop
      vertex 8.07295 41.1468 2
      vertex 8.07295 15.8532 2
      vertex 8.25393 15.9057 2
    endloop
  endfacet
  facet normal 0 0 1
    outer loop
      vertex 7.89563 41.2107 2
      vertex 8.07295 15.8532 2
      vertex 8.07295 41.1468 2
    endloop
  endfacet
  facet normal 0 0 1
    outer loop
      vertex 7.89563 41.2107 2
      vertex 7.89563 15.7893 2
      vertex 8.07295 15.8532 2
    endloop
  endfacet
  facet normal 0 0 1
    outer loop
      vertex 7.72266 41.2855 2
      vertex 7.89563 15.7893 2
      vertex 7.89563 41.2107 2
    endloop
  endfacet
  facet normal 0 0 1
    outer loop
      vertex 7.72266 41.2855 2
      vertex 7.72266 15.7145 2
      vertex 7.89563 15.7893 2
    endloop
  endfacet
  facet normal 0 0 1
    outer loop
      vertex 7.55474 41.3711 2
      vertex 7.72266 15.7145 2
      vertex 7.72266 41.2855 2
    endloop
  endfacet
  facet normal 0 0 1
    outer loop
      vertex 7.55474 41.3711 2
      vertex 7.55474 15.6289 2
      vertex 7.72266 15.7145 2
    endloop
  endfacet
  facet normal 0 0 1
    outer loop
      vertex 7.39252 41.467 2
      vertex 7.55474 15.6289 2
      vertex 7.55474 41.3711 2
    endloop
  endfacet
  facet normal 0 0 1
    outer loop
      vertex 7.39252 41.467 2
      vertex 7.39252 15.533 2
      vertex 7.55474 15.6289 2
    endloop
  endfacet
  facet normal 0 0 1
    outer loop
      vertex 7.23664 41.5729 2
      vertex 7.39252 15.533 2
      vertex 7.39252 41.467 2
    endloop
  endfacet
  facet normal 0 0 1
    outer loop
      vertex 7.23664 41.5729 2
      vertex 7.23664 15.4271 2
      vertex 7.39252 15.533 2
    endloop
  endfacet
  facet normal 0 0 1
    outer loop
      vertex 7.08773 41.6885 2
      vertex 7.23664 15.4271 2
      vertex 7.23664 41.5729 2
    endloop
  endfacet
  facet normal 0 0 1
    outer loop
      vertex 7.08773 41.6885 2
      vertex 7.08773 15.3115 2
      vertex 7.23664 15.4271 2
    endloop
  endfacet
  facet normal 0 0 1
    outer loop
      vertex 6.94636 41.8131 2
      vertex 7.08773 15.3115 2
      vertex 7.08773 41.6885 2
    endloop
  endfacet
  facet normal 0 0 1
    outer loop
      vertex 6.94636 41.8131 2
      vertex 6.94636 15.1869 2
      vertex 7.08773 15.3115 2
    endloop
  endfacet
  facet normal 0 0 1
    outer loop
      vertex 6.81309 41.9464 2
      vertex 6.94636 15.1869 2
      vertex 6.94636 41.8131 2
    endloop
  endfacet
  facet normal 0 0 1
    outer loop
      vertex 6.81309 41.9464 2
      vertex 6.81309 15.0536 2
      vertex 6.94636 15.1869 2
    endloop
  endfacet
  facet normal 0 0 1
    outer loop
      vertex 6.68846 42.0877 2
      vertex 6.81309 15.0536 2
      vertex 6.81309 41.9464 2
    endloop
  endfacet
  facet normal 0 0 1
    outer loop
      vertex 6.68846 42.0877 2
      vertex 6.68846 14.9123 2
      vertex 6.81309 15.0536 2
    endloop
  endfacet
  facet normal 0 0 1
    outer loop
      vertex 6.57295 42.2366 2
      vertex 6.68846 14.9123 2
      vertex 6.68846 42.0877 2
    endloop
  endfacet
  facet normal 0 0 1
    outer loop
      vertex 6.57295 42.2366 2
      vertex 6.57295 14.7634 2
      vertex 6.68846 14.9123 2
    endloop
  endfacet
  facet normal 0 0 1
    outer loop
      vertex 6.46702 42.3925 2
      vertex 6.57295 14.7634 2
      vertex 6.57295 42.2366 2
    endloop
  endfacet
  facet normal 0 0 1
    outer loop
      vertex 6.46702 42.3925 2
      vertex 6.46702 14.6075 2
      vertex 6.57295 14.7634 2
    endloop
  endfacet
  facet normal 0 0 1
    outer loop
      vertex 6.37108 42.5547 2
      vertex 6.46702 14.6075 2
      vertex 6.46702 42.3925 2
    endloop
  endfacet
  facet normal 0 0 1
    outer loop
      vertex 6.37108 42.5547 2
      vertex 6.37108 14.4453 2
      vertex 6.46702 14.6075 2
    endloop
  endfacet
  facet normal 0 0 1
    outer loop
      vertex 6.28552 42.7227 2
      vertex 6.37108 14.4453 2
      vertex 6.37108 42.5547 2
    endloop
  endfacet
  facet normal 0 0 1
    outer loop
      vertex 6.28552 42.7227 2
      vertex 6.28552 14.2773 2
      vertex 6.37108 14.4453 2
    endloop
  endfacet
  facet normal 0 0 1
    outer loop
      vertex 6.21067 42.8956 2
      vertex 6.28552 14.2773 2
      vertex 6.28552 42.7227 2
    endloop
  endfacet
  facet normal 0 0 1
    outer loop
      vertex 6.21067 42.8956 2
      vertex 6.21067 14.1044 2
      vertex 6.28552 14.2773 2
    endloop
  endfacet
  facet normal 0 0 1
    outer loop
      vertex 6.14683 43.0729 2
      vertex 6.21067 14.1044 2
      vertex 6.21067 42.8956 2
    endloop
  endfacet
  facet normal 0 0 1
    outer loop
      vertex 6.14683 43.0729 2
      vertex 6.14683 13.9271 2
      vertex 6.21067 14.1044 2
    endloop
  endfacet
  facet normal 0 0 1
    outer loop
      vertex 6.09425 43.2539 2
      vertex 6.14683 13.9271 2
      vertex 6.14683 43.0729 2
    endloop
  endfacet
  facet normal 0 0 1
    outer loop
      vertex 6.09425 43.2539 2
      vertex 6.09425 13.7461 2
      vertex 6.14683 13.9271 2
    endloop
  endfacet
  facet normal 0 0 1
    outer loop
      vertex 2 2 2
      vertex 6.09425 43.2539 2
      vertex 6.05314 43.4379 2
    endloop
  endfacet
  facet normal 0 0 1
    outer loop
      vertex 6.09425 43.2539 2
      vertex 2 2 2
      vertex 6.09425 13.7461 2
    endloop
  endfacet
  facet normal 0 0 1
    outer loop
      vertex 2 2 2
      vertex 6.05314 43.4379 2
      vertex 6.02366 43.624 2
    endloop
  endfacet
  facet normal 0 0 1
    outer loop
      vertex 6.09425 13.7461 2
      vertex 2 2 2
      vertex 6.05314 13.5621 2
    endloop
  endfacet
  facet normal 0 0 1
    outer loop
      vertex 2 62 2
      vertex 6.02366 43.624 2
      vertex 6.00592 43.8116 2
    endloop
  endfacet
  facet normal 0 0 1
    outer loop
      vertex 6.05314 13.5621 2
      vertex 2 2 2
      vertex 6.02366 13.376 2
    endloop
  endfacet
  facet normal 0 0 1
    outer loop
      vertex 2 62 2
      vertex 6.00592 43.8116 2
      vertex 6 44 2
    endloop
  endfacet
  facet normal 0 0 1
    outer loop
      vertex 6.02366 13.376 2
      vertex 2 2 2
      vertex 6.00592 13.1884 2
    endloop
  endfacet
  facet normal 0 0 1
    outer loop
      vertex 91 62 2
      vertex 86.9763 43.624 2
      vertex 91 2 2
    endloop
  endfacet
  facet normal 0 0 1
    outer loop
      vertex 91 2 2
      vertex 86.9941 13.1884 2
      vertex 87 13 2
    endloop
  endfacet
  facet normal -0 0 1
    outer loop
      vertex 86.9469 43.4379 2
      vertex 91 2 2
      vertex 86.9763 43.624 2
    endloop
  endfacet
  facet normal 0 0 1
    outer loop
      vertex 91 2 2
      vertex 86.9763 13.376 2
      vertex 86.9941 13.1884 2
    endloop
  endfacet
  facet normal -0 0 1
    outer loop
      vertex 86.9057 43.2539 2
      vertex 91 2 2
      vertex 86.9469 43.4379 2
    endloop
  endfacet
  facet normal 0 0 1
    outer loop
      vertex 91 2 2
      vertex 86.9469 13.5621 2
      vertex 86.9763 13.376 2
    endloop
  endfacet
  facet normal -0 0 1
    outer loop
      vertex 86.9057 13.7461 2
      vertex 91 2 2
      vertex 86.9057 43.2539 2
    endloop
  endfacet
  facet normal 0 0 1
    outer loop
      vertex 91 2 2
      vertex 86.9057 13.7461 2
      vertex 86.9469 13.5621 2
    endloop
  endfacet
  facet normal -0 0 1
    outer loop
      vertex 86.8532 43.0729 2
      vertex 86.9057 13.7461 2
      vertex 86.9057 43.2539 2
    endloop
  endfacet
  facet normal 0 0 1
    outer loop
      vertex 86.8532 43.0729 2
      vertex 86.8532 13.9271 2
      vertex 86.9057 13.7461 2
    endloop
  endfacet
  facet normal -0 0 1
    outer loop
      vertex 86.7893 42.8956 2
      vertex 86.8532 13.9271 2
      vertex 86.8532 43.0729 2
    endloop
  endfacet
  facet normal 0 0 1
    outer loop
      vertex 86.7893 42.8956 2
      vertex 86.7893 14.1044 2
      vertex 86.8532 13.9271 2
    endloop
  endfacet
  facet normal -0 0 1
    outer loop
      vertex 86.7145 42.7227 2
      vertex 86.7893 14.1044 2
      vertex 86.7893 42.8956 2
    endloop
  endfacet
  facet normal 0 0 1
    outer loop
      vertex 86.7145 42.7227 2
      vertex 86.7145 14.2773 2
      vertex 86.7893 14.1044 2
    endloop
  endfacet
  facet normal -0 0 1
    outer loop
      vertex 86.6289 42.5547 2
      vertex 86.7145 14.2773 2
      vertex 86.7145 42.7227 2
    endloop
  endfacet
  facet normal 0 0 1
    outer loop
      vertex 86.6289 42.5547 2
      vertex 86.6289 14.4453 2
      vertex 86.7145 14.2773 2
    endloop
  endfacet
  facet normal -0 0 1
    outer loop
      vertex 86.533 42.3925 2
      vertex 86.6289 14.4453 2
      vertex 86.6289 42.5547 2
    endloop
  endfacet
  facet normal 0 0 1
    outer loop
      vertex 86.533 42.3925 2
      vertex 86.533 14.6075 2
      vertex 86.6289 14.4453 2
    endloop
  endfacet
  facet normal -0 0 1
    outer loop
      vertex 86.427 42.2366 2
      vertex 86.533 14.6075 2
      vertex 86.533 42.3925 2
    endloop
  endfacet
  facet normal 0 0 1
    outer loop
      vertex 86.427 42.2366 2
      vertex 86.427 14.7634 2
      vertex 86.533 14.6075 2
    endloop
  endfacet
  facet normal -0 0 1
    outer loop
      vertex 86.3115 42.0877 2
      vertex 86.427 14.7634 2
      vertex 86.427 42.2366 2
    endloop
  endfacet
  facet normal 0 0 1
    outer loop
      vertex 86.3115 42.0877 2
      vertex 86.3115 14.9123 2
      vertex 86.427 14.7634 2
    endloop
  endfacet
  facet normal -0 0 1
    outer loop
      vertex 86.1869 41.9464 2
      vertex 86.3115 14.9123 2
      vertex 86.3115 42.0877 2
    endloop
  endfacet
  facet normal 0 0 1
    outer loop
      vertex 86.1869 41.9464 2
      vertex 86.1869 15.0536 2
      vertex 86.3115 14.9123 2
    endloop
  endfacet
  facet normal -0 0 1
    outer loop
      vertex 86.0536 41.8131 2
      vertex 86.1869 15.0536 2
      vertex 86.1869 41.9464 2
    endloop
  endfacet
  facet normal 0 0 1
    outer loop
      vertex 86.0536 41.8131 2
      vertex 86.0536 15.1869 2
      vertex 86.1869 15.0536 2
    endloop
  endfacet
  facet normal -0 0 1
    outer loop
      vertex 85.9123 41.6885 2
      vertex 86.0536 15.1869 2
      vertex 86.0536 41.8131 2
    endloop
  endfacet
  facet normal 0 0 1
    outer loop
      vertex 85.9123 41.6885 2
      vertex 85.9123 15.3115 2
      vertex 86.0536 15.1869 2
    endloop
  endfacet
  facet normal -0 0 1
    outer loop
      vertex 85.7634 41.5729 2
      vertex 85.9123 15.3115 2
      vertex 85.9123 41.6885 2
    endloop
  endfacet
  facet normal 0 0 1
    outer loop
      vertex 85.7634 41.5729 2
      vertex 85.7634 15.4271 2
      vertex 85.9123 15.3115 2
    endloop
  endfacet
  facet normal -0 0 1
    outer loop
      vertex 85.6075 41.467 2
      vertex 85.7634 15.4271 2
      vertex 85.7634 41.5729 2
    endloop
  endfacet
  facet normal 0 0 1
    outer loop
      vertex 85.6075 41.467 2
      vertex 85.6075 15.533 2
      vertex 85.7634 15.4271 2
    endloop
  endfacet
  facet normal -0 0 1
    outer loop
      vertex 85.4453 41.3711 2
      vertex 85.6075 15.533 2
      vertex 85.6075 41.467 2
    endloop
  endfacet
  facet normal 0 0 1
    outer loop
      vertex 85.4453 41.3711 2
      vertex 85.4453 15.6289 2
      vertex 85.6075 15.533 2
    endloop
  endfacet
  facet normal -0 0 1
    outer loop
      vertex 85.2773 41.2855 2
      vertex 85.4453 15.6289 2
      vertex 85.4453 41.3711 2
    endloop
  endfacet
  facet normal 0 0 1
    outer loop
      vertex 85.2773 41.2855 2
      vertex 85.2773 15.7145 2
      vertex 85.4453 15.6289 2
    endloop
  endfacet
  facet normal -0 0 1
    outer loop
      vertex 85.1044 41.2107 2
      vertex 85.2773 15.7145 2
      vertex 85.2773 41.2855 2
    endloop
  endfacet
  facet normal 0 0 1
    outer loop
      vertex 85.1044 41.2107 2
      vertex 85.1044 15.7893 2
      vertex 85.2773 15.7145 2
    endloop
  endfacet
  facet normal -0 0 1
    outer loop
      vertex 84.927 41.1468 2
      vertex 85.1044 15.7893 2
      vertex 85.1044 41.2107 2
    endloop
  endfacet
  facet normal 0 0 1
    outer loop
      vertex 84.927 41.1468 2
      vertex 84.927 15.8532 2
      vertex 85.1044 15.7893 2
    endloop
  endfacet
  facet normal -0 0 1
    outer loop
      vertex 84.7461 41.0942 2
      vertex 84.927 15.8532 2
      vertex 84.927 41.1468 2
    endloop
  endfacet
  facet normal 0 0 1
    outer loop
      vertex 84.7461 41.0942 2
      vertex 84.7461 15.9057 2
      vertex 84.927 15.8532 2
    endloop
  endfacet
  facet normal -0 0 1
    outer loop
      vertex 84.5621 41.0531 2
      vertex 84.7461 15.9057 2
      vertex 84.7461 41.0942 2
    endloop
  endfacet
  facet normal 0 0 1
    outer loop
      vertex 84.5621 41.0531 2
      vertex 84.5621 15.9469 2
      vertex 84.7461 15.9057 2
    endloop
  endfacet
  facet normal -0 0 1
    outer loop
      vertex 84.376 41.0237 2
      vertex 84.5621 15.9469 2
      vertex 84.5621 41.0531 2
    endloop
  endfacet
  facet normal 0 0 1
    outer loop
      vertex 84.376 41.0237 2
      vertex 84.376 15.9763 2
      vertex 84.5621 15.9469 2
    endloop
  endfacet
  facet normal 0 0 1
    outer loop
      vertex 81 17 2
      vertex 84.376 41.0237 2
      vertex 84.1884 41.0059 2
    endloop
  endfacet
  facet normal 0 0 1
    outer loop
      vertex 84.376 41.0237 2
      vertex 81 17 2
      vertex 84.376 15.9763 2
    endloop
  endfacet
  facet normal 0 0 1
    outer loop
      vertex 81 17 2
      vertex 84.1884 41.0059 2
      vertex 84 41 2
    endloop
  endfacet
  facet normal 0 0 1
    outer loop
      vertex 84.376 15.9763 2
      vertex 81 17 2
      vertex 84.1884 15.9941 2
    endloop
  endfacet
  facet normal 0 0 1
    outer loop
      vertex 81 17 2
      vertex 84 41 2
      vertex 83.8116 41.0059 2
    endloop
  endfacet
  facet normal 0 0 1
    outer loop
      vertex 84.1884 15.9941 2
      vertex 81 17 2
      vertex 84 16 2
    endloop
  endfacet
  facet normal 0 0 1
    outer loop
      vertex 81 17 2
      vertex 83.8116 41.0059 2
      vertex 83.624 41.0237 2
    endloop
  endfacet
  facet normal 0 0 1
    outer loop
      vertex 84 16 2
      vertex 81 17 2
      vertex 83.8116 15.9941 2
    endloop
  endfacet
  facet normal 0 0 1
    outer loop
      vertex 81 17 2
      vertex 83.624 41.0237 2
      vertex 83.4379 41.0531 2
    endloop
  endfacet
  facet normal 0 0 1
    outer loop
      vertex 83.8116 15.9941 2
      vertex 81 17 2
      vertex 83.624 15.9763 2
    endloop
  endfacet
  facet normal 0 0 1
    outer loop
      vertex 81 17 2
      vertex 83.4379 41.0531 2
      vertex 83.2539 41.0942 2
    endloop
  endfacet
  facet normal 0 0 1
    outer loop
      vertex 83.624 15.9763 2
      vertex 81 17 2
      vertex 83.4379 15.9469 2
    endloop
  endfacet
  facet normal 0 0 1
    outer loop
      vertex 81 17 2
      vertex 83.2539 41.0942 2
      vertex 83.073 41.1468 2
    endloop
  endfacet
  facet normal 0 0 1
    outer loop
      vertex 83.4379 15.9469 2
      vertex 81 17 2
      vertex 83.2539 15.9057 2
    endloop
  endfacet
  facet normal 0 0 1
    outer loop
      vertex 81 17 2
      vertex 83.073 41.1468 2
      vertex 82.8956 41.2107 2
    endloop
  endfacet
  facet normal 0 0 1
    outer loop
      vertex 83.2539 15.9057 2
      vertex 81 17 2
      vertex 83.073 15.8532 2
    endloop
  endfacet
  facet normal 0 0 1
    outer loop
      vertex 81 17 2
      vertex 82.8956 41.2107 2
      vertex 82.7227 41.2855 2
    endloop
  endfacet
  facet normal 0 0 1
    outer loop
      vertex 83.073 15.8532 2
      vertex 81 17 2
      vertex 82.8956 15.7893 2
    endloop
  endfacet
  facet normal 0 0 1
    outer loop
      vertex 81 42 2
      vertex 82.7227 41.2855 2
      vertex 82.5547 41.3711 2
    endloop
  endfacet
  facet normal 0 0 1
    outer loop
      vertex 82.8956 15.7893 2
      vertex 81 17 2
      vertex 82.7227 15.7145 2
    endloop
  endfacet
  facet normal 0 0 1
    outer loop
      vertex 81 42 2
      vertex 82.5547 41.3711 2
      vertex 82.3925 41.467 2
    endloop
  endfacet
  facet normal 0 0 1
    outer loop
      vertex 82.7227 15.7145 2
      vertex 81 17 2
      vertex 82.5547 15.6289 2
    endloop
  endfacet
  facet normal 0 0 1
    outer loop
      vertex 81 42 2
      vertex 82.3925 41.467 2
      vertex 82.2366 41.5729 2
    endloop
  endfacet
  facet normal 0 0 1
    outer loop
      vertex 82.5547 15.6289 2
      vertex 81 17 2
      vertex 82.3925 15.533 2
    endloop
  endfacet
  facet normal 0 0 1
    outer loop
      vertex 81 42 2
      vertex 82.2366 41.5729 2
      vertex 82.0877 41.6885 2
    endloop
  endfacet
  facet normal 0 0 1
    outer loop
      vertex 82.3925 15.533 2
      vertex 81 17 2
      vertex 82.2366 15.4271 2
    endloop
  endfacet
  facet normal 0 0 1
    outer loop
      vertex 81 42 2
      vertex 82.0877 41.6885 2
      vertex 81.9464 41.8131 2
    endloop
  endfacet
  facet normal 0 0 1
    outer loop
      vertex 82.2366 15.4271 2
      vertex 81 17 2
      vertex 82.0877 15.3115 2
    endloop
  endfacet
  facet normal 0 0 1
    outer loop
      vertex 81 42 2
      vertex 81.9464 41.8131 2
      vertex 81.8131 41.9464 2
    endloop
  endfacet
  facet normal 0 0 1
    outer loop
      vertex 82.0877 15.3115 2
      vertex 81 17 2
      vertex 81.9464 15.1869 2
    endloop
  endfacet
  facet normal -0 0 1
    outer loop
      vertex 81 42 2
      vertex 81.8131 41.9464 2
      vertex 81.6885 42.0877 2
    endloop
  endfacet
  facet normal 0 0 1
    outer loop
      vertex 81.9464 15.1869 2
      vertex 81 17 2
      vertex 81.8131 15.0536 2
    endloop
  endfacet
  facet normal 0 0 1
    outer loop
      vertex 81 42 2
      vertex 81.6885 42.0877 2
      vertex 81.573 42.2366 2
    endloop
  endfacet
  facet normal 0 0 1
    outer loop
      vertex 81.8131 15.0536 2
      vertex 81 17 2
      vertex 81.6885 14.9123 2
    endloop
  endfacet
  facet normal 0 0 1
    outer loop
      vertex 81 42 2
      vertex 81.573 42.2366 2
      vertex 81.467 42.3925 2
    endloop
  endfacet
  facet normal 0 0 1
    outer loop
      vertex 81.6885 14.9123 2
      vertex 81 17 2
      vertex 81.573 14.7634 2
    endloop
  endfacet
  facet normal 0 0 1
    outer loop
      vertex 81 42 2
      vertex 81.467 42.3925 2
      vertex 81.3711 42.5547 2
    endloop
  endfacet
  facet normal 0 0 1
    outer loop
      vertex 81.573 14.7634 2
      vertex 81 17 2
      vertex 81.467 14.6075 2
    endloop
  endfacet
  facet normal 0 0 1
    outer loop
      vertex 81 42 2
      vertex 81.3711 42.5547 2
      vertex 81.2855 42.7227 2
    endloop
  endfacet
  facet normal 0 0 1
    outer loop
      vertex 81.467 14.6075 2
      vertex 81 17 2
      vertex 81.3711 14.4453 2
    endloop
  endfacet
  facet normal 0 0 1
    outer loop
      vertex 81 42 2
      vertex 81.2855 42.7227 2
      vertex 81.2107 42.8956 2
    endloop
  endfacet
  facet normal 0 0 1
    outer loop
      vertex 81.3711 14.4453 2
      vertex 81 17 2
      vertex 81.2855 14.2773 2
    endloop
  endfacet
  facet normal 0 0 1
    outer loop
      vertex 81 42 2
      vertex 81.2107 42.8956 2
      vertex 81.1468 43.0729 2
    endloop
  endfacet
  facet normal 0 0 1
    outer loop
      vertex 81.2855 14.2773 2
      vertex 81 17 2
      vertex 81.2107 14.1044 2
    endloop
  endfacet
  facet normal 0 0 1
    outer loop
      vertex 81 42 2
      vertex 81.1468 43.0729 2
      vertex 81.0943 43.2539 2
    endloop
  endfacet
  facet normal 0 0 1
    outer loop
      vertex 81.2107 14.1044 2
      vertex 81 17 2
      vertex 81.1468 13.9271 2
    endloop
  endfacet
  facet normal 0 0 1
    outer loop
      vertex 81 42 2
      vertex 81.0943 43.2539 2
      vertex 81.0531 43.4379 2
    endloop
  endfacet
  facet normal 0 0 1
    outer loop
      vertex 81.1468 13.9271 2
      vertex 81 17 2
      vertex 81.0943 13.7461 2
    endloop
  endfacet
  facet normal 0 0 1
    outer loop
      vertex 81 42 2
      vertex 81.0531 43.4379 2
      vertex 81.0237 43.624 2
    endloop
  endfacet
  facet normal 0 0 1
    outer loop
      vertex 82.7227 41.2855 2
      vertex 81 42 2
      vertex 81 17 2
    endloop
  endfacet
  facet normal 0 0 1
    outer loop
      vertex 81 42 2
      vertex 81.0237 43.624 2
      vertex 81.0059 43.8116 2
    endloop
  endfacet
  facet normal 0 0 1
    outer loop
      vertex 81.0943 13.7461 2
      vertex 81 17 2
      vertex 81.0531 13.5621 2
    endloop
  endfacet
  facet normal 0 0 1
    outer loop
      vertex 81.573 45.7634 2
      vertex 77.0225 48.7805 2
      vertex 81.467 45.6075 2
    endloop
  endfacet
  facet normal 0 0 1
    outer loop
      vertex 81.0531 13.5621 2
      vertex 81 17 2
      vertex 81.0237 13.376 2
    endloop
  endfacet
  facet normal 0 0 1
    outer loop
      vertex 81.0237 13.376 2
      vertex 81 17 2
      vertex 81.0059 13.1884 2
    endloop
  endfacet
  facet normal -0 0 1
    outer loop
      vertex 12 17 2
      vertex 81.0059 13.1884 2
      vertex 81 17 2
    endloop
  endfacet
  facet normal 0 0 1
    outer loop
      vertex 12 13 2
      vertex 81.0059 13.1884 2
      vertex 12 17 2
    endloop
  endfacet
  facet normal 0 0 1
    outer loop
      vertex 86.9803 53.1867 2
      vertex 91 62 2
      vertex 86.9951 53.343 2
    endloop
  endfacet
  facet normal 0 0 1
    outer loop
      vertex 91 62 2
      vertex 86.9941 44.1884 2
      vertex 87 44 2
    endloop
  endfacet
  facet normal 0 0 1
    outer loop
      vertex 86.9557 53.0315 2
      vertex 91 62 2
      vertex 86.9803 53.1867 2
    endloop
  endfacet
  facet normal 0 0 1
    outer loop
      vertex 91 62 2
      vertex 86.9763 44.376 2
      vertex 86.9941 44.1884 2
    endloop
  endfacet
  facet normal 0 0 1
    outer loop
      vertex 86.9469 44.5621 2
      vertex 91 62 2
      vertex 86.9557 53.0315 2
    endloop
  endfacet
  facet normal 0 0 1
    outer loop
      vertex 91 62 2
      vertex 86.9469 44.5621 2
      vertex 86.9763 44.376 2
    endloop
  endfacet
  facet normal -0 0 1
    outer loop
      vertex 86.9215 52.8783 2
      vertex 86.9469 44.5621 2
      vertex 86.9557 53.0315 2
    endloop
  endfacet
  facet normal 0 0 1
    outer loop
      vertex 86.9215 52.8783 2
      vertex 86.9057 44.7461 2
      vertex 86.9469 44.5621 2
    endloop
  endfacet
  facet normal -0 0 1
    outer loop
      vertex 86.8776 52.7275 2
      vertex 86.9057 44.7461 2
      vertex 86.9215 52.8783 2
    endloop
  endfacet
  facet normal 0 0 1
    outer loop
      vertex 86.8776 52.7275 2
      vertex 86.8532 44.9271 2
      vertex 86.9057 44.7461 2
    endloop
  endfacet
  facet normal -0 0 1
    outer loop
      vertex 86.8244 52.5797 2
      vertex 86.8532 44.9271 2
      vertex 86.8776 52.7275 2
    endloop
  endfacet
  facet normal 0 0 1
    outer loop
      vertex 86.8244 52.5797 2
      vertex 86.7893 45.1044 2
      vertex 86.8532 44.9271 2
    endloop
  endfacet
  facet normal -0 0 1
    outer loop
      vertex 86.7621 52.4356 2
      vertex 86.7893 45.1044 2
      vertex 86.8244 52.5797 2
    endloop
  endfacet
  facet normal 0 0 1
    outer loop
      vertex 86.7621 52.4356 2
      vertex 86.7145 45.2773 2
      vertex 86.7893 45.1044 2
    endloop
  endfacet
  facet normal -0 0 1
    outer loop
      vertex 86.6908 52.2956 2
      vertex 86.7145 45.2773 2
      vertex 86.7621 52.4356 2
    endloop
  endfacet
  facet normal 0 0 1
    outer loop
      vertex 86.6908 52.2956 2
      vertex 86.6289 45.4453 2
      vertex 86.7145 45.2773 2
    endloop
  endfacet
  facet normal -0 0 1
    outer loop
      vertex 86.6108 52.1604 2
      vertex 86.6289 45.4453 2
      vertex 86.6908 52.2956 2
    endloop
  endfacet
  facet normal 0 0 1
    outer loop
      vertex 86.6108 52.1604 2
      vertex 86.533 45.6075 2
      vertex 86.6289 45.4453 2
    endloop
  endfacet
  facet normal -0 0 1
    outer loop
      vertex 86.5225 52.0305 2
      vertex 86.533 45.6075 2
      vertex 86.6108 52.1604 2
    endloop
  endfacet
  facet normal 0 0 1
    outer loop
      vertex 86.5225 52.0305 2
      vertex 86.427 45.7634 2
      vertex 86.533 45.6075 2
    endloop
  endfacet
  facet normal -0 0 1
    outer loop
      vertex 86.4263 51.9064 2
      vertex 86.427 45.7634 2
      vertex 86.5225 52.0305 2
    endloop
  endfacet
  facet normal 0 0 1
    outer loop
      vertex 86.3115 45.9123 2
      vertex 86.4263 51.9064 2
      vertex 86.3224 51.7886 2
    endloop
  endfacet
  facet normal 0 0 1
    outer loop
      vertex 86.4263 51.9064 2
      vertex 86.3115 45.9123 2
      vertex 86.427 45.7634 2
    endloop
  endfacet
  facet normal 0 0 1
    outer loop
      vertex 86.1869 46.0536 2
      vertex 86.3224 51.7886 2
      vertex 86.2114 51.6776 2
    endloop
  endfacet
  facet normal 0 0 1
    outer loop
      vertex 86.3224 51.7886 2
      vertex 86.1869 46.0536 2
      vertex 86.3115 45.9123 2
    endloop
  endfacet
  facet normal 0 0 1
    outer loop
      vertex 86.0536 46.1869 2
      vertex 86.2114 51.6776 2
      vertex 86.0936 51.5737 2
    endloop
  endfacet
  facet normal 0 0 1
    outer loop
      vertex 86.2114 51.6776 2
      vertex 86.0536 46.1869 2
      vertex 86.1869 46.0536 2
    endloop
  endfacet
  facet normal 0 0 1
    outer loop
      vertex 85.9123 46.3115 2
      vertex 86.0936 51.5737 2
      vertex 85.9695 51.4775 2
    endloop
  endfacet
  facet normal 0 0 1
    outer loop
      vertex 86.0936 51.5737 2
      vertex 85.9123 46.3115 2
      vertex 86.0536 46.1869 2
    endloop
  endfacet
  facet normal 0 0 1
    outer loop
      vertex 85.7634 46.4271 2
      vertex 85.9695 51.4775 2
      vertex 85.8396 51.3892 2
    endloop
  endfacet
  facet normal 0 0 1
    outer loop
      vertex 85.9695 51.4775 2
      vertex 85.7634 46.4271 2
      vertex 85.9123 46.3115 2
    endloop
  endfacet
  facet normal 0 0 1
    outer loop
      vertex 85.6075 46.533 2
      vertex 85.8396 51.3892 2
      vertex 85.7044 51.3092 2
    endloop
  endfacet
  facet normal 0 0 1
    outer loop
      vertex 85.8396 51.3892 2
      vertex 85.6075 46.533 2
      vertex 85.7634 46.4271 2
    endloop
  endfacet
  facet normal 0 0 1
    outer loop
      vertex 85.4453 46.6289 2
      vertex 85.7044 51.3092 2
      vertex 85.5644 51.2379 2
    endloop
  endfacet
  facet normal 0 0 1
    outer loop
      vertex 85.7044 51.3092 2
      vertex 85.4453 46.6289 2
      vertex 85.6075 46.533 2
    endloop
  endfacet
  facet normal -0 0 1
    outer loop
      vertex 85.4203 51.1756 2
      vertex 85.4453 46.6289 2
      vertex 85.5644 51.2379 2
    endloop
  endfacet
  facet normal 0 0 1
    outer loop
      vertex 85.4203 51.1756 2
      vertex 85.2773 46.7145 2
      vertex 85.4453 46.6289 2
    endloop
  endfacet
  facet normal -0 0 1
    outer loop
      vertex 85.2725 51.1224 2
      vertex 85.2773 46.7145 2
      vertex 85.4203 51.1756 2
    endloop
  endfacet
  facet normal 0 0 1
    outer loop
      vertex 85.1044 46.7893 2
      vertex 85.2725 51.1224 2
      vertex 85.1217 51.0785 2
    endloop
  endfacet
  facet normal 0 0 1
    outer loop
      vertex 85.2725 51.1224 2
      vertex 85.1044 46.7893 2
      vertex 85.2773 46.7145 2
    endloop
  endfacet
  facet normal 0 0 1
    outer loop
      vertex 84.927 46.8532 2
      vertex 85.1217 51.0785 2
      vertex 84.9685 51.0443 2
    endloop
  endfacet
  facet normal 0 0 1
    outer loop
      vertex 85.1217 51.0785 2
      vertex 84.927 46.8532 2
      vertex 85.1044 46.7893 2
    endloop
  endfacet
  facet normal 0 0 1
    outer loop
      vertex 84.7461 46.9058 2
      vertex 84.9685 51.0443 2
      vertex 84.8133 51.0197 2
    endloop
  endfacet
  facet normal 0 0 1
    outer loop
      vertex 84.9685 51.0443 2
      vertex 84.7461 46.9058 2
      vertex 84.927 46.8532 2
    endloop
  endfacet
  facet normal 0 0 1
    outer loop
      vertex 84.5621 46.9469 2
      vertex 84.8133 51.0197 2
      vertex 84.657 51.0049 2
    endloop
  endfacet
  facet normal 0 0 1
    outer loop
      vertex 84.8133 51.0197 2
      vertex 84.5621 46.9469 2
      vertex 84.7461 46.9058 2
    endloop
  endfacet
  facet normal 0 0 1
    outer loop
      vertex 84.376 46.9763 2
      vertex 84.657 51.0049 2
      vertex 84.5 51 2
    endloop
  endfacet
  facet normal 0 0 1
    outer loop
      vertex 84.657 51.0049 2
      vertex 84.376 46.9763 2
      vertex 84.5621 46.9469 2
    endloop
  endfacet
  facet normal 0 0 1
    outer loop
      vertex 84.1884 46.9941 2
      vertex 84.5 51 2
      vertex 84.343 51.0049 2
    endloop
  endfacet
  facet normal 0 0 1
    outer loop
      vertex 84.5 51 2
      vertex 84.1884 46.9941 2
      vertex 84.376 46.9763 2
    endloop
  endfacet
  facet normal 0 0 1
    outer loop
      vertex 84 47 2
      vertex 84.343 51.0049 2
      vertex 84.1867 51.0197 2
    endloop
  endfacet
  facet normal 0 0 1
    outer loop
      vertex 83.8116 46.9941 2
      vertex 84.1867 51.0197 2
      vertex 84.0315 51.0443 2
    endloop
  endfacet
  facet normal 0 0 1
    outer loop
      vertex 84.343 51.0049 2
      vertex 84 47 2
      vertex 84.1884 46.9941 2
    endloop
  endfacet
  facet normal 0 0 1
    outer loop
      vertex 83.8116 46.9941 2
      vertex 84.0315 51.0443 2
      vertex 83.8783 51.0785 2
    endloop
  endfacet
  facet normal 0 0 1
    outer loop
      vertex 84.1867 51.0197 2
      vertex 83.8116 46.9941 2
      vertex 84 47 2
    endloop
  endfacet
  facet normal 0 0 1
    outer loop
      vertex 83.624 46.9763 2
      vertex 83.8783 51.0785 2
      vertex 83.7275 51.1224 2
    endloop
  endfacet
  facet normal 0 0 1
    outer loop
      vertex 83.8783 51.0785 2
      vertex 83.624 46.9763 2
      vertex 83.8116 46.9941 2
    endloop
  endfacet
  facet normal 0 0 1
    outer loop
      vertex 83.4379 46.9469 2
      vertex 83.7275 51.1224 2
      vertex 83.5797 51.1756 2
    endloop
  endfacet
  facet normal 0 0 1
    outer loop
      vertex 83.7275 51.1224 2
      vertex 83.4379 46.9469 2
      vertex 83.624 46.9763 2
    endloop
  endfacet
  facet normal 0 0 1
    outer loop
      vertex 83.2539 46.9058 2
      vertex 83.5797 51.1756 2
      vertex 83.4356 51.2379 2
    endloop
  endfacet
  facet normal 0 0 1
    outer loop
      vertex 83.073 46.8532 2
      vertex 83.4356 51.2379 2
      vertex 83.2956 51.3092 2
    endloop
  endfacet
  facet normal 0 0 1
    outer loop
      vertex 83.5797 51.1756 2
      vertex 83.2539 46.9058 2
      vertex 83.4379 46.9469 2
    endloop
  endfacet
  facet normal 0 0 1
    outer loop
      vertex 82.8956 46.7893 2
      vertex 83.2956 51.3092 2
      vertex 83.1604 51.3892 2
    endloop
  endfacet
  facet normal 0 0 1
    outer loop
      vertex 83.4356 51.2379 2
      vertex 83.073 46.8532 2
      vertex 83.2539 46.9058 2
    endloop
  endfacet
  facet normal 0 0 1
    outer loop
      vertex 82.7227 46.7145 2
      vertex 83.1604 51.3892 2
      vertex 83.0305 51.4775 2
    endloop
  endfacet
  facet normal 0 0 1
    outer loop
      vertex 82.5547 46.6289 2
      vertex 83.0305 51.4775 2
      vertex 82.9064 51.5737 2
    endloop
  endfacet
  facet normal 0 0 1
    outer loop
      vertex 83.2956 51.3092 2
      vertex 82.8956 46.7893 2
      vertex 83.073 46.8532 2
    endloop
  endfacet
  facet normal 0 0 1
    outer loop
      vertex 82.3925 46.533 2
      vertex 82.9064 51.5737 2
      vertex 82.7886 51.6776 2
    endloop
  endfacet
  facet normal 0 0 1
    outer loop
      vertex 83.1604 51.3892 2
      vertex 82.7227 46.7145 2
      vertex 82.8956 46.7893 2
    endloop
  endfacet
  facet normal 0 0 1
    outer loop
      vertex 82.5737 51.9064 2
      vertex 77.4951 50.093 2
      vertex 82.6776 51.7886 2
    endloop
  endfacet
  facet normal 0 0 1
    outer loop
      vertex 77.4951 50.093 2
      vertex 82.5737 51.9064 2
      vertex 77.5 50.25 2
    endloop
  endfacet
  facet normal 0 0 1
    outer loop
      vertex 83.0305 51.4775 2
      vertex 82.5547 46.6289 2
      vertex 82.7227 46.7145 2
    endloop
  endfacet
  facet normal 0 0 1
    outer loop
      vertex 77.5 50.25 2
      vertex 82.5737 51.9064 2
      vertex 82.4775 52.0305 2
    endloop
  endfacet
  facet normal 0 0 1
    outer loop
      vertex 82.9064 51.5737 2
      vertex 82.3925 46.533 2
      vertex 82.5547 46.6289 2
    endloop
  endfacet
  facet normal 0 0 1
    outer loop
      vertex 77.5 50.25 2
      vertex 82.4775 52.0305 2
      vertex 82.3892 52.1604 2
    endloop
  endfacet
  facet normal 0 0 1
    outer loop
      vertex 77.5 50.25 2
      vertex 82.3892 52.1604 2
      vertex 82.3092 52.2956 2
    endloop
  endfacet
  facet normal 0 0 1
    outer loop
      vertex 77.5 50.25 2
      vertex 82.3092 52.2956 2
      vertex 82.2379 52.4356 2
    endloop
  endfacet
  facet normal 0 0 1
    outer loop
      vertex 77.4803 49.9367 2
      vertex 82.6776 51.7886 2
      vertex 77.4951 50.093 2
    endloop
  endfacet
  facet normal 0 0 1
    outer loop
      vertex 77.5 50.25 2
      vertex 82.2379 52.4356 2
      vertex 82.1756 52.5797 2
    endloop
  endfacet
  facet normal 0 0 1
    outer loop
      vertex 82.0785 52.8783 2
      vertex 77.5 50.25 2
      vertex 82.1224 52.7275 2
    endloop
  endfacet
  facet normal 0 0 1
    outer loop
      vertex 82.6776 51.7886 2
      vertex 77.4803 49.9367 2
      vertex 82.7886 51.6776 2
    endloop
  endfacet
  facet normal 0 0 1
    outer loop
      vertex 82.0443 53.0315 2
      vertex 77.5 50.25 2
      vertex 82.0785 52.8783 2
    endloop
  endfacet
  facet normal 0 0 1
    outer loop
      vertex 82.0197 53.1867 2
      vertex 77.5 50.25 2
      vertex 82.0443 53.0315 2
    endloop
  endfacet
  facet normal 0 0 1
    outer loop
      vertex 82.0049 53.343 2
      vertex 77.5 50.25 2
      vertex 82.0197 53.1867 2
    endloop
  endfacet
  facet normal 0 0 1
    outer loop
      vertex 82 53.5 2
      vertex 77.5 50.25 2
      vertex 82.0049 53.343 2
    endloop
  endfacet
  facet normal 0 0 1
    outer loop
      vertex 82.1224 54.2725 2
      vertex 77.3776 55.7275 2
      vertex 82.0785 54.1217 2
    endloop
  endfacet
  facet normal 0 0 1
    outer loop
      vertex 77.4557 49.7815 2
      vertex 82.7886 51.6776 2
      vertex 77.4803 49.9367 2
    endloop
  endfacet
  facet normal 0 0 1
    outer loop
      vertex 86.9951 53.343 2
      vertex 91 62 2
      vertex 87 53.5 2
    endloop
  endfacet
  facet normal 0 0 1
    outer loop
      vertex 91 62 2
      vertex 86.9951 53.657 2
      vertex 87 53.5 2
    endloop
  endfacet
  facet normal 0 0 1
    outer loop
      vertex 91 62 2
      vertex 86.9803 53.8133 2
      vertex 86.9951 53.657 2
    endloop
  endfacet
  facet normal 0 0 1
    outer loop
      vertex 91 62 2
      vertex 86.9557 53.9685 2
      vertex 86.9803 53.8133 2
    endloop
  endfacet
  facet normal 0 0 1
    outer loop
      vertex 91 62 2
      vertex 86.9215 54.1217 2
      vertex 86.9557 53.9685 2
    endloop
  endfacet
  facet normal 0 0 1
    outer loop
      vertex 91 62 2
      vertex 86.8776 54.2725 2
      vertex 86.9215 54.1217 2
    endloop
  endfacet
  facet normal 0 0 1
    outer loop
      vertex 91 62 2
      vertex 86.8244 54.4203 2
      vertex 86.8776 54.2725 2
    endloop
  endfacet
  facet normal 0 0 1
    outer loop
      vertex 91 62 2
      vertex 86.7621 54.5644 2
      vertex 86.8244 54.4203 2
    endloop
  endfacet
  facet normal 0 0 1
    outer loop
      vertex 91 62 2
      vertex 86.6908 54.7044 2
      vertex 86.7621 54.5644 2
    endloop
  endfacet
  facet normal 0 0 1
    outer loop
      vertex 91 62 2
      vertex 86.6108 54.8396 2
      vertex 86.6908 54.7044 2
    endloop
  endfacet
  facet normal 0 0 1
    outer loop
      vertex 91 62 2
      vertex 86.5225 54.9695 2
      vertex 86.6108 54.8396 2
    endloop
  endfacet
  facet normal 0 0 1
    outer loop
      vertex 91 62 2
      vertex 86.4263 55.0936 2
      vertex 86.5225 54.9695 2
    endloop
  endfacet
  facet normal 0 0 1
    outer loop
      vertex 91 62 2
      vertex 86.3224 55.2114 2
      vertex 86.4263 55.0936 2
    endloop
  endfacet
  facet normal 0 0 1
    outer loop
      vertex 91 62 2
      vertex 86.2114 55.3224 2
      vertex 86.3224 55.2114 2
    endloop
  endfacet
  facet normal 0 0 1
    outer loop
      vertex 91 62 2
      vertex 86.0936 55.4263 2
      vertex 86.2114 55.3224 2
    endloop
  endfacet
  facet normal 0 0 1
    outer loop
      vertex 91 62 2
      vertex 85.9695 55.5225 2
      vertex 86.0936 55.4263 2
    endloop
  endfacet
  facet normal 0 0 1
    outer loop
      vertex 91 62 2
      vertex 85.8396 55.6108 2
      vertex 85.9695 55.5225 2
    endloop
  endfacet
  facet normal 0 0 1
    outer loop
      vertex 91 62 2
      vertex 85.7044 55.6908 2
      vertex 85.8396 55.6108 2
    endloop
  endfacet
  facet normal 0 0 1
    outer loop
      vertex 91 62 2
      vertex 85.5644 55.7621 2
      vertex 85.7044 55.6908 2
    endloop
  endfacet
  facet normal 0 0 1
    outer loop
      vertex 91 62 2
      vertex 85.4203 55.8244 2
      vertex 85.5644 55.7621 2
    endloop
  endfacet
  facet normal 0 0 1
    outer loop
      vertex 91 62 2
      vertex 85.2725 55.8776 2
      vertex 85.4203 55.8244 2
    endloop
  endfacet
  facet normal 0 0 1
    outer loop
      vertex 91 62 2
      vertex 85.1217 55.9215 2
      vertex 85.2725 55.8776 2
    endloop
  endfacet
  facet normal 0 0 1
    outer loop
      vertex 91 62 2
      vertex 84.9685 55.9557 2
      vertex 85.1217 55.9215 2
    endloop
  endfacet
  facet normal 0 0 1
    outer loop
      vertex 91 62 2
      vertex 84.8133 55.9803 2
      vertex 84.9685 55.9557 2
    endloop
  endfacet
  facet normal 0 0 1
    outer loop
      vertex 91 62 2
      vertex 84.657 55.9951 2
      vertex 84.8133 55.9803 2
    endloop
  endfacet
  facet normal 0 0 1
    outer loop
      vertex 91 62 2
      vertex 84.5 56 2
      vertex 84.657 55.9951 2
    endloop
  endfacet
  facet normal 0 0 1
    outer loop
      vertex 91 62 2
      vertex 84.343 55.9951 2
      vertex 84.5 56 2
    endloop
  endfacet
  facet normal 0 0 1
    outer loop
      vertex 91 62 2
      vertex 84.1867 55.9803 2
      vertex 84.343 55.9951 2
    endloop
  endfacet
  facet normal 0 0 1
    outer loop
      vertex 91 62 2
      vertex 84.0315 55.9557 2
      vertex 84.1867 55.9803 2
    endloop
  endfacet
  facet normal -0 0 1
    outer loop
      vertex 76.7114 58.3224 2
      vertex 84.0315 55.9557 2
      vertex 91 62 2
    endloop
  endfacet
  facet normal -0 -0 1
    outer loop
      vertex 76.8224 58.2114 2
      vertex 84.0315 55.9557 2
      vertex 76.7114 58.3224 2
    endloop
  endfacet
  facet normal 0 0 1
    outer loop
      vertex 84.0315 55.9557 2
      vertex 76.8224 58.2114 2
      vertex 83.8783 55.9215 2
    endloop
  endfacet
  facet normal 0 0 1
    outer loop
      vertex 83.8783 55.9215 2
      vertex 76.9263 58.0936 2
      vertex 83.7275 55.8776 2
    endloop
  endfacet
  facet normal -0 -0 1
    outer loop
      vertex 77.0225 57.9695 2
      vertex 83.7275 55.8776 2
      vertex 76.9263 58.0936 2
    endloop
  endfacet
  facet normal 0 0 1
    outer loop
      vertex 83.7275 55.8776 2
      vertex 77.0225 57.9695 2
      vertex 83.5797 55.8244 2
    endloop
  endfacet
  facet normal -0 -0 1
    outer loop
      vertex 77.1108 57.8396 2
      vertex 83.5797 55.8244 2
      vertex 77.0225 57.9695 2
    endloop
  endfacet
  facet normal 0 0 1
    outer loop
      vertex 83.5797 55.8244 2
      vertex 77.1108 57.8396 2
      vertex 83.4356 55.7621 2
    endloop
  endfacet
  facet normal 0 0 1
    outer loop
      vertex 82.7886 51.6776 2
      vertex 77.4557 49.7815 2
      vertex 82.3925 46.533 2
    endloop
  endfacet
  facet normal 0 0 1
    outer loop
      vertex 82.3925 46.533 2
      vertex 77.4557 49.7815 2
      vertex 82.2366 46.4271 2
    endloop
  endfacet
  facet normal -0 0 1
    outer loop
      vertex 77.3776 55.7275 2
      vertex 82.1224 54.2725 2
      vertex 77.4215 55.8783 2
    endloop
  endfacet
  facet normal 0 0 1
    outer loop
      vertex 82.1224 52.7275 2
      vertex 77.5 50.25 2
      vertex 82.1756 52.5797 2
    endloop
  endfacet
  facet normal -0 0 1
    outer loop
      vertex 77.4215 49.6283 2
      vertex 82.2366 46.4271 2
      vertex 77.4557 49.7815 2
    endloop
  endfacet
  facet normal 0 0 1
    outer loop
      vertex 82.2366 46.4271 2
      vertex 77.4215 49.6283 2
      vertex 82.0877 46.3115 2
    endloop
  endfacet
  facet normal -0 0 1
    outer loop
      vertex 77.3776 49.4775 2
      vertex 82.0877 46.3115 2
      vertex 77.4215 49.6283 2
    endloop
  endfacet
  facet normal 0 0 1
    outer loop
      vertex 82.0877 46.3115 2
      vertex 77.3776 49.4775 2
      vertex 81.9464 46.1869 2
    endloop
  endfacet
  facet normal -0 0 1
    outer loop
      vertex 77.3244 49.3297 2
      vertex 81.9464 46.1869 2
      vertex 77.3776 49.4775 2
    endloop
  endfacet
  facet normal 0 0 1
    outer loop
      vertex 82.1756 54.4203 2
      vertex 77.4215 55.8783 2
      vertex 82.1224 54.2725 2
    endloop
  endfacet
  facet normal 0 0 1
    outer loop
      vertex 81.9464 46.1869 2
      vertex 77.3244 49.3297 2
      vertex 81.8131 46.0536 2
    endloop
  endfacet
  facet normal -0 0 1
    outer loop
      vertex 77.2621 49.1856 2
      vertex 81.8131 46.0536 2
      vertex 77.3244 49.3297 2
    endloop
  endfacet
  facet normal -0 0 1
    outer loop
      vertex 77.1908 49.0456 2
      vertex 81.8131 46.0536 2
      vertex 77.2621 49.1856 2
    endloop
  endfacet
  facet normal -0 0 1
    outer loop
      vertex 77.0225 48.7805 2
      vertex 81.573 45.7634 2
      vertex 77.1108 48.9104 2
    endloop
  endfacet
  facet normal 0 0 1
    outer loop
      vertex 81.6885 45.9123 2
      vertex 77.1108 48.9104 2
      vertex 81.573 45.7634 2
    endloop
  endfacet
  facet normal -0 0 1
    outer loop
      vertex 77.1108 48.9104 2
      vertex 81.6885 45.9123 2
      vertex 77.1908 49.0456 2
    endloop
  endfacet
  facet normal 0 0 1
    outer loop
      vertex 81.8131 46.0536 2
      vertex 77.1908 49.0456 2
      vertex 81.6885 45.9123 2
    endloop
  endfacet
  facet normal -0 0 1
    outer loop
      vertex 77.4215 55.8783 2
      vertex 82.1756 54.4203 2
      vertex 77.4557 56.0315 2
    endloop
  endfacet
  facet normal 0 0 1
    outer loop
      vertex 82.2379 54.5644 2
      vertex 77.4557 56.0315 2
      vertex 82.1756 54.4203 2
    endloop
  endfacet
  facet normal -0 0 1
    outer loop
      vertex 77.4557 56.0315 2
      vertex 82.2379 54.5644 2
      vertex 77.4803 56.1867 2
    endloop
  endfacet
  facet normal 0 0 1
    outer loop
      vertex 82.3092 54.7044 2
      vertex 77.4803 56.1867 2
      vertex 82.2379 54.5644 2
    endloop
  endfacet
  facet normal -0 0 1
    outer loop
      vertex 77.4803 56.1867 2
      vertex 82.3092 54.7044 2
      vertex 77.4951 56.343 2
    endloop
  endfacet
  facet normal 0 0 1
    outer loop
      vertex 82.3892 54.8396 2
      vertex 77.4951 56.343 2
      vertex 82.3092 54.7044 2
    endloop
  endfacet
  facet normal -0 0 1
    outer loop
      vertex 77.4951 56.343 2
      vertex 82.3892 54.8396 2
      vertex 77.5 56.5 2
    endloop
  endfacet
  facet normal 0 0 1
    outer loop
      vertex 82.4775 54.9695 2
      vertex 77.5 56.5 2
      vertex 82.3892 54.8396 2
    endloop
  endfacet
  facet normal 0 0 1
    outer loop
      vertex 77.4951 56.657 2
      vertex 82.4775 54.9695 2
      vertex 82.5737 55.0936 2
    endloop
  endfacet
  facet normal 0 0 1
    outer loop
      vertex 77.4803 56.8133 2
      vertex 82.5737 55.0936 2
      vertex 82.6776 55.2114 2
    endloop
  endfacet
  facet normal 0 0 1
    outer loop
      vertex 77.4557 56.9685 2
      vertex 82.6776 55.2114 2
      vertex 82.7886 55.3224 2
    endloop
  endfacet
  facet normal 0 0 1
    outer loop
      vertex 77.4215 57.1217 2
      vertex 82.7886 55.3224 2
      vertex 82.9064 55.4263 2
    endloop
  endfacet
  facet normal 0 0 1
    outer loop
      vertex 83.4356 55.7621 2
      vertex 77.1908 57.7044 2
      vertex 83.2956 55.6908 2
    endloop
  endfacet
  facet normal 0 0 1
    outer loop
      vertex 82.4775 54.9695 2
      vertex 77.4951 56.657 2
      vertex 77.5 56.5 2
    endloop
  endfacet
  facet normal 0 0 1
    outer loop
      vertex 82.5737 55.0936 2
      vertex 77.4803 56.8133 2
      vertex 77.4951 56.657 2
    endloop
  endfacet
  facet normal 0 0 1
    outer loop
      vertex 82.6776 55.2114 2
      vertex 77.4557 56.9685 2
      vertex 77.4803 56.8133 2
    endloop
  endfacet
  facet normal 0 0 1
    outer loop
      vertex 82.7886 55.3224 2
      vertex 77.4215 57.1217 2
      vertex 77.4557 56.9685 2
    endloop
  endfacet
  facet normal 0 0 1
    outer loop
      vertex 82.9064 55.4263 2
      vertex 77.3776 57.2725 2
      vertex 77.4215 57.1217 2
    endloop
  endfacet
  facet normal 0 0 1
    outer loop
      vertex 83.0305 55.5225 2
      vertex 77.3776 57.2725 2
      vertex 82.9064 55.4263 2
    endloop
  endfacet
  facet normal -0 -0 1
    outer loop
      vertex 77.3776 57.2725 2
      vertex 83.0305 55.5225 2
      vertex 77.3244 57.4203 2
    endloop
  endfacet
  facet normal 0 0 1
    outer loop
      vertex 83.1604 55.6108 2
      vertex 77.3244 57.4203 2
      vertex 83.0305 55.5225 2
    endloop
  endfacet
  facet normal -0 -0 1
    outer loop
      vertex 77.3244 57.4203 2
      vertex 83.1604 55.6108 2
      vertex 77.2621 57.5644 2
    endloop
  endfacet
  facet normal 0 0 1
    outer loop
      vertex 83.2956 55.6908 2
      vertex 77.2621 57.5644 2
      vertex 83.1604 55.6108 2
    endloop
  endfacet
  facet normal -0 -0 1
    outer loop
      vertex 77.2621 57.5644 2
      vertex 83.2956 55.6908 2
      vertex 77.1908 57.7044 2
    endloop
  endfacet
  facet normal -0 -0 1
    outer loop
      vertex 77.1908 57.7044 2
      vertex 83.4356 55.7621 2
      vertex 77.1108 57.8396 2
    endloop
  endfacet
  facet normal -0 -0 1
    outer loop
      vertex 76.9263 58.0936 2
      vertex 83.8783 55.9215 2
      vertex 76.8224 58.2114 2
    endloop
  endfacet
  facet normal 0 0 1
    outer loop
      vertex 91 62 2
      vertex 76.5936 58.4263 2
      vertex 76.7114 58.3224 2
    endloop
  endfacet
  facet normal 0 0 1
    outer loop
      vertex 91 62 2
      vertex 76.4695 58.5225 2
      vertex 76.5936 58.4263 2
    endloop
  endfacet
  facet normal 0 0 1
    outer loop
      vertex 91 62 2
      vertex 76.3396 58.6108 2
      vertex 76.4695 58.5225 2
    endloop
  endfacet
  facet normal 0 0 1
    outer loop
      vertex 91 62 2
      vertex 76.2044 58.6908 2
      vertex 76.3396 58.6108 2
    endloop
  endfacet
  facet normal 0 0 1
    outer loop
      vertex 91 62 2
      vertex 76.0644 58.7621 2
      vertex 76.2044 58.6908 2
    endloop
  endfacet
  facet normal 0 0 1
    outer loop
      vertex 91 62 2
      vertex 75.9203 58.8244 2
      vertex 76.0644 58.7621 2
    endloop
  endfacet
  facet normal 0 0 1
    outer loop
      vertex 91 62 2
      vertex 75.7725 58.8776 2
      vertex 75.9203 58.8244 2
    endloop
  endfacet
  facet normal 0 0 1
    outer loop
      vertex 91 62 2
      vertex 75.6217 58.9215 2
      vertex 75.7725 58.8776 2
    endloop
  endfacet
  facet normal 0 0 1
    outer loop
      vertex 91 62 2
      vertex 75.4685 58.9557 2
      vertex 75.6217 58.9215 2
    endloop
  endfacet
  facet normal 0 0 1
    outer loop
      vertex 91 62 2
      vertex 75.3133 58.9803 2
      vertex 75.4685 58.9557 2
    endloop
  endfacet
  facet normal 0 0 1
    outer loop
      vertex 91 62 2
      vertex 75.157 58.9951 2
      vertex 75.3133 58.9803 2
    endloop
  endfacet
  facet normal 0 0 1
    outer loop
      vertex 91 62 2
      vertex 75 59 2
      vertex 75.157 58.9951 2
    endloop
  endfacet
  facet normal 0 0 1
    outer loop
      vertex 91 62 2
      vertex 74.843 58.9951 2
      vertex 75 59 2
    endloop
  endfacet
  facet normal 0 0 1
    outer loop
      vertex 91 62 2
      vertex 74.6867 58.9803 2
      vertex 74.843 58.9951 2
    endloop
  endfacet
  facet normal -0 0 1
    outer loop
      vertex 2 62 2
      vertex 74.6867 58.9803 2
      vertex 91 62 2
    endloop
  endfacet
  facet normal 0 0 1
    outer loop
      vertex 72.6756 51.1703 2
      vertex 67.8776 52.7275 2
      vertex 72.6224 51.0225 2
    endloop
  endfacet
  facet normal 0 0 1
    outer loop
      vertex 67.5225 54.9695 2
      vertex 72.5 56.5 2
      vertex 72.5049 56.657 2
    endloop
  endfacet
  facet normal 0 0 1
    outer loop
      vertex 67.4263 55.0936 2
      vertex 72.5049 56.657 2
      vertex 72.5197 56.8133 2
    endloop
  endfacet
  facet normal 0 0 1
    outer loop
      vertex 67.3224 55.2114 2
      vertex 72.5197 56.8133 2
      vertex 72.5443 56.9685 2
    endloop
  endfacet
  facet normal 0 0 1
    outer loop
      vertex 67.2114 55.3224 2
      vertex 72.5443 56.9685 2
      vertex 72.5785 57.1217 2
    endloop
  endfacet
  facet normal 0 0 1
    outer loop
      vertex 67.0936 55.4263 2
      vertex 72.5785 57.1217 2
      vertex 72.6224 57.2725 2
    endloop
  endfacet
  facet normal 0 0 1
    outer loop
      vertex 66.9695 55.5225 2
      vertex 72.6224 57.2725 2
      vertex 72.6756 57.4203 2
    endloop
  endfacet
  facet normal 0 0 1
    outer loop
      vertex 66.8396 55.6108 2
      vertex 72.6756 57.4203 2
      vertex 72.7379 57.5644 2
    endloop
  endfacet
  facet normal 0 0 1
    outer loop
      vertex 66.7044 55.6908 2
      vertex 72.7379 57.5644 2
      vertex 72.8092 57.7044 2
    endloop
  endfacet
  facet normal 0 0 1
    outer loop
      vertex 66.5644 55.7621 2
      vertex 72.8092 57.7044 2
      vertex 72.8892 57.8396 2
    endloop
  endfacet
  facet normal 0 0 1
    outer loop
      vertex 66.4203 55.8244 2
      vertex 72.8892 57.8396 2
      vertex 72.9775 57.9695 2
    endloop
  endfacet
  facet normal 0 0 1
    outer loop
      vertex 66.2725 55.8776 2
      vertex 72.9775 57.9695 2
      vertex 73.0737 58.0936 2
    endloop
  endfacet
  facet normal 0 0 1
    outer loop
      vertex 66.1217 55.9215 2
      vertex 73.0737 58.0936 2
      vertex 73.1776 58.2114 2
    endloop
  endfacet
  facet normal 0 0 1
    outer loop
      vertex 65.9685 55.9557 2
      vertex 73.1776 58.2114 2
      vertex 73.2886 58.3224 2
    endloop
  endfacet
  facet normal 0 0 1
    outer loop
      vertex 72.8892 55.1604 2
      vertex 67.9951 53.657 2
      vertex 68 53.5 2
    endloop
  endfacet
  facet normal 0 0 1
    outer loop
      vertex 65.8133 55.9803 2
      vertex 73.2886 58.3224 2
      vertex 73.4064 58.4263 2
    endloop
  endfacet
  facet normal 0 0 1
    outer loop
      vertex 72.8092 55.2956 2
      vertex 67.9803 53.8133 2
      vertex 67.9951 53.657 2
    endloop
  endfacet
  facet normal 0 0 1
    outer loop
      vertex 72.7379 55.4356 2
      vertex 67.9557 53.9685 2
      vertex 67.9803 53.8133 2
    endloop
  endfacet
  facet normal 0 0 1
    outer loop
      vertex 72.6756 55.5797 2
      vertex 67.9215 54.1217 2
      vertex 67.9557 53.9685 2
    endloop
  endfacet
  facet normal 0 0 1
    outer loop
      vertex 72.6224 55.7275 2
      vertex 67.8776 54.2725 2
      vertex 67.9215 54.1217 2
    endloop
  endfacet
  facet normal 0 0 1
    outer loop
      vertex 65.657 55.9951 2
      vertex 73.4064 58.4263 2
      vertex 73.5305 58.5225 2
    endloop
  endfacet
  facet normal 0 0 1
    outer loop
      vertex 72.5785 55.8783 2
      vertex 67.8244 54.4203 2
      vertex 67.8776 54.2725 2
    endloop
  endfacet
  facet normal 0 0 1
    outer loop
      vertex 72.5443 56.0315 2
      vertex 67.7621 54.5644 2
      vertex 67.8244 54.4203 2
    endloop
  endfacet
  facet normal 0 0 1
    outer loop
      vertex 72.5197 56.1867 2
      vertex 67.6908 54.7044 2
      vertex 67.7621 54.5644 2
    endloop
  endfacet
  facet normal 0 0 1
    outer loop
      vertex 65.5 56 2
      vertex 73.5305 58.5225 2
      vertex 73.6604 58.6108 2
    endloop
  endfacet
  facet normal 0 0 1
    outer loop
      vertex 72.5049 56.343 2
      vertex 67.6108 54.8396 2
      vertex 67.6908 54.7044 2
    endloop
  endfacet
  facet normal 0 0 1
    outer loop
      vertex 72.5 56.5 2
      vertex 67.5225 54.9695 2
      vertex 67.6108 54.8396 2
    endloop
  endfacet
  facet normal 0 0 1
    outer loop
      vertex 72.5049 56.657 2
      vertex 67.4263 55.0936 2
      vertex 67.5225 54.9695 2
    endloop
  endfacet
  facet normal 0 0 1
    outer loop
      vertex 65.343 55.9951 2
      vertex 73.6604 58.6108 2
      vertex 73.7956 58.6908 2
    endloop
  endfacet
  facet normal 0 0 1
    outer loop
      vertex 72.5197 56.8133 2
      vertex 67.3224 55.2114 2
      vertex 67.4263 55.0936 2
    endloop
  endfacet
  facet normal 0 0 1
    outer loop
      vertex 72.5443 56.9685 2
      vertex 67.2114 55.3224 2
      vertex 67.3224 55.2114 2
    endloop
  endfacet
  facet normal 0 0 1
    outer loop
      vertex 72.5785 57.1217 2
      vertex 67.0936 55.4263 2
      vertex 67.2114 55.3224 2
    endloop
  endfacet
  facet normal 0 0 1
    outer loop
      vertex 65.1867 55.9803 2
      vertex 73.7956 58.6908 2
      vertex 73.9356 58.7621 2
    endloop
  endfacet
  facet normal 0 0 1
    outer loop
      vertex 72.6224 57.2725 2
      vertex 66.9695 55.5225 2
      vertex 67.0936 55.4263 2
    endloop
  endfacet
  facet normal 0 0 1
    outer loop
      vertex 72.6756 57.4203 2
      vertex 66.8396 55.6108 2
      vertex 66.9695 55.5225 2
    endloop
  endfacet
  facet normal 0 0 1
    outer loop
      vertex 72.7379 57.5644 2
      vertex 66.7044 55.6908 2
      vertex 66.8396 55.6108 2
    endloop
  endfacet
  facet normal 0 0 1
    outer loop
      vertex 56.157 55.4951 2
      vertex 73.9356 58.7621 2
      vertex 74.0797 58.8244 2
    endloop
  endfacet
  facet normal 0 0 1
    outer loop
      vertex 72.8092 57.7044 2
      vertex 66.5644 55.7621 2
      vertex 66.7044 55.6908 2
    endloop
  endfacet
  facet normal 0 0 1
    outer loop
      vertex 72.8892 57.8396 2
      vertex 66.4203 55.8244 2
      vertex 66.5644 55.7621 2
    endloop
  endfacet
  facet normal 0 0 1
    outer loop
      vertex 72.9775 57.9695 2
      vertex 66.2725 55.8776 2
      vertex 66.4203 55.8244 2
    endloop
  endfacet
  facet normal 0 0 1
    outer loop
      vertex 73.0737 58.0936 2
      vertex 66.1217 55.9215 2
      vertex 66.2725 55.8776 2
    endloop
  endfacet
  facet normal 0 0 1
    outer loop
      vertex 73.1776 58.2114 2
      vertex 65.9685 55.9557 2
      vertex 66.1217 55.9215 2
    endloop
  endfacet
  facet normal 0 0 1
    outer loop
      vertex 56 55.5 2
      vertex 74.0797 58.8244 2
      vertex 74.2275 58.8776 2
    endloop
  endfacet
  facet normal 0 0 1
    outer loop
      vertex 73.2886 58.3224 2
      vertex 65.8133 55.9803 2
      vertex 65.9685 55.9557 2
    endloop
  endfacet
  facet normal 0 0 1
    outer loop
      vertex 73.4064 58.4263 2
      vertex 65.657 55.9951 2
      vertex 65.8133 55.9803 2
    endloop
  endfacet
  facet normal 0 0 1
    outer loop
      vertex 73.5305 58.5225 2
      vertex 65.5 56 2
      vertex 65.657 55.9951 2
    endloop
  endfacet
  facet normal 0 0 1
    outer loop
      vertex 73.6604 58.6108 2
      vertex 65.343 55.9951 2
      vertex 65.5 56 2
    endloop
  endfacet
  facet normal 0 0 1
    outer loop
      vertex 73.7956 58.6908 2
      vertex 65.1867 55.9803 2
      vertex 65.343 55.9951 2
    endloop
  endfacet
  facet normal 0 0 1
    outer loop
      vertex 73.9356 58.7621 2
      vertex 65.0315 55.9557 2
      vertex 65.1867 55.9803 2
    endloop
  endfacet
  facet normal 0 0 1
    outer loop
      vertex 73.9356 58.7621 2
      vertex 56.157 55.4951 2
      vertex 65.0315 55.9557 2
    endloop
  endfacet
  facet normal 0 -0 1
    outer loop
      vertex 56.3133 55.4803 2
      vertex 65.0315 55.9557 2
      vertex 56.157 55.4951 2
    endloop
  endfacet
  facet normal 0 0 1
    outer loop
      vertex 58.4803 53.3133 2
      vertex 63 53.5 2
      vertex 63.0049 53.657 2
    endloop
  endfacet
  facet normal 0 0 1
    outer loop
      vertex 58.4557 53.4685 2
      vertex 63.0049 53.657 2
      vertex 63.0197 53.8133 2
    endloop
  endfacet
  facet normal 0 0 1
    outer loop
      vertex 58.4215 53.6217 2
      vertex 63.0197 53.8133 2
      vertex 63.0443 53.9685 2
    endloop
  endfacet
  facet normal 0 0 1
    outer loop
      vertex 58.3776 53.7725 2
      vertex 63.0443 53.9685 2
      vertex 63.0785 54.1217 2
    endloop
  endfacet
  facet normal 0 0 1
    outer loop
      vertex 58.3244 53.9203 2
      vertex 63.0785 54.1217 2
      vertex 63.1224 54.2725 2
    endloop
  endfacet
  facet normal 0 0 1
    outer loop
      vertex 58.2621 54.0644 2
      vertex 63.1224 54.2725 2
      vertex 63.1756 54.4203 2
    endloop
  endfacet
  facet normal 0 0 1
    outer loop
      vertex 58.1908 54.2044 2
      vertex 63.1756 54.4203 2
      vertex 63.2379 54.5644 2
    endloop
  endfacet
  facet normal 0 0 1
    outer loop
      vertex 58.1108 54.3396 2
      vertex 63.2379 54.5644 2
      vertex 63.3092 54.7044 2
    endloop
  endfacet
  facet normal 0 0 1
    outer loop
      vertex 58.0225 54.4695 2
      vertex 63.3092 54.7044 2
      vertex 63.3892 54.8396 2
    endloop
  endfacet
  facet normal 0 0 1
    outer loop
      vertex 57.9263 54.5936 2
      vertex 63.3892 54.8396 2
      vertex 63.4775 54.9695 2
    endloop
  endfacet
  facet normal 0 0 1
    outer loop
      vertex 57.8224 54.7114 2
      vertex 63.4775 54.9695 2
      vertex 63.5737 55.0936 2
    endloop
  endfacet
  facet normal 0 0 1
    outer loop
      vertex 57.7114 54.8224 2
      vertex 63.5737 55.0936 2
      vertex 63.6776 55.2114 2
    endloop
  endfacet
  facet normal 0 0 1
    outer loop
      vertex 57.5936 54.9263 2
      vertex 63.6776 55.2114 2
      vertex 63.7886 55.3224 2
    endloop
  endfacet
  facet normal 0 0 1
    outer loop
      vertex 57.4695 55.0225 2
      vertex 63.7886 55.3224 2
      vertex 63.9064 55.4263 2
    endloop
  endfacet
  facet normal 0 0 1
    outer loop
      vertex 57.3396 55.1108 2
      vertex 63.9064 55.4263 2
      vertex 64.0305 55.5225 2
    endloop
  endfacet
  facet normal 0 0 1
    outer loop
      vertex 57.2044 55.1908 2
      vertex 64.0305 55.5225 2
      vertex 64.1604 55.6108 2
    endloop
  endfacet
  facet normal 0 0 1
    outer loop
      vertex 57.0644 55.2621 2
      vertex 64.1604 55.6108 2
      vertex 64.2956 55.6908 2
    endloop
  endfacet
  facet normal 0 0 1
    outer loop
      vertex 56.9203 55.3244 2
      vertex 64.2956 55.6908 2
      vertex 64.4356 55.7621 2
    endloop
  endfacet
  facet normal 0 0 1
    outer loop
      vertex 63.0049 53.343 2
      vertex 58.4951 53.157 2
      vertex 58.5 53 2
    endloop
  endfacet
  facet normal 0 0 1
    outer loop
      vertex 63 53.5 2
      vertex 58.4803 53.3133 2
      vertex 58.4951 53.157 2
    endloop
  endfacet
  facet normal 0 0 1
    outer loop
      vertex 56.7725 55.3776 2
      vertex 64.4356 55.7621 2
      vertex 64.5797 55.8244 2
    endloop
  endfacet
  facet normal 0 0 1
    outer loop
      vertex 63.0049 53.657 2
      vertex 58.4557 53.4685 2
      vertex 58.4803 53.3133 2
    endloop
  endfacet
  facet normal 0 0 1
    outer loop
      vertex 63.0197 53.8133 2
      vertex 58.4215 53.6217 2
      vertex 58.4557 53.4685 2
    endloop
  endfacet
  facet normal 0 0 1
    outer loop
      vertex 56.6217 55.4215 2
      vertex 64.5797 55.8244 2
      vertex 64.7275 55.8776 2
    endloop
  endfacet
  facet normal 0 0 1
    outer loop
      vertex 63.0443 53.9685 2
      vertex 58.3776 53.7725 2
      vertex 58.4215 53.6217 2
    endloop
  endfacet
  facet normal 0 0 1
    outer loop
      vertex 63.0785 54.1217 2
      vertex 58.3244 53.9203 2
      vertex 58.3776 53.7725 2
    endloop
  endfacet
  facet normal 0 0 1
    outer loop
      vertex 65.0315 55.9557 2
      vertex 56.3133 55.4803 2
      vertex 64.8783 55.9215 2
    endloop
  endfacet
  facet normal 0 0 1
    outer loop
      vertex 63.1224 54.2725 2
      vertex 58.2621 54.0644 2
      vertex 58.3244 53.9203 2
    endloop
  endfacet
  facet normal 0 0 1
    outer loop
      vertex 63.1756 54.4203 2
      vertex 58.1908 54.2044 2
      vertex 58.2621 54.0644 2
    endloop
  endfacet
  facet normal 0 0 1
    outer loop
      vertex 63.2379 54.5644 2
      vertex 58.1108 54.3396 2
      vertex 58.1908 54.2044 2
    endloop
  endfacet
  facet normal 0 0 1
    outer loop
      vertex 55.843 55.4951 2
      vertex 74.2275 58.8776 2
      vertex 74.3783 58.9215 2
    endloop
  endfacet
  facet normal 0 0 1
    outer loop
      vertex 63.3092 54.7044 2
      vertex 58.0225 54.4695 2
      vertex 58.1108 54.3396 2
    endloop
  endfacet
  facet normal 0 0 1
    outer loop
      vertex 63.3892 54.8396 2
      vertex 57.9263 54.5936 2
      vertex 58.0225 54.4695 2
    endloop
  endfacet
  facet normal 0 0 1
    outer loop
      vertex 63.4775 54.9695 2
      vertex 57.8224 54.7114 2
      vertex 57.9263 54.5936 2
    endloop
  endfacet
  facet normal 0 0 1
    outer loop
      vertex 63.5737 55.0936 2
      vertex 57.7114 54.8224 2
      vertex 57.8224 54.7114 2
    endloop
  endfacet
  facet normal 0 0 1
    outer loop
      vertex 63.6776 55.2114 2
      vertex 57.5936 54.9263 2
      vertex 57.7114 54.8224 2
    endloop
  endfacet
  facet normal 0 0 1
    outer loop
      vertex 63.7886 55.3224 2
      vertex 57.4695 55.0225 2
      vertex 57.5936 54.9263 2
    endloop
  endfacet
  facet normal 0 0 1
    outer loop
      vertex 63.9064 55.4263 2
      vertex 57.3396 55.1108 2
      vertex 57.4695 55.0225 2
    endloop
  endfacet
  facet normal 0 0 1
    outer loop
      vertex 64.0305 55.5225 2
      vertex 57.2044 55.1908 2
      vertex 57.3396 55.1108 2
    endloop
  endfacet
  facet normal 0 0 1
    outer loop
      vertex 2 62 2
      vertex 74.3783 58.9215 2
      vertex 74.5315 58.9557 2
    endloop
  endfacet
  facet normal 0 0 1
    outer loop
      vertex 64.1604 55.6108 2
      vertex 57.0644 55.2621 2
      vertex 57.2044 55.1908 2
    endloop
  endfacet
  facet normal 0 0 1
    outer loop
      vertex 64.2956 55.6908 2
      vertex 56.9203 55.3244 2
      vertex 57.0644 55.2621 2
    endloop
  endfacet
  facet normal 0 0 1
    outer loop
      vertex 64.4356 55.7621 2
      vertex 56.7725 55.3776 2
      vertex 56.9203 55.3244 2
    endloop
  endfacet
  facet normal 0 0 1
    outer loop
      vertex 64.5797 55.8244 2
      vertex 56.6217 55.4215 2
      vertex 56.7725 55.3776 2
    endloop
  endfacet
  facet normal 0 0 1
    outer loop
      vertex 64.7275 55.8776 2
      vertex 56.4685 55.4557 2
      vertex 56.6217 55.4215 2
    endloop
  endfacet
  facet normal 0 0 1
    outer loop
      vertex 64.8783 55.9215 2
      vertex 56.4685 55.4557 2
      vertex 64.7275 55.8776 2
    endloop
  endfacet
  facet normal 0 -0 1
    outer loop
      vertex 56.4685 55.4557 2
      vertex 64.8783 55.9215 2
      vertex 56.3133 55.4803 2
    endloop
  endfacet
  facet normal 0 0 1
    outer loop
      vertex 74.0797 58.8244 2
      vertex 56 55.5 2
      vertex 56.157 55.4951 2
    endloop
  endfacet
  facet normal 0 0 1
    outer loop
      vertex 74.2275 58.8776 2
      vertex 55.843 55.4951 2
      vertex 56 55.5 2
    endloop
  endfacet
  facet normal 0 0 1
    outer loop
      vertex 74.3783 58.9215 2
      vertex 55.6867 55.4803 2
      vertex 55.843 55.4951 2
    endloop
  endfacet
  facet normal 0 0 1
    outer loop
      vertex 74.6867 58.9803 2
      vertex 2 62 2
      vertex 74.5315 58.9557 2
    endloop
  endfacet
  facet normal 0 0 1
    outer loop
      vertex 74.3783 58.9215 2
      vertex 2 62 2
      vertex 55.6867 55.4803 2
    endloop
  endfacet
  facet normal 0 0 1
    outer loop
      vertex 11.7893 45.1044 2
      vertex 53.5 53 2
      vertex 53.5049 53.157 2
    endloop
  endfacet
  facet normal 0 0 1
    outer loop
      vertex 11.7145 45.2773 2
      vertex 53.5049 53.157 2
      vertex 53.5197 53.3133 2
    endloop
  endfacet
  facet normal 0 0 1
    outer loop
      vertex 11.6289 45.4453 2
      vertex 53.5197 53.3133 2
      vertex 53.5443 53.4685 2
    endloop
  endfacet
  facet normal 0 0 1
    outer loop
      vertex 11.533 45.6075 2
      vertex 53.5443 53.4685 2
      vertex 53.5785 53.6217 2
    endloop
  endfacet
  facet normal 0 0 1
    outer loop
      vertex 11.4271 45.7634 2
      vertex 53.5785 53.6217 2
      vertex 53.6224 53.7725 2
    endloop
  endfacet
  facet normal 0 0 1
    outer loop
      vertex 11.3115 45.9123 2
      vertex 53.6224 53.7725 2
      vertex 53.6756 53.9203 2
    endloop
  endfacet
  facet normal 0 0 1
    outer loop
      vertex 11.1869 46.0536 2
      vertex 53.6756 53.9203 2
      vertex 53.7379 54.0644 2
    endloop
  endfacet
  facet normal 0 0 1
    outer loop
      vertex 11.0536 46.1869 2
      vertex 53.7379 54.0644 2
      vertex 53.8092 54.2044 2
    endloop
  endfacet
  facet normal 0 0 1
    outer loop
      vertex 2 62 2
      vertex 53.8092 54.2044 2
      vertex 53.8892 54.3396 2
    endloop
  endfacet
  facet normal 0 0 1
    outer loop
      vertex 2 62 2
      vertex 53.8892 54.3396 2
      vertex 53.9775 54.4695 2
    endloop
  endfacet
  facet normal 0 0 1
    outer loop
      vertex 2 62 2
      vertex 53.9775 54.4695 2
      vertex 54.0737 54.5936 2
    endloop
  endfacet
  facet normal 0 0 1
    outer loop
      vertex 2 62 2
      vertex 54.0737 54.5936 2
      vertex 54.1776 54.7114 2
    endloop
  endfacet
  facet normal 0 0 1
    outer loop
      vertex 2 62 2
      vertex 54.1776 54.7114 2
      vertex 54.2886 54.8224 2
    endloop
  endfacet
  facet normal 0 0 1
    outer loop
      vertex 2 62 2
      vertex 54.2886 54.8224 2
      vertex 54.4064 54.9263 2
    endloop
  endfacet
  facet normal 0 0 1
    outer loop
      vertex 2 62 2
      vertex 54.4064 54.9263 2
      vertex 54.5305 55.0225 2
    endloop
  endfacet
  facet normal 0 0 1
    outer loop
      vertex 2 62 2
      vertex 54.5305 55.0225 2
      vertex 54.6604 55.1108 2
    endloop
  endfacet
  facet normal 0 0 1
    outer loop
      vertex 2 62 2
      vertex 54.6604 55.1108 2
      vertex 54.7956 55.1908 2
    endloop
  endfacet
  facet normal 0 0 1
    outer loop
      vertex 2 62 2
      vertex 54.7956 55.1908 2
      vertex 54.9356 55.2621 2
    endloop
  endfacet
  facet normal 0 0 1
    outer loop
      vertex 2 62 2
      vertex 54.9356 55.2621 2
      vertex 55.0797 55.3244 2
    endloop
  endfacet
  facet normal 0 0 1
    outer loop
      vertex 2 62 2
      vertex 55.0797 55.3244 2
      vertex 55.2275 55.3776 2
    endloop
  endfacet
  facet normal 0 0 1
    outer loop
      vertex 2 62 2
      vertex 55.2275 55.3776 2
      vertex 55.3783 55.4215 2
    endloop
  endfacet
  facet normal 0 0 1
    outer loop
      vertex 53.6224 52.2275 2
      vertex 11.9941 44.1884 2
      vertex 12 44 2
    endloop
  endfacet
  facet normal 0 0 1
    outer loop
      vertex 53.5049 52.843 2
      vertex 11.9763 44.376 2
      vertex 11.9941 44.1884 2
    endloop
  endfacet
  facet normal 0 0 1
    outer loop
      vertex 53.5049 52.843 2
      vertex 11.9469 44.5621 2
      vertex 11.9763 44.376 2
    endloop
  endfacet
  facet normal 0 0 1
    outer loop
      vertex 53.5049 52.843 2
      vertex 11.9057 44.7461 2
      vertex 11.9469 44.5621 2
    endloop
  endfacet
  facet normal 0 0 1
    outer loop
      vertex 53.5049 52.843 2
      vertex 11.8532 44.9271 2
      vertex 11.9057 44.7461 2
    endloop
  endfacet
  facet normal 0 0 1
    outer loop
      vertex 53.5 53 2
      vertex 11.7893 45.1044 2
      vertex 11.8532 44.9271 2
    endloop
  endfacet
  facet normal 0 0 1
    outer loop
      vertex 53.5049 53.157 2
      vertex 11.7145 45.2773 2
      vertex 11.7893 45.1044 2
    endloop
  endfacet
  facet normal 0 0 1
    outer loop
      vertex 53.5197 53.3133 2
      vertex 11.6289 45.4453 2
      vertex 11.7145 45.2773 2
    endloop
  endfacet
  facet normal 0 0 1
    outer loop
      vertex 53.5443 53.4685 2
      vertex 11.533 45.6075 2
      vertex 11.6289 45.4453 2
    endloop
  endfacet
  facet normal 0 0 1
    outer loop
      vertex 53.5785 53.6217 2
      vertex 11.4271 45.7634 2
      vertex 11.533 45.6075 2
    endloop
  endfacet
  facet normal 0 0 1
    outer loop
      vertex 2 62 2
      vertex 55.3783 55.4215 2
      vertex 55.5315 55.4557 2
    endloop
  endfacet
  facet normal 0 0 1
    outer loop
      vertex 53.6224 53.7725 2
      vertex 11.3115 45.9123 2
      vertex 11.4271 45.7634 2
    endloop
  endfacet
  facet normal 0 0 1
    outer loop
      vertex 53.6756 53.9203 2
      vertex 11.1869 46.0536 2
      vertex 11.3115 45.9123 2
    endloop
  endfacet
  facet normal 0 0 1
    outer loop
      vertex 53.7379 54.0644 2
      vertex 11.0536 46.1869 2
      vertex 11.1869 46.0536 2
    endloop
  endfacet
  facet normal 0 0 1
    outer loop
      vertex 53.8092 54.2044 2
      vertex 10.9123 46.3115 2
      vertex 11.0536 46.1869 2
    endloop
  endfacet
  facet normal 0 0 1
    outer loop
      vertex 53.8092 54.2044 2
      vertex 2 62 2
      vertex 10.9123 46.3115 2
    endloop
  endfacet
  facet normal 0 0 1
    outer loop
      vertex 10.9123 46.3115 2
      vertex 2 62 2
      vertex 10.7634 46.4271 2
    endloop
  endfacet
  facet normal 0 0 1
    outer loop
      vertex 10.7634 46.4271 2
      vertex 2 62 2
      vertex 10.6075 46.533 2
    endloop
  endfacet
  facet normal 0 0 1
    outer loop
      vertex 10.6075 46.533 2
      vertex 2 62 2
      vertex 10.4453 46.6289 2
    endloop
  endfacet
  facet normal 0 0 1
    outer loop
      vertex 10.4453 46.6289 2
      vertex 2 62 2
      vertex 10.2773 46.7145 2
    endloop
  endfacet
  facet normal 0 0 1
    outer loop
      vertex 10.2773 46.7145 2
      vertex 2 62 2
      vertex 10.1044 46.7893 2
    endloop
  endfacet
  facet normal 0 0 1
    outer loop
      vertex 10.1044 46.7893 2
      vertex 2 62 2
      vertex 9.92705 46.8532 2
    endloop
  endfacet
  facet normal 0 0 1
    outer loop
      vertex 9.92705 46.8532 2
      vertex 2 62 2
      vertex 9.74607 46.9058 2
    endloop
  endfacet
  facet normal 0 0 1
    outer loop
      vertex 9.74607 46.9058 2
      vertex 2 62 2
      vertex 9.56214 46.9469 2
    endloop
  endfacet
  facet normal 0 0 1
    outer loop
      vertex 55.6867 55.4803 2
      vertex 2 62 2
      vertex 55.5315 55.4557 2
    endloop
  endfacet
  facet normal 0 0 1
    outer loop
      vertex 9.56214 46.9469 2
      vertex 2 62 2
      vertex 9.376 46.9763 2
    endloop
  endfacet
  facet normal 0 0 1
    outer loop
      vertex 9.376 46.9763 2
      vertex 2 62 2
      vertex 9.18837 46.9941 2
    endloop
  endfacet
  facet normal 0 0 1
    outer loop
      vertex 9.18837 46.9941 2
      vertex 2 62 2
      vertex 9 47 2
    endloop
  endfacet
  facet normal 0 0 1
    outer loop
      vertex 9 47 2
      vertex 2 62 2
      vertex 8.81163 46.9941 2
    endloop
  endfacet
  facet normal 0 0 1
    outer loop
      vertex 8.81163 46.9941 2
      vertex 2 62 2
      vertex 8.624 46.9763 2
    endloop
  endfacet
  facet normal 0 0 1
    outer loop
      vertex 6.02366 43.624 2
      vertex 2 62 2
      vertex 2 2 2
    endloop
  endfacet
  facet normal 0 0 1
    outer loop
      vertex 6.00592 44.1884 2
      vertex 2 62 2
      vertex 6 44 2
    endloop
  endfacet
  facet normal 0 0 1
    outer loop
      vertex 6.02366 44.376 2
      vertex 2 62 2
      vertex 6.00592 44.1884 2
    endloop
  endfacet
  facet normal 0 0 1
    outer loop
      vertex 6.05314 44.5621 2
      vertex 2 62 2
      vertex 6.02366 44.376 2
    endloop
  endfacet
  facet normal 0 0 1
    outer loop
      vertex 6.09425 44.7461 2
      vertex 2 62 2
      vertex 6.05314 44.5621 2
    endloop
  endfacet
  facet normal 0 0 1
    outer loop
      vertex 6.14683 44.9271 2
      vertex 2 62 2
      vertex 6.09425 44.7461 2
    endloop
  endfacet
  facet normal 0 0 1
    outer loop
      vertex 6.21067 45.1044 2
      vertex 2 62 2
      vertex 6.14683 44.9271 2
    endloop
  endfacet
  facet normal 0 0 1
    outer loop
      vertex 6.28552 45.2773 2
      vertex 2 62 2
      vertex 6.21067 45.1044 2
    endloop
  endfacet
  facet normal 0 0 1
    outer loop
      vertex 6.37108 45.4453 2
      vertex 2 62 2
      vertex 6.28552 45.2773 2
    endloop
  endfacet
  facet normal 0 0 1
    outer loop
      vertex 6.46702 45.6075 2
      vertex 2 62 2
      vertex 6.37108 45.4453 2
    endloop
  endfacet
  facet normal 0 0 1
    outer loop
      vertex 6.57295 45.7634 2
      vertex 2 62 2
      vertex 6.46702 45.6075 2
    endloop
  endfacet
  facet normal 0 0 1
    outer loop
      vertex 6.68846 45.9123 2
      vertex 2 62 2
      vertex 6.57295 45.7634 2
    endloop
  endfacet
  facet normal 0 0 1
    outer loop
      vertex 6.81309 46.0536 2
      vertex 2 62 2
      vertex 6.68846 45.9123 2
    endloop
  endfacet
  facet normal 0 0 1
    outer loop
      vertex 6.94636 46.1869 2
      vertex 2 62 2
      vertex 6.81309 46.0536 2
    endloop
  endfacet
  facet normal 0 0 1
    outer loop
      vertex 7.08773 46.3115 2
      vertex 2 62 2
      vertex 6.94636 46.1869 2
    endloop
  endfacet
  facet normal 0 0 1
    outer loop
      vertex 7.23664 46.4271 2
      vertex 2 62 2
      vertex 7.08773 46.3115 2
    endloop
  endfacet
  facet normal 0 0 1
    outer loop
      vertex 7.39252 46.533 2
      vertex 2 62 2
      vertex 7.23664 46.4271 2
    endloop
  endfacet
  facet normal 0 0 1
    outer loop
      vertex 7.55474 46.6289 2
      vertex 2 62 2
      vertex 7.39252 46.533 2
    endloop
  endfacet
  facet normal 0 0 1
    outer loop
      vertex 7.72266 46.7145 2
      vertex 2 62 2
      vertex 7.55474 46.6289 2
    endloop
  endfacet
  facet normal 0 0 1
    outer loop
      vertex 7.89563 46.7893 2
      vertex 2 62 2
      vertex 7.72266 46.7145 2
    endloop
  endfacet
  facet normal 0 0 1
    outer loop
      vertex 8.07295 46.8532 2
      vertex 2 62 2
      vertex 7.89563 46.7893 2
    endloop
  endfacet
  facet normal 0 0 1
    outer loop
      vertex 8.25393 46.9058 2
      vertex 2 62 2
      vertex 8.07295 46.8532 2
    endloop
  endfacet
  facet normal 0 0 1
    outer loop
      vertex 8.43786 46.9469 2
      vertex 2 62 2
      vertex 8.25393 46.9058 2
    endloop
  endfacet
  facet normal 0 0 1
    outer loop
      vertex 8.624 46.9763 2
      vertex 2 62 2
      vertex 8.43786 46.9469 2
    endloop
  endfacet
  facet normal 0 0 1
    outer loop
      vertex 86.9941 43.8116 2
      vertex 91 62 2
      vertex 87 44 2
    endloop
  endfacet
  facet normal 0 0 1
    outer loop
      vertex 86.9763 43.624 2
      vertex 91 62 2
      vertex 86.9941 43.8116 2
    endloop
  endfacet
  facet normal -0 0 1
    outer loop
      vertex 86.9941 12.8116 2
      vertex 91 2 2
      vertex 87 13 2
    endloop
  endfacet
  facet normal -0 0 1
    outer loop
      vertex 86.9763 12.624 2
      vertex 91 2 2
      vertex 86.9941 12.8116 2
    endloop
  endfacet
  facet normal -0 0 1
    outer loop
      vertex 86.9469 12.4379 2
      vertex 91 2 2
      vertex 86.9763 12.624 2
    endloop
  endfacet
  facet normal -0 0 1
    outer loop
      vertex 86.9057 12.2539 2
      vertex 91 2 2
      vertex 86.9469 12.4379 2
    endloop
  endfacet
  facet normal -0 0 1
    outer loop
      vertex 86.8532 12.0729 2
      vertex 91 2 2
      vertex 86.9057 12.2539 2
    endloop
  endfacet
  facet normal -0 0 1
    outer loop
      vertex 86.7893 11.8956 2
      vertex 91 2 2
      vertex 86.8532 12.0729 2
    endloop
  endfacet
  facet normal -0 0 1
    outer loop
      vertex 86.7145 11.7227 2
      vertex 91 2 2
      vertex 86.7893 11.8956 2
    endloop
  endfacet
  facet normal -0 0 1
    outer loop
      vertex 86.6289 11.5547 2
      vertex 91 2 2
      vertex 86.7145 11.7227 2
    endloop
  endfacet
  facet normal -0 0 1
    outer loop
      vertex 86.533 11.3925 2
      vertex 91 2 2
      vertex 86.6289 11.5547 2
    endloop
  endfacet
  facet normal -0 0 1
    outer loop
      vertex 86.427 11.2366 2
      vertex 91 2 2
      vertex 86.533 11.3925 2
    endloop
  endfacet
  facet normal -0 0 1
    outer loop
      vertex 86.3115 11.0877 2
      vertex 91 2 2
      vertex 86.427 11.2366 2
    endloop
  endfacet
  facet normal -0 0 1
    outer loop
      vertex 86.1869 10.9464 2
      vertex 91 2 2
      vertex 86.3115 11.0877 2
    endloop
  endfacet
  facet normal -0 0 1
    outer loop
      vertex 86.0536 10.8131 2
      vertex 91 2 2
      vertex 86.1869 10.9464 2
    endloop
  endfacet
  facet normal -0 0 1
    outer loop
      vertex 85.9123 10.6885 2
      vertex 91 2 2
      vertex 86.0536 10.8131 2
    endloop
  endfacet
  facet normal -0 0 1
    outer loop
      vertex 85.7634 10.5729 2
      vertex 91 2 2
      vertex 85.9123 10.6885 2
    endloop
  endfacet
  facet normal -0 0 1
    outer loop
      vertex 85.6075 10.467 2
      vertex 91 2 2
      vertex 85.7634 10.5729 2
    endloop
  endfacet
  facet normal -0 0 1
    outer loop
      vertex 85.4453 10.3711 2
      vertex 91 2 2
      vertex 85.6075 10.467 2
    endloop
  endfacet
  facet normal -0 0 1
    outer loop
      vertex 85.2773 10.2855 2
      vertex 91 2 2
      vertex 85.4453 10.3711 2
    endloop
  endfacet
  facet normal -0 0 1
    outer loop
      vertex 85.1044 10.2107 2
      vertex 91 2 2
      vertex 85.2773 10.2855 2
    endloop
  endfacet
  facet normal -0 0 1
    outer loop
      vertex 84.927 10.1468 2
      vertex 91 2 2
      vertex 85.1044 10.2107 2
    endloop
  endfacet
  facet normal -0 0 1
    outer loop
      vertex 84.7461 10.0942 2
      vertex 91 2 2
      vertex 84.927 10.1468 2
    endloop
  endfacet
  facet normal -0 0 1
    outer loop
      vertex 84.5621 10.0531 2
      vertex 91 2 2
      vertex 84.7461 10.0942 2
    endloop
  endfacet
  facet normal -0 0 1
    outer loop
      vertex 84.376 10.0237 2
      vertex 91 2 2
      vertex 84.5621 10.0531 2
    endloop
  endfacet
  facet normal -0 0 1
    outer loop
      vertex 84.1884 10.0059 2
      vertex 91 2 2
      vertex 84.376 10.0237 2
    endloop
  endfacet
  facet normal -0 0 1
    outer loop
      vertex 84 10 2
      vertex 91 2 2
      vertex 84.1884 10.0059 2
    endloop
  endfacet
  facet normal 0 0 1
    outer loop
      vertex 83.8116 10.0059 2
      vertex 91 2 2
      vertex 84 10 2
    endloop
  endfacet
  facet normal 0 0 1
    outer loop
      vertex 83.624 10.0237 2
      vertex 91 2 2
      vertex 83.8116 10.0059 2
    endloop
  endfacet
  facet normal 0 0 1
    outer loop
      vertex 83.4379 10.0531 2
      vertex 91 2 2
      vertex 83.624 10.0237 2
    endloop
  endfacet
  facet normal 0 0 1
    outer loop
      vertex 83.2539 10.0942 2
      vertex 91 2 2
      vertex 83.4379 10.0531 2
    endloop
  endfacet
  facet normal 0 0 1
    outer loop
      vertex 83.073 10.1468 2
      vertex 91 2 2
      vertex 83.2539 10.0942 2
    endloop
  endfacet
  facet normal 0 0 1
    outer loop
      vertex 82.8956 10.2107 2
      vertex 91 2 2
      vertex 83.073 10.1468 2
    endloop
  endfacet
  facet normal 0 0 1
    outer loop
      vertex 82.7227 10.2855 2
      vertex 91 2 2
      vertex 82.8956 10.2107 2
    endloop
  endfacet
  facet normal 0 0 1
    outer loop
      vertex 82.5547 10.3711 2
      vertex 91 2 2
      vertex 82.7227 10.2855 2
    endloop
  endfacet
  facet normal 0 0 1
    outer loop
      vertex 82.3925 10.467 2
      vertex 91 2 2
      vertex 82.5547 10.3711 2
    endloop
  endfacet
  facet normal 0 0 1
    outer loop
      vertex 82.2366 10.5729 2
      vertex 91 2 2
      vertex 82.3925 10.467 2
    endloop
  endfacet
  facet normal 0 0 1
    outer loop
      vertex 82.0877 10.6885 2
      vertex 91 2 2
      vertex 82.2366 10.5729 2
    endloop
  endfacet
  facet normal 0 0 1
    outer loop
      vertex 10.9123 10.6885 2
      vertex 82.0877 10.6885 2
      vertex 81.9464 10.8131 2
    endloop
  endfacet
  facet normal 0 0 1
    outer loop
      vertex 81.0059 13.1884 2
      vertex 12 13 2
      vertex 81 13 2
    endloop
  endfacet
  facet normal 0 0 1
    outer loop
      vertex 81 13 2
      vertex 12 13 2
      vertex 81.0059 12.8116 2
    endloop
  endfacet
  facet normal 0 0 1
    outer loop
      vertex 11.9941 12.8116 2
      vertex 81.0059 12.8116 2
      vertex 12 13 2
    endloop
  endfacet
  facet normal 0 0 1
    outer loop
      vertex 81.0059 12.8116 2
      vertex 11.9941 12.8116 2
      vertex 81.0237 12.624 2
    endloop
  endfacet
  facet normal 0 0 1
    outer loop
      vertex 11.9763 12.624 2
      vertex 81.0237 12.624 2
      vertex 11.9941 12.8116 2
    endloop
  endfacet
  facet normal 0 0 1
    outer loop
      vertex 81.0237 12.624 2
      vertex 11.9763 12.624 2
      vertex 81.0531 12.4379 2
    endloop
  endfacet
  facet normal 0 0 1
    outer loop
      vertex 11.9469 12.4379 2
      vertex 81.0531 12.4379 2
      vertex 11.9763 12.624 2
    endloop
  endfacet
  facet normal 0 0 1
    outer loop
      vertex 81.0531 12.4379 2
      vertex 11.9469 12.4379 2
      vertex 81.0943 12.2539 2
    endloop
  endfacet
  facet normal 0 0 1
    outer loop
      vertex 11.9057 12.2539 2
      vertex 81.0943 12.2539 2
      vertex 11.9469 12.4379 2
    endloop
  endfacet
  facet normal 0 0 1
    outer loop
      vertex 81.0943 12.2539 2
      vertex 11.9057 12.2539 2
      vertex 81.1468 12.0729 2
    endloop
  endfacet
  facet normal 0 0 1
    outer loop
      vertex 11.8532 12.0729 2
      vertex 81.1468 12.0729 2
      vertex 11.9057 12.2539 2
    endloop
  endfacet
  facet normal 0 0 1
    outer loop
      vertex 81.1468 12.0729 2
      vertex 11.8532 12.0729 2
      vertex 81.2107 11.8956 2
    endloop
  endfacet
  facet normal 0 0 1
    outer loop
      vertex 11.7893 11.8956 2
      vertex 81.2107 11.8956 2
      vertex 11.8532 12.0729 2
    endloop
  endfacet
  facet normal 0 0 1
    outer loop
      vertex 81.2107 11.8956 2
      vertex 11.7893 11.8956 2
      vertex 81.2855 11.7227 2
    endloop
  endfacet
  facet normal 0 0 1
    outer loop
      vertex 11.7145 11.7227 2
      vertex 81.2855 11.7227 2
      vertex 11.7893 11.8956 2
    endloop
  endfacet
  facet normal 0 0 1
    outer loop
      vertex 81.2855 11.7227 2
      vertex 11.7145 11.7227 2
      vertex 81.3711 11.5547 2
    endloop
  endfacet
  facet normal 0 0 1
    outer loop
      vertex 11.6289 11.5547 2
      vertex 81.3711 11.5547 2
      vertex 11.7145 11.7227 2
    endloop
  endfacet
  facet normal 0 0 1
    outer loop
      vertex 81.3711 11.5547 2
      vertex 11.6289 11.5547 2
      vertex 81.467 11.3925 2
    endloop
  endfacet
  facet normal 0 0 1
    outer loop
      vertex 11.533 11.3925 2
      vertex 81.467 11.3925 2
      vertex 11.6289 11.5547 2
    endloop
  endfacet
  facet normal 0 0 1
    outer loop
      vertex 81.467 11.3925 2
      vertex 11.533 11.3925 2
      vertex 81.573 11.2366 2
    endloop
  endfacet
  facet normal 0 0 1
    outer loop
      vertex 11.4271 11.2366 2
      vertex 81.573 11.2366 2
      vertex 11.533 11.3925 2
    endloop
  endfacet
  facet normal 0 0 1
    outer loop
      vertex 81.573 11.2366 2
      vertex 11.4271 11.2366 2
      vertex 81.6885 11.0877 2
    endloop
  endfacet
  facet normal 0 0 1
    outer loop
      vertex 11.3115 11.0877 2
      vertex 81.6885 11.0877 2
      vertex 11.4271 11.2366 2
    endloop
  endfacet
  facet normal 0 0 1
    outer loop
      vertex 81.6885 11.0877 2
      vertex 11.3115 11.0877 2
      vertex 81.8131 10.9464 2
    endloop
  endfacet
  facet normal 0 0 1
    outer loop
      vertex 11.1869 10.9464 2
      vertex 81.8131 10.9464 2
      vertex 11.3115 11.0877 2
    endloop
  endfacet
  facet normal 0 0 1
    outer loop
      vertex 81.8131 10.9464 2
      vertex 11.1869 10.9464 2
      vertex 81.9464 10.8131 2
    endloop
  endfacet
  facet normal 0 0 1
    outer loop
      vertex 11.0536 10.8131 2
      vertex 81.9464 10.8131 2
      vertex 11.1869 10.9464 2
    endloop
  endfacet
  facet normal 0 0 1
    outer loop
      vertex 10.9123 10.6885 2
      vertex 81.9464 10.8131 2
      vertex 11.0536 10.8131 2
    endloop
  endfacet
  facet normal 0 0 1
    outer loop
      vertex 82.0877 10.6885 2
      vertex 10.9123 10.6885 2
      vertex 91 2 2
    endloop
  endfacet
  facet normal -0 0 1
    outer loop
      vertex 10.7634 10.5729 2
      vertex 91 2 2
      vertex 10.9123 10.6885 2
    endloop
  endfacet
  facet normal 0 0 1
    outer loop
      vertex 2 2 2
      vertex 10.7634 10.5729 2
      vertex 10.6075 10.467 2
    endloop
  endfacet
  facet normal 0 0 1
    outer loop
      vertex 2 2 2
      vertex 10.6075 10.467 2
      vertex 10.4453 10.3711 2
    endloop
  endfacet
  facet normal 0 0 1
    outer loop
      vertex 2 2 2
      vertex 10.4453 10.3711 2
      vertex 10.2773 10.2855 2
    endloop
  endfacet
  facet normal 0 0 1
    outer loop
      vertex 2 2 2
      vertex 10.2773 10.2855 2
      vertex 10.1044 10.2107 2
    endloop
  endfacet
  facet normal 0 0 1
    outer loop
      vertex 2 2 2
      vertex 10.1044 10.2107 2
      vertex 9.92705 10.1468 2
    endloop
  endfacet
  facet normal 0 0 1
    outer loop
      vertex 2 2 2
      vertex 9.92705 10.1468 2
      vertex 9.74607 10.0942 2
    endloop
  endfacet
  facet normal 0 0 1
    outer loop
      vertex 2 2 2
      vertex 9.74607 10.0942 2
      vertex 9.56214 10.0531 2
    endloop
  endfacet
  facet normal 0 0 1
    outer loop
      vertex 2 2 2
      vertex 9.56214 10.0531 2
      vertex 9.376 10.0237 2
    endloop
  endfacet
  facet normal 0 0 1
    outer loop
      vertex 2 2 2
      vertex 9.376 10.0237 2
      vertex 9.18837 10.0059 2
    endloop
  endfacet
  facet normal 0 0 1
    outer loop
      vertex 2 2 2
      vertex 9.18837 10.0059 2
      vertex 9 10 2
    endloop
  endfacet
  facet normal 0 0 1
    outer loop
      vertex 2 2 2
      vertex 9 10 2
      vertex 8.81163 10.0059 2
    endloop
  endfacet
  facet normal 0 0 1
    outer loop
      vertex 2 2 2
      vertex 8.81163 10.0059 2
      vertex 8.624 10.0237 2
    endloop
  endfacet
  facet normal 0 0 1
    outer loop
      vertex 6.00592 13.1884 2
      vertex 2 2 2
      vertex 6 13 2
    endloop
  endfacet
  facet normal 0 0 1
    outer loop
      vertex 10.7634 10.5729 2
      vertex 2 2 2
      vertex 91 2 2
    endloop
  endfacet
  facet normal 0 0 1
    outer loop
      vertex 8.43786 10.0531 2
      vertex 2 2 2
      vertex 8.624 10.0237 2
    endloop
  endfacet
  facet normal 0 0 1
    outer loop
      vertex 8.25393 10.0942 2
      vertex 2 2 2
      vertex 8.43786 10.0531 2
    endloop
  endfacet
  facet normal 0 0 1
    outer loop
      vertex 8.07295 10.1468 2
      vertex 2 2 2
      vertex 8.25393 10.0942 2
    endloop
  endfacet
  facet normal 0 0 1
    outer loop
      vertex 7.89563 10.2107 2
      vertex 2 2 2
      vertex 8.07295 10.1468 2
    endloop
  endfacet
  facet normal 0 0 1
    outer loop
      vertex 7.72266 10.2855 2
      vertex 2 2 2
      vertex 7.89563 10.2107 2
    endloop
  endfacet
  facet normal 0 0 1
    outer loop
      vertex 7.55474 10.3711 2
      vertex 2 2 2
      vertex 7.72266 10.2855 2
    endloop
  endfacet
  facet normal 0 0 1
    outer loop
      vertex 7.39252 10.467 2
      vertex 2 2 2
      vertex 7.55474 10.3711 2
    endloop
  endfacet
  facet normal 0 0 1
    outer loop
      vertex 7.23664 10.5729 2
      vertex 2 2 2
      vertex 7.39252 10.467 2
    endloop
  endfacet
  facet normal 0 0 1
    outer loop
      vertex 7.08773 10.6885 2
      vertex 2 2 2
      vertex 7.23664 10.5729 2
    endloop
  endfacet
  facet normal 0 0 1
    outer loop
      vertex 6.94636 10.8131 2
      vertex 2 2 2
      vertex 7.08773 10.6885 2
    endloop
  endfacet
  facet normal 0 0 1
    outer loop
      vertex 6.81309 10.9464 2
      vertex 2 2 2
      vertex 6.94636 10.8131 2
    endloop
  endfacet
  facet normal 0 0 1
    outer loop
      vertex 6.68846 11.0877 2
      vertex 2 2 2
      vertex 6.81309 10.9464 2
    endloop
  endfacet
  facet normal 0 0 1
    outer loop
      vertex 6.57295 11.2366 2
      vertex 2 2 2
      vertex 6.68846 11.0877 2
    endloop
  endfacet
  facet normal 0 0 1
    outer loop
      vertex 6.46702 11.3925 2
      vertex 2 2 2
      vertex 6.57295 11.2366 2
    endloop
  endfacet
  facet normal 0 0 1
    outer loop
      vertex 6.37108 11.5547 2
      vertex 2 2 2
      vertex 6.46702 11.3925 2
    endloop
  endfacet
  facet normal 0 0 1
    outer loop
      vertex 6.28552 11.7227 2
      vertex 2 2 2
      vertex 6.37108 11.5547 2
    endloop
  endfacet
  facet normal 0 0 1
    outer loop
      vertex 6.21067 11.8956 2
      vertex 2 2 2
      vertex 6.28552 11.7227 2
    endloop
  endfacet
  facet normal 0 0 1
    outer loop
      vertex 6.14683 12.0729 2
      vertex 2 2 2
      vertex 6.21067 11.8956 2
    endloop
  endfacet
  facet normal 0 0 1
    outer loop
      vertex 6.09425 12.2539 2
      vertex 2 2 2
      vertex 6.14683 12.0729 2
    endloop
  endfacet
  facet normal 0 0 1
    outer loop
      vertex 6.05314 12.4379 2
      vertex 2 2 2
      vertex 6.09425 12.2539 2
    endloop
  endfacet
  facet normal 0 0 1
    outer loop
      vertex 6.02366 12.624 2
      vertex 2 2 2
      vertex 6.05314 12.4379 2
    endloop
  endfacet
  facet normal 0 0 1
    outer loop
      vertex 6.00592 12.8116 2
      vertex 2 2 2
      vertex 6.02366 12.624 2
    endloop
  endfacet
  facet normal 0 0 1
    outer loop
      vertex 6 13 2
      vertex 2 2 2
      vertex 6.00592 12.8116 2
    endloop
  endfacet
  facet normal 0 1 -0
    outer loop
      vertex 91 2 2
      vertex 2 2 45
      vertex 91 2 45
    endloop
  endfacet
  facet normal 0 1 0
    outer loop
      vertex 2 2 45
      vertex 91 2 2
      vertex 2 2 2
    endloop
  endfacet
  facet normal 0 -0.999507 -0.0314089
    outer loop
      vertex 0 58 23
      vertex 2 57.9921 23.2512
      vertex 0 57.9921 23.2512
    endloop
  endfacet
  facet normal 0 -0.999507 -0.0314089
    outer loop
      vertex 2 57.9921 23.2512
      vertex 0 58 23
      vertex 2 58 23
    endloop
  endfacet
  facet normal 0 0.397145 -0.917756
    outer loop
      vertex 0 52.2969 26.6193
      vertex 2 52.5275 26.7191
      vertex 2 52.2969 26.6193
    endloop
  endfacet
  facet normal 0 0.397145 -0.917756
    outer loop
      vertex 2 52.5275 26.7191
      vertex 0 52.2969 26.6193
      vertex 0 52.5275 26.7191
    endloop
  endfacet
  facet normal 0 -0.960294 -0.278989
    outer loop
      vertex 0 57.8743 23.9948
      vertex 2 57.8042 24.2361
      vertex 0 57.8042 24.2361
    endloop
  endfacet
  facet normal 0 -0.960294 -0.278989
    outer loop
      vertex 2 57.8042 24.2361
      vertex 0 57.8743 23.9948
      vertex 2 57.8743 23.9948
    endloop
  endfacet
  facet normal 0 -0.0314092 0.999507
    outer loop
      vertex 0 54.2512 19.0079
      vertex 2 54 19
      vertex 2 54.2512 19.0079
    endloop
  endfacet
  facet normal 0 -0.0314092 0.999507
    outer loop
      vertex 2 54 19
      vertex 0 54.2512 19.0079
      vertex 0 54 19
    endloop
  endfacet
  facet normal 0 0.707111 -0.707103
    outer loop
      vertex 2 51.0841 25.7382
      vertex 0 51.2618 25.9159
      vertex 2 51.2618 25.9159
    endloop
  endfacet
  facet normal 0 0.707111 -0.707103
    outer loop
      vertex 0 51.2618 25.9159
      vertex 2 51.0841 25.7382
      vertex 0 51.0841 25.7382
    endloop
  endfacet
  facet normal 0 -0.94088 0.33874
    outer loop
      vertex 0 57.7191 21.5275
      vertex 2 57.8042 21.7639
      vertex 0 57.8042 21.7639
    endloop
  endfacet
  facet normal 0 -0.94088 0.33874
    outer loop
      vertex 2 57.8042 21.7639
      vertex 0 57.7191 21.5275
      vertex 2 57.7191 21.5275
    endloop
  endfacet
  facet normal 0 0.33874 -0.94088
    outer loop
      vertex 0 52.5275 26.7191
      vertex 2 52.7639 26.8042
      vertex 2 52.5275 26.7191
    endloop
  endfacet
  facet normal 0 0.33874 -0.94088
    outer loop
      vertex 2 52.7639 26.8042
      vertex 0 52.5275 26.7191
      vertex 0 52.7639 26.8042
    endloop
  endfacet
  facet normal 0 0.960294 -0.278989
    outer loop
      vertex 2 50.1257 23.9948
      vertex 0 50.1958 24.2361
      vertex 2 50.1958 24.2361
    endloop
  endfacet
  facet normal 0 0.960294 -0.278989
    outer loop
      vertex 0 50.1958 24.2361
      vertex 2 50.1257 23.9948
      vertex 0 50.1257 23.9948
    endloop
  endfacet
  facet normal 0 -0.612918 -0.790147
    outer loop
      vertex 0 56.3511 26.2361
      vertex 2 56.5497 26.0821
      vertex 2 56.3511 26.2361
    endloop
  endfacet
  facet normal -0 -0.612918 -0.790147
    outer loop
      vertex 2 56.5497 26.0821
      vertex 0 56.3511 26.2361
      vertex 0 56.5497 26.0821
    endloop
  endfacet
  facet normal 0 0.218149 -0.975916
    outer loop
      vertex 0 53.0052 26.8743
      vertex 2 53.2505 26.9291
      vertex 2 53.0052 26.8743
    endloop
  endfacet
  facet normal 0 0.218149 -0.975916
    outer loop
      vertex 2 53.2505 26.9291
      vertex 0 53.0052 26.8743
      vertex 0 53.2505 26.9291
    endloop
  endfacet
  facet normal 0 -0.975916 0.218149
    outer loop
      vertex 0 57.8743 22.0052
      vertex 2 57.9291 22.2505
      vertex 0 57.9291 22.2505
    endloop
  endfacet
  facet normal 0 -0.975916 0.218149
    outer loop
      vertex 2 57.9291 22.2505
      vertex 0 57.8743 22.0052
      vertex 2 57.8743 22.0052
    endloop
  endfacet
  facet normal 0 -0.987688 0.156436
    outer loop
      vertex 0 57.9291 22.2505
      vertex 2 57.9685 22.4987
      vertex 0 57.9685 22.4987
    endloop
  endfacet
  facet normal 0 -0.987688 0.156436
    outer loop
      vertex 2 57.9685 22.4987
      vertex 0 57.9291 22.2505
      vertex 2 57.9291 22.2505
    endloop
  endfacet
  facet normal 0 -0.661308 0.750114
    outer loop
      vertex 0 56.7382 20.0841
      vertex 2 56.5497 19.9179
      vertex 2 56.7382 20.0841
    endloop
  endfacet
  facet normal 0 -0.661308 0.750114
    outer loop
      vertex 2 56.5497 19.9179
      vertex 0 56.7382 20.0841
      vertex 0 56.5497 19.9179
    endloop
  endfacet
  facet normal 0 -0.860742 0.509042
    outer loop
      vertex 0 57.3773 20.8567
      vertex 2 57.5052 21.073
      vertex 0 57.5052 21.073
    endloop
  endfacet
  facet normal 0 -0.860742 0.509042
    outer loop
      vertex 2 57.5052 21.073
      vertex 0 57.3773 20.8567
      vertex 2 57.3773 20.8567
    endloop
  endfacet
  facet normal -0 0.156437 0.987688
    outer loop
      vertex 0 53.4987 19.0315
      vertex 2 53.2505 19.0709
      vertex 2 53.4987 19.0315
    endloop
  endfacet
  facet normal 0 0.156437 0.987688
    outer loop
      vertex 2 53.2505 19.0709
      vertex 0 53.4987 19.0315
      vertex 0 53.2505 19.0709
    endloop
  endfacet
  facet normal 0 0.960294 0.278989
    outer loop
      vertex 2 50.1958 21.7639
      vertex 0 50.1257 22.0052
      vertex 2 50.1257 22.0052
    endloop
  endfacet
  facet normal 0 0.960294 0.278989
    outer loop
      vertex 0 50.1257 22.0052
      vertex 2 50.1958 21.7639
      vertex 0 50.1958 21.7639
    endloop
  endfacet
  facet normal 0 -0.987688 -0.156436
    outer loop
      vertex 0 57.9685 23.5013
      vertex 2 57.9291 23.7495
      vertex 0 57.9291 23.7495
    endloop
  endfacet
  facet normal 0 -0.987688 -0.156436
    outer loop
      vertex 2 57.9291 23.7495
      vertex 0 57.9685 23.5013
      vertex 2 57.9685 23.5013
    endloop
  endfacet
  facet normal 0 -0.995562 -0.0941056
    outer loop
      vertex 0 57.9921 23.2512
      vertex 2 57.9685 23.5013
      vertex 0 57.9685 23.5013
    endloop
  endfacet
  facet normal 0 -0.995562 -0.0941056
    outer loop
      vertex 2 57.9685 23.5013
      vertex 0 57.9921 23.2512
      vertex 2 57.9921 23.2512
    endloop
  endfacet
  facet normal 0 0.0314087 -0.999507
    outer loop
      vertex 0 53.7488 26.9921
      vertex 2 54 27
      vertex 2 53.7488 26.9921
    endloop
  endfacet
  facet normal 0 0.0314087 -0.999507
    outer loop
      vertex 2 54 27
      vertex 0 53.7488 26.9921
      vertex 0 54 27
    endloop
  endfacet
  facet normal 0 0.827082 -0.562081
    outer loop
      vertex 2 50.6227 25.1433
      vertex 0 50.7639 25.3511
      vertex 2 50.7639 25.3511
    endloop
  endfacet
  facet normal 0 0.827082 -0.562081
    outer loop
      vertex 0 50.7639 25.3511
      vertex 2 50.6227 25.1433
      vertex 0 50.6227 25.1433
    endloop
  endfacet
  facet normal 0 0.453989 -0.891007
    outer loop
      vertex 0 52.073 26.5052
      vertex 2 52.2969 26.6193
      vertex 2 52.073 26.5052
    endloop
  endfacet
  facet normal 0 0.453989 -0.891007
    outer loop
      vertex 2 52.2969 26.6193
      vertex 0 52.073 26.5052
      vertex 0 52.2969 26.6193
    endloop
  endfacet
  facet normal 0 0.661312 -0.750111
    outer loop
      vertex 0 51.2618 25.9159
      vertex 2 51.4503 26.0821
      vertex 2 51.2618 25.9159
    endloop
  endfacet
  facet normal 0 0.661312 -0.750111
    outer loop
      vertex 2 51.4503 26.0821
      vertex 0 51.2618 25.9159
      vertex 0 51.4503 26.0821
    endloop
  endfacet
  facet normal 0 0.15643 -0.987689
    outer loop
      vertex 0 53.2505 26.9291
      vertex 2 53.4987 26.9685
      vertex 2 53.2505 26.9291
    endloop
  endfacet
  facet normal 0 0.15643 -0.987689
    outer loop
      vertex 2 53.4987 26.9685
      vertex 0 53.2505 26.9291
      vertex 0 53.4987 26.9685
    endloop
  endfacet
  facet normal 0 -0.338739 0.940881
    outer loop
      vertex 0 55.4725 19.2809
      vertex 2 55.2361 19.1958
      vertex 2 55.4725 19.2809
    endloop
  endfacet
  facet normal 0 -0.338739 0.940881
    outer loop
      vertex 2 55.2361 19.1958
      vertex 0 55.4725 19.2809
      vertex 0 55.2361 19.1958
    endloop
  endfacet
  facet normal 0 -0.453996 0.891004
    outer loop
      vertex 0 55.927 19.4948
      vertex 2 55.7031 19.3807
      vertex 2 55.927 19.4948
    endloop
  endfacet
  facet normal 0 -0.453996 0.891004
    outer loop
      vertex 2 55.7031 19.3807
      vertex 0 55.927 19.4948
      vertex 0 55.7031 19.3807
    endloop
  endfacet
  facet normal 0 -0.790153 0.61291
    outer loop
      vertex 0 57.0821 20.4503
      vertex 2 57.2361 20.6489
      vertex 0 57.2361 20.6489
    endloop
  endfacet
  facet normal 0 -0.790153 0.61291
    outer loop
      vertex 2 57.2361 20.6489
      vertex 0 57.0821 20.4503
      vertex 2 57.0821 20.4503
    endloop
  endfacet
  facet normal 0 -0.891004 -0.453996
    outer loop
      vertex 0 57.6193 24.7031
      vertex 2 57.5052 24.927
      vertex 0 57.5052 24.927
    endloop
  endfacet
  facet normal 0 -0.891004 -0.453996
    outer loop
      vertex 2 57.5052 24.927
      vertex 0 57.6193 24.7031
      vertex 2 57.6193 24.7031
    endloop
  endfacet
  facet normal 0 -0.338745 -0.940878
    outer loop
      vertex 0 55.2361 26.8042
      vertex 2 55.4725 26.7191
      vertex 2 55.2361 26.8042
    endloop
  endfacet
  facet normal -0 -0.338745 -0.940878
    outer loop
      vertex 2 55.4725 26.7191
      vertex 0 55.2361 26.8042
      vertex 0 55.4725 26.7191
    endloop
  endfacet
  facet normal 0 -0.707111 -0.707103
    outer loop
      vertex 0 56.9159 25.7382
      vertex 2 56.7382 25.9159
      vertex 0 56.7382 25.9159
    endloop
  endfacet
  facet normal 0 -0.707111 -0.707103
    outer loop
      vertex 2 56.7382 25.9159
      vertex 0 56.9159 25.7382
      vertex 2 56.9159 25.7382
    endloop
  endfacet
  facet normal 0 0.995562 -0.0941056
    outer loop
      vertex 2 50.0079 23.2512
      vertex 0 50.0315 23.5013
      vertex 2 50.0315 23.5013
    endloop
  endfacet
  facet normal 0 0.995562 -0.0941056
    outer loop
      vertex 0 50.0315 23.5013
      vertex 2 50.0079 23.2512
      vertex 0 50.0079 23.2512
    endloop
  endfacet
  facet normal 0 0.999507 -0.0314089
    outer loop
      vertex 2 50 23
      vertex 0 50.0079 23.2512
      vertex 2 50.0079 23.2512
    endloop
  endfacet
  facet normal 0 0.999507 -0.0314089
    outer loop
      vertex 0 50.0079 23.2512
      vertex 2 50 23
      vertex 0 50 23
    endloop
  endfacet
  facet normal 0 0.987688 -0.156436
    outer loop
      vertex 2 50.0315 23.5013
      vertex 0 50.0709 23.7495
      vertex 2 50.0709 23.7495
    endloop
  endfacet
  facet normal 0 0.987688 -0.156436
    outer loop
      vertex 0 50.0709 23.7495
      vertex 2 50.0315 23.5013
      vertex 0 50.0315 23.5013
    endloop
  endfacet
  facet normal 0 0.860742 0.509042
    outer loop
      vertex 2 50.6227 20.8567
      vertex 0 50.4948 21.073
      vertex 2 50.4948 21.073
    endloop
  endfacet
  facet normal 0 0.860742 0.509042
    outer loop
      vertex 0 50.4948 21.073
      vertex 2 50.6227 20.8567
      vertex 0 50.6227 20.8567
    endloop
  endfacet
  facet normal 0 0.707107 0.707107
    outer loop
      vertex 2 51.2618 20.0841
      vertex 0 51.0841 20.2618
      vertex 2 51.0841 20.2618
    endloop
  endfacet
  facet normal 0 0.707107 0.707107
    outer loop
      vertex 0 51.0841 20.2618
      vertex 2 51.2618 20.0841
      vertex 0 51.2618 20.0841
    endloop
  endfacet
  facet normal -0 0.338734 0.940882
    outer loop
      vertex 0 52.7639 19.1958
      vertex 2 52.5275 19.2809
      vertex 2 52.7639 19.1958
    endloop
  endfacet
  facet normal 0 0.338734 0.940882
    outer loop
      vertex 2 52.5275 19.2809
      vertex 0 52.7639 19.1958
      vertex 0 52.5275 19.2809
    endloop
  endfacet
  facet normal -0 0.562077 0.827085
    outer loop
      vertex 0 51.8567 19.6227
      vertex 2 51.6489 19.7639
      vertex 2 51.8567 19.6227
    endloop
  endfacet
  facet normal 0 0.562077 0.827085
    outer loop
      vertex 2 51.6489 19.7639
      vertex 0 51.8567 19.6227
      vertex 0 51.6489 19.7639
    endloop
  endfacet
  facet normal 0 0.750111 -0.661312
    outer loop
      vertex 2 50.9179 25.5497
      vertex 0 51.0841 25.7382
      vertex 2 51.0841 25.7382
    endloop
  endfacet
  facet normal 0 0.750111 -0.661312
    outer loop
      vertex 0 51.0841 25.7382
      vertex 2 50.9179 25.5497
      vertex 0 50.9179 25.5497
    endloop
  endfacet
  facet normal 0 0.509045 -0.86074
    outer loop
      vertex 0 51.8567 26.3773
      vertex 2 52.073 26.5052
      vertex 2 51.8567 26.3773
    endloop
  endfacet
  facet normal 0 0.509045 -0.86074
    outer loop
      vertex 2 52.073 26.5052
      vertex 0 51.8567 26.3773
      vertex 0 52.073 26.5052
    endloop
  endfacet
  facet normal 0 0.612911 -0.790152
    outer loop
      vertex 0 51.4503 26.0821
      vertex 2 51.6489 26.2361
      vertex 2 51.4503 26.0821
    endloop
  endfacet
  facet normal 0 0.612911 -0.790152
    outer loop
      vertex 2 51.6489 26.2361
      vertex 0 51.4503 26.0821
      vertex 0 51.6489 26.2361
    endloop
  endfacet
  facet normal 0 0.562077 -0.827085
    outer loop
      vertex 0 51.6489 26.2361
      vertex 2 51.8567 26.3773
      vertex 2 51.6489 26.2361
    endloop
  endfacet
  facet normal 0 0.562077 -0.827085
    outer loop
      vertex 2 51.8567 26.3773
      vertex 0 51.6489 26.2361
      vertex 0 51.8567 26.3773
    endloop
  endfacet
  facet normal 0 0.278989 -0.960294
    outer loop
      vertex 0 52.7639 26.8042
      vertex 2 53.0052 26.8743
      vertex 2 52.7639 26.8042
    endloop
  endfacet
  facet normal 0 0.278989 -0.960294
    outer loop
      vertex 2 53.0052 26.8743
      vertex 0 52.7639 26.8042
      vertex 0 53.0052 26.8743
    endloop
  endfacet
  facet normal 0 0.0941124 -0.995562
    outer loop
      vertex 0 53.4987 26.9685
      vertex 2 53.7488 26.9921
      vertex 2 53.4987 26.9685
    endloop
  endfacet
  facet normal 0 0.0941124 -0.995562
    outer loop
      vertex 2 53.7488 26.9921
      vertex 0 53.4987 26.9685
      vertex 0 53.7488 26.9921
    endloop
  endfacet
  facet normal 0 -0.0941049 0.995562
    outer loop
      vertex 0 54.5013 19.0315
      vertex 2 54.2512 19.0079
      vertex 2 54.5013 19.0315
    endloop
  endfacet
  facet normal 0 -0.0941049 0.995562
    outer loop
      vertex 2 54.2512 19.0079
      vertex 0 54.5013 19.0315
      vertex 0 54.2512 19.0079
    endloop
  endfacet
  facet normal 0 -0.218149 0.975916
    outer loop
      vertex 0 54.9948 19.1257
      vertex 2 54.7495 19.0709
      vertex 2 54.9948 19.1257
    endloop
  endfacet
  facet normal 0 -0.218149 0.975916
    outer loop
      vertex 2 54.7495 19.0709
      vertex 0 54.9948 19.1257
      vertex 0 54.7495 19.0709
    endloop
  endfacet
  facet normal 0 -0.278989 0.960294
    outer loop
      vertex 0 55.2361 19.1958
      vertex 2 54.9948 19.1257
      vertex 2 55.2361 19.1958
    endloop
  endfacet
  facet normal 0 -0.278989 0.960294
    outer loop
      vertex 2 54.9948 19.1257
      vertex 0 55.2361 19.1958
      vertex 0 54.9948 19.1257
    endloop
  endfacet
  facet normal 0 -0.612913 0.79015
    outer loop
      vertex 0 56.5497 19.9179
      vertex 2 56.3511 19.7639
      vertex 2 56.5497 19.9179
    endloop
  endfacet
  facet normal 0 -0.612913 0.79015
    outer loop
      vertex 2 56.3511 19.7639
      vertex 0 56.5497 19.9179
      vertex 0 56.3511 19.7639
    endloop
  endfacet
  facet normal 0 -0.750111 0.661312
    outer loop
      vertex 0 56.9159 20.2618
      vertex 2 57.0821 20.4503
      vertex 0 57.0821 20.4503
    endloop
  endfacet
  facet normal 0 -0.750111 0.661312
    outer loop
      vertex 2 57.0821 20.4503
      vertex 0 56.9159 20.2618
      vertex 2 56.9159 20.2618
    endloop
  endfacet
  facet normal 0 -0.827085 0.562077
    outer loop
      vertex 0 57.2361 20.6489
      vertex 2 57.3773 20.8567
      vertex 0 57.3773 20.8567
    endloop
  endfacet
  facet normal 0 -0.827085 0.562077
    outer loop
      vertex 2 57.3773 20.8567
      vertex 0 57.2361 20.6489
      vertex 2 57.2361 20.6489
    endloop
  endfacet
  facet normal 0 -0.891005 0.453993
    outer loop
      vertex 0 57.5052 21.073
      vertex 2 57.6193 21.2969
      vertex 0 57.6193 21.2969
    endloop
  endfacet
  facet normal 0 -0.891005 0.453993
    outer loop
      vertex 2 57.6193 21.2969
      vertex 0 57.5052 21.073
      vertex 2 57.5052 21.073
    endloop
  endfacet
  facet normal 0 -0.960294 0.278989
    outer loop
      vertex 0 57.8042 21.7639
      vertex 2 57.8743 22.0052
      vertex 0 57.8743 22.0052
    endloop
  endfacet
  facet normal 0 -0.960294 0.278989
    outer loop
      vertex 2 57.8743 22.0052
      vertex 0 57.8042 21.7639
      vertex 2 57.8042 21.7639
    endloop
  endfacet
  facet normal 0 -0.975916 -0.218147
    outer loop
      vertex 0 57.9291 23.7495
      vertex 2 57.8743 23.9948
      vertex 0 57.8743 23.9948
    endloop
  endfacet
  facet normal 0 -0.975916 -0.218147
    outer loop
      vertex 2 57.8743 23.9948
      vertex 0 57.9291 23.7495
      vertex 2 57.9291 23.7495
    endloop
  endfacet
  facet normal 0 -0.940879 -0.338743
    outer loop
      vertex 0 57.8042 24.2361
      vertex 2 57.7191 24.4725
      vertex 0 57.7191 24.4725
    endloop
  endfacet
  facet normal 0 -0.940879 -0.338743
    outer loop
      vertex 2 57.7191 24.4725
      vertex 0 57.8042 24.2361
      vertex 2 57.8042 24.2361
    endloop
  endfacet
  facet normal 0 -0.827082 -0.562081
    outer loop
      vertex 0 57.3773 25.1433
      vertex 2 57.2361 25.3511
      vertex 0 57.2361 25.3511
    endloop
  endfacet
  facet normal 0 -0.827082 -0.562081
    outer loop
      vertex 2 57.2361 25.3511
      vertex 0 57.3773 25.1433
      vertex 2 57.3773 25.1433
    endloop
  endfacet
  facet normal 0 -0.860744 -0.509038
    outer loop
      vertex 0 57.5052 24.927
      vertex 2 57.3773 25.1433
      vertex 0 57.3773 25.1433
    endloop
  endfacet
  facet normal 0 -0.860744 -0.509038
    outer loop
      vertex 2 57.3773 25.1433
      vertex 0 57.5052 24.927
      vertex 2 57.5052 24.927
    endloop
  endfacet
  facet normal 0 -0.917757 -0.397142
    outer loop
      vertex 0 57.7191 24.4725
      vertex 2 57.6193 24.7031
      vertex 0 57.6193 24.7031
    endloop
  endfacet
  facet normal 0 -0.917757 -0.397142
    outer loop
      vertex 2 57.6193 24.7031
      vertex 0 57.7191 24.4725
      vertex 2 57.7191 24.4725
    endloop
  endfacet
  facet normal 0 -0.509038 -0.860744
    outer loop
      vertex 0 55.927 26.5052
      vertex 2 56.1433 26.3773
      vertex 2 55.927 26.5052
    endloop
  endfacet
  facet normal -0 -0.509038 -0.860744
    outer loop
      vertex 2 56.1433 26.3773
      vertex 0 55.927 26.5052
      vertex 0 56.1433 26.3773
    endloop
  endfacet
  facet normal 0 -0.156428 -0.987689
    outer loop
      vertex 0 54.5013 26.9685
      vertex 2 54.7495 26.9291
      vertex 2 54.5013 26.9685
    endloop
  endfacet
  facet normal -0 -0.156428 -0.987689
    outer loop
      vertex 2 54.7495 26.9291
      vertex 0 54.5013 26.9685
      vertex 0 54.7495 26.9291
    endloop
  endfacet
  facet normal 0 0.999507 0.0314087
    outer loop
      vertex 2 50.0079 22.7488
      vertex 0 50 23
      vertex 2 50 23
    endloop
  endfacet
  facet normal 0 0.999507 0.0314087
    outer loop
      vertex 0 50 23
      vertex 2 50.0079 22.7488
      vertex 0 50.0079 22.7488
    endloop
  endfacet
  facet normal 0 0.917751 -0.397155
    outer loop
      vertex 2 50.2809 24.4725
      vertex 0 50.3807 24.7031
      vertex 2 50.3807 24.7031
    endloop
  endfacet
  facet normal 0 0.917751 -0.397155
    outer loop
      vertex 0 50.3807 24.7031
      vertex 2 50.2809 24.4725
      vertex 0 50.2809 24.4725
    endloop
  endfacet
  facet normal 0 0.790153 -0.61291
    outer loop
      vertex 2 50.7639 25.3511
      vertex 0 50.9179 25.5497
      vertex 2 50.9179 25.5497
    endloop
  endfacet
  facet normal 0 0.790153 -0.61291
    outer loop
      vertex 0 50.9179 25.5497
      vertex 2 50.7639 25.3511
      vertex 0 50.7639 25.3511
    endloop
  endfacet
  facet normal 0 0.860744 -0.509038
    outer loop
      vertex 2 50.4948 24.927
      vertex 0 50.6227 25.1433
      vertex 2 50.6227 25.1433
    endloop
  endfacet
  facet normal 0 0.860744 -0.509038
    outer loop
      vertex 0 50.6227 25.1433
      vertex 2 50.4948 24.927
      vertex 0 50.4948 24.927
    endloop
  endfacet
  facet normal 0 0.940884 -0.338729
    outer loop
      vertex 2 50.1958 24.2361
      vertex 0 50.2809 24.4725
      vertex 2 50.2809 24.4725
    endloop
  endfacet
  facet normal 0 0.940884 -0.338729
    outer loop
      vertex 0 50.2809 24.4725
      vertex 2 50.1958 24.2361
      vertex 0 50.1958 24.2361
    endloop
  endfacet
  facet normal 0 0.975916 -0.218147
    outer loop
      vertex 2 50.0709 23.7495
      vertex 0 50.1257 23.9948
      vertex 2 50.1257 23.9948
    endloop
  endfacet
  facet normal 0 0.975916 -0.218147
    outer loop
      vertex 0 50.1257 23.9948
      vertex 2 50.0709 23.7495
      vertex 0 50.0709 23.7495
    endloop
  endfacet
  facet normal 0 0.91775 0.397158
    outer loop
      vertex 2 50.3807 21.2969
      vertex 0 50.2809 21.5275
      vertex 2 50.2809 21.5275
    endloop
  endfacet
  facet normal 0 0.91775 0.397158
    outer loop
      vertex 0 50.2809 21.5275
      vertex 2 50.3807 21.2969
      vertex 0 50.3807 21.2969
    endloop
  endfacet
  facet normal 0 0.975916 0.218149
    outer loop
      vertex 2 50.1257 22.0052
      vertex 0 50.0709 22.2505
      vertex 2 50.0709 22.2505
    endloop
  endfacet
  facet normal 0 0.975916 0.218149
    outer loop
      vertex 0 50.0709 22.2505
      vertex 2 50.1257 22.0052
      vertex 0 50.1257 22.0052
    endloop
  endfacet
  facet normal 0 0.995562 0.0941056
    outer loop
      vertex 2 50.0315 22.4987
      vertex 0 50.0079 22.7488
      vertex 2 50.0079 22.7488
    endloop
  endfacet
  facet normal 0 0.995562 0.0941056
    outer loop
      vertex 0 50.0079 22.7488
      vertex 2 50.0315 22.4987
      vertex 0 50.0315 22.4987
    endloop
  endfacet
  facet normal 0 -0.218149 -0.975916
    outer loop
      vertex 0 54.7495 26.9291
      vertex 2 54.9948 26.8743
      vertex 2 54.7495 26.9291
    endloop
  endfacet
  facet normal -0 -0.218149 -0.975916
    outer loop
      vertex 2 54.9948 26.8743
      vertex 0 54.7495 26.9291
      vertex 0 54.9948 26.8743
    endloop
  endfacet
  facet normal 0 -0.156435 0.987688
    outer loop
      vertex 0 54.7495 19.0709
      vertex 2 54.5013 19.0315
      vertex 2 54.7495 19.0709
    endloop
  endfacet
  facet normal 0 -0.156435 0.987688
    outer loop
      vertex 2 54.5013 19.0315
      vertex 0 54.7495 19.0709
      vertex 0 54.5013 19.0315
    endloop
  endfacet
  facet normal 0 -0.397146 0.917755
    outer loop
      vertex 0 55.7031 19.3807
      vertex 2 55.4725 19.2809
      vertex 2 55.7031 19.3807
    endloop
  endfacet
  facet normal 0 -0.397146 0.917755
    outer loop
      vertex 2 55.4725 19.2809
      vertex 0 55.7031 19.3807
      vertex 0 55.4725 19.2809
    endloop
  endfacet
  facet normal 0 -0.509038 0.860744
    outer loop
      vertex 0 56.1433 19.6227
      vertex 2 55.927 19.4948
      vertex 2 56.1433 19.6227
    endloop
  endfacet
  facet normal 0 -0.509038 0.860744
    outer loop
      vertex 2 55.927 19.4948
      vertex 0 56.1433 19.6227
      vertex 0 55.927 19.4948
    endloop
  endfacet
  facet normal 0 -0.917756 0.397145
    outer loop
      vertex 0 57.6193 21.2969
      vertex 2 57.7191 21.5275
      vertex 0 57.7191 21.5275
    endloop
  endfacet
  facet normal 0 -0.917756 0.397145
    outer loop
      vertex 2 57.7191 21.5275
      vertex 0 57.6193 21.2969
      vertex 2 57.6193 21.2969
    endloop
  endfacet
  facet normal 0 -0.995562 0.0941056
    outer loop
      vertex 0 57.9685 22.4987
      vertex 2 57.9921 22.7488
      vertex 0 57.9921 22.7488
    endloop
  endfacet
  facet normal 0 -0.995562 0.0941056
    outer loop
      vertex 2 57.9921 22.7488
      vertex 0 57.9685 22.4987
      vertex 2 57.9685 22.4987
    endloop
  endfacet
  facet normal -0 0.278989 0.960294
    outer loop
      vertex 0 53.0052 19.1257
      vertex 2 52.7639 19.1958
      vertex 2 53.0052 19.1257
    endloop
  endfacet
  facet normal 0 0.278989 0.960294
    outer loop
      vertex 2 52.7639 19.1958
      vertex 0 53.0052 19.1257
      vertex 0 52.7639 19.1958
    endloop
  endfacet
  facet normal -0 0.0941049 0.995562
    outer loop
      vertex 0 53.7488 19.0079
      vertex 2 53.4987 19.0315
      vertex 2 53.7488 19.0079
    endloop
  endfacet
  facet normal 0 0.0941049 0.995562
    outer loop
      vertex 2 53.4987 19.0315
      vertex 0 53.7488 19.0079
      vertex 0 53.4987 19.0315
    endloop
  endfacet
  facet normal 0 0.790153 0.61291
    outer loop
      vertex 2 50.9179 20.4503
      vertex 0 50.7639 20.6489
      vertex 2 50.7639 20.6489
    endloop
  endfacet
  facet normal 0 0.790153 0.61291
    outer loop
      vertex 0 50.7639 20.6489
      vertex 2 50.9179 20.4503
      vertex 0 50.9179 20.4503
    endloop
  endfacet
  facet normal 0 0.827085 0.562077
    outer loop
      vertex 2 50.7639 20.6489
      vertex 0 50.6227 20.8567
      vertex 2 50.6227 20.8567
    endloop
  endfacet
  facet normal 0 0.827085 0.562077
    outer loop
      vertex 0 50.6227 20.8567
      vertex 2 50.7639 20.6489
      vertex 0 50.7639 20.6489
    endloop
  endfacet
  facet normal 0 0.891005 0.453993
    outer loop
      vertex 2 50.4948 21.073
      vertex 0 50.3807 21.2969
      vertex 2 50.3807 21.2969
    endloop
  endfacet
  facet normal 0 0.891005 0.453993
    outer loop
      vertex 0 50.3807 21.2969
      vertex 2 50.4948 21.073
      vertex 0 50.4948 21.073
    endloop
  endfacet
  facet normal 0 -0.750111 -0.661312
    outer loop
      vertex 0 57.0821 25.5497
      vertex 2 56.9159 25.7382
      vertex 0 56.9159 25.7382
    endloop
  endfacet
  facet normal 0 -0.750111 -0.661312
    outer loop
      vertex 2 56.9159 25.7382
      vertex 0 57.0821 25.5497
      vertex 2 57.0821 25.5497
    endloop
  endfacet
  facet normal 0 -0.453996 -0.891004
    outer loop
      vertex 0 55.7031 26.6193
      vertex 2 55.927 26.5052
      vertex 2 55.7031 26.6193
    endloop
  endfacet
  facet normal -0 -0.453996 -0.891004
    outer loop
      vertex 2 55.927 26.5052
      vertex 0 55.7031 26.6193
      vertex 0 55.927 26.5052
    endloop
  endfacet
  facet normal 0 -0.39714 -0.917758
    outer loop
      vertex 0 55.4725 26.7191
      vertex 2 55.7031 26.6193
      vertex 2 55.4725 26.7191
    endloop
  endfacet
  facet normal -0 -0.39714 -0.917758
    outer loop
      vertex 2 55.7031 26.6193
      vertex 0 55.4725 26.7191
      vertex 0 55.7031 26.6193
    endloop
  endfacet
  facet normal 0 -0.562077 -0.827085
    outer loop
      vertex 0 56.1433 26.3773
      vertex 2 56.3511 26.2361
      vertex 2 56.1433 26.3773
    endloop
  endfacet
  facet normal -0 -0.562077 -0.827085
    outer loop
      vertex 2 56.3511 26.2361
      vertex 0 56.1433 26.3773
      vertex 0 56.3511 26.2361
    endloop
  endfacet
  facet normal 0 -0.0314092 -0.999507
    outer loop
      vertex 0 54 27
      vertex 2 54.2512 26.9921
      vertex 2 54 27
    endloop
  endfacet
  facet normal -0 -0.0314092 -0.999507
    outer loop
      vertex 2 54.2512 26.9921
      vertex 0 54 27
      vertex 0 54.2512 26.9921
    endloop
  endfacet
  facet normal 0 -0.0941124 -0.995562
    outer loop
      vertex 0 54.2512 26.9921
      vertex 2 54.5013 26.9685
      vertex 2 54.2512 26.9921
    endloop
  endfacet
  facet normal -0 -0.0941124 -0.995562
    outer loop
      vertex 2 54.5013 26.9685
      vertex 0 54.2512 26.9921
      vertex 0 54.5013 26.9685
    endloop
  endfacet
  facet normal 0 0.891004 -0.453996
    outer loop
      vertex 2 50.3807 24.7031
      vertex 0 50.4948 24.927
      vertex 2 50.4948 24.927
    endloop
  endfacet
  facet normal 0 0.891004 -0.453996
    outer loop
      vertex 0 50.4948 24.927
      vertex 2 50.3807 24.7031
      vertex 0 50.3807 24.7031
    endloop
  endfacet
  facet normal 0 0.940885 0.338727
    outer loop
      vertex 2 50.2809 21.5275
      vertex 0 50.1958 21.7639
      vertex 2 50.1958 21.7639
    endloop
  endfacet
  facet normal 0 0.940885 0.338727
    outer loop
      vertex 0 50.1958 21.7639
      vertex 2 50.2809 21.5275
      vertex 0 50.2809 21.5275
    endloop
  endfacet
  facet normal 0 0.987688 0.156436
    outer loop
      vertex 2 50.0709 22.2505
      vertex 0 50.0315 22.4987
      vertex 2 50.0315 22.4987
    endloop
  endfacet
  facet normal 0 0.987688 0.156436
    outer loop
      vertex 0 50.0315 22.4987
      vertex 2 50.0709 22.2505
      vertex 0 50.0709 22.2505
    endloop
  endfacet
  facet normal -0 0.509045 0.86074
    outer loop
      vertex 0 52.073 19.4948
      vertex 2 51.8567 19.6227
      vertex 2 52.073 19.4948
    endloop
  endfacet
  facet normal 0 0.509045 0.86074
    outer loop
      vertex 2 51.8567 19.6227
      vertex 0 52.073 19.4948
      vertex 0 51.8567 19.6227
    endloop
  endfacet
  facet normal -0 0.661316 0.750108
    outer loop
      vertex 0 51.4503 19.9179
      vertex 2 51.2618 20.0841
      vertex 2 51.4503 19.9179
    endloop
  endfacet
  facet normal 0 0.661316 0.750108
    outer loop
      vertex 2 51.2618 20.0841
      vertex 0 51.4503 19.9179
      vertex 0 51.2618 20.0841
    endloop
  endfacet
  facet normal -0 0.453989 0.891007
    outer loop
      vertex 0 52.2969 19.3807
      vertex 2 52.073 19.4948
      vertex 2 52.2969 19.3807
    endloop
  endfacet
  facet normal 0 0.453989 0.891007
    outer loop
      vertex 2 52.073 19.4948
      vertex 0 52.2969 19.3807
      vertex 0 52.073 19.4948
    endloop
  endfacet
  facet normal 0 -0.562077 0.827085
    outer loop
      vertex 0 56.3511 19.7639
      vertex 2 56.1433 19.6227
      vertex 2 56.3511 19.7639
    endloop
  endfacet
  facet normal 0 -0.562077 0.827085
    outer loop
      vertex 2 56.1433 19.6227
      vertex 0 56.3511 19.7639
      vertex 0 56.1433 19.6227
    endloop
  endfacet
  facet normal 0 -0.707107 0.707107
    outer loop
      vertex 0 56.7382 20.0841
      vertex 2 56.9159 20.2618
      vertex 0 56.9159 20.2618
    endloop
  endfacet
  facet normal 0 -0.707107 0.707107
    outer loop
      vertex 2 56.9159 20.2618
      vertex 0 56.7382 20.0841
      vertex 2 56.7382 20.0841
    endloop
  endfacet
  facet normal 0 -0.999507 0.0314087
    outer loop
      vertex 0 57.9921 22.7488
      vertex 2 58 23
      vertex 0 58 23
    endloop
  endfacet
  facet normal 0 -0.999507 0.0314087
    outer loop
      vertex 2 58 23
      vertex 0 57.9921 22.7488
      vertex 2 57.9921 22.7488
    endloop
  endfacet
  facet normal -0 0.218149 0.975916
    outer loop
      vertex 0 53.2505 19.0709
      vertex 2 53.0052 19.1257
      vertex 2 53.2505 19.0709
    endloop
  endfacet
  facet normal 0 0.218149 0.975916
    outer loop
      vertex 2 53.0052 19.1257
      vertex 0 53.2505 19.0709
      vertex 0 53.0052 19.1257
    endloop
  endfacet
  facet normal -0 0.0314087 0.999507
    outer loop
      vertex 0 54 19
      vertex 2 53.7488 19.0079
      vertex 2 54 19
    endloop
  endfacet
  facet normal 0 0.0314087 0.999507
    outer loop
      vertex 2 53.7488 19.0079
      vertex 0 54 19
      vertex 0 53.7488 19.0079
    endloop
  endfacet
  facet normal 0 0.750111 0.661312
    outer loop
      vertex 2 51.0841 20.2618
      vertex 0 50.9179 20.4503
      vertex 2 50.9179 20.4503
    endloop
  endfacet
  facet normal 0 0.750111 0.661312
    outer loop
      vertex 0 50.9179 20.4503
      vertex 2 51.0841 20.2618
      vertex 0 51.0841 20.2618
    endloop
  endfacet
  facet normal 0 -0.790153 -0.61291
    outer loop
      vertex 0 57.2361 25.3511
      vertex 2 57.0821 25.5497
      vertex 0 57.0821 25.5497
    endloop
  endfacet
  facet normal 0 -0.790153 -0.61291
    outer loop
      vertex 2 57.0821 25.5497
      vertex 0 57.2361 25.3511
      vertex 2 57.2361 25.3511
    endloop
  endfacet
  facet normal 0 -0.661304 -0.750118
    outer loop
      vertex 0 56.5497 26.0821
      vertex 2 56.7382 25.9159
      vertex 2 56.5497 26.0821
    endloop
  endfacet
  facet normal -0 -0.661304 -0.750118
    outer loop
      vertex 2 56.7382 25.9159
      vertex 0 56.5497 26.0821
      vertex 0 56.7382 25.9159
    endloop
  endfacet
  facet normal 0 -0.278989 -0.960294
    outer loop
      vertex 0 54.9948 26.8743
      vertex 2 55.2361 26.8042
      vertex 2 54.9948 26.8743
    endloop
  endfacet
  facet normal -0 -0.278989 -0.960294
    outer loop
      vertex 2 55.2361 26.8042
      vertex 0 54.9948 26.8743
      vertex 0 55.2361 26.8042
    endloop
  endfacet
  facet normal -0 0.612906 0.790156
    outer loop
      vertex 0 51.6489 19.7639
      vertex 2 51.4503 19.9179
      vertex 2 51.6489 19.7639
    endloop
  endfacet
  facet normal 0 0.612906 0.790156
    outer loop
      vertex 2 51.4503 19.9179
      vertex 0 51.6489 19.7639
      vertex 0 51.4503 19.9179
    endloop
  endfacet
  facet normal -0 0.397152 0.917753
    outer loop
      vertex 0 52.5275 19.2809
      vertex 2 52.2969 19.3807
      vertex 2 52.5275 19.2809
    endloop
  endfacet
  facet normal 0 0.397152 0.917753
    outer loop
      vertex 2 52.2969 19.3807
      vertex 0 52.5275 19.2809
      vertex 0 52.2969 19.3807
    endloop
  endfacet
  facet normal 0.999506 0.0314141 0
    outer loop
      vertex 12 13 7
      vertex 11.9941 13.1884 2
      vertex 11.9941 13.1884 7
    endloop
  endfacet
  facet normal 0.999506 0.0314141 0
    outer loop
      vertex 11.9941 13.1884 2
      vertex 12 13 7
      vertex 12 13 2
    endloop
  endfacet
  facet normal -0.0314139 0.999506 0
    outer loop
      vertex 9 16 2
      vertex 8.81163 15.9941 7
      vertex 9 16 7
    endloop
  endfacet
  facet normal -0.0314139 0.999506 0
    outer loop
      vertex 8.81163 15.9941 7
      vertex 9 16 2
      vertex 8.81163 15.9941 2
    endloop
  endfacet
  facet normal 0.031409 -0.999507 0
    outer loop
      vertex 9 10 2
      vertex 9.18837 10.0059 7
      vertex 9 10 7
    endloop
  endfacet
  facet normal 0.031409 -0.999507 0
    outer loop
      vertex 9.18837 10.0059 7
      vertex 9 10 2
      vertex 9.18837 10.0059 2
    endloop
  endfacet
  facet normal 0.661313 0.75011 -0
    outer loop
      vertex 11.0536 15.1869 2
      vertex 10.9123 15.3115 7
      vertex 11.0536 15.1869 7
    endloop
  endfacet
  facet normal 0.661313 0.75011 0
    outer loop
      vertex 10.9123 15.3115 7
      vertex 11.0536 15.1869 2
      vertex 10.9123 15.3115 2
    endloop
  endfacet
  facet normal -0.75011 0.661313 0
    outer loop
      vertex 6.68846 14.9123 2
      vertex 6.81309 15.0536 7
      vertex 6.81309 15.0536 2
    endloop
  endfacet
  facet normal -0.75011 0.661313 0
    outer loop
      vertex 6.81309 15.0536 7
      vertex 6.68846 14.9123 2
      vertex 6.68846 14.9123 7
    endloop
  endfacet
  facet normal -0.453987 0.891008 0
    outer loop
      vertex 7.72266 15.7145 2
      vertex 7.55474 15.6289 7
      vertex 7.72266 15.7145 7
    endloop
  endfacet
  facet normal -0.453987 0.891008 0
    outer loop
      vertex 7.55474 15.6289 7
      vertex 7.72266 15.7145 2
      vertex 7.55474 15.6289 2
    endloop
  endfacet
  facet normal 0.891008 0.453987 0
    outer loop
      vertex 11.7145 14.2773 7
      vertex 11.6289 14.4453 2
      vertex 11.6289 14.4453 7
    endloop
  endfacet
  facet normal 0.891008 0.453987 0
    outer loop
      vertex 11.6289 14.4453 2
      vertex 11.7145 14.2773 7
      vertex 11.7145 14.2773 2
    endloop
  endfacet
  facet normal -0.891008 0.453987 0
    outer loop
      vertex 6.28552 14.2773 2
      vertex 6.37108 14.4453 7
      vertex 6.37108 14.4453 2
    endloop
  endfacet
  facet normal -0.891008 0.453987 0
    outer loop
      vertex 6.37108 14.4453 7
      vertex 6.28552 14.2773 2
      vertex 6.28552 14.2773 7
    endloop
  endfacet
  facet normal -0.218142 0.975917 0
    outer loop
      vertex 8.43786 15.9469 2
      vertex 8.25393 15.9057 7
      vertex 8.43786 15.9469 7
    endloop
  endfacet
  facet normal -0.218142 0.975917 0
    outer loop
      vertex 8.25393 15.9057 7
      vertex 8.43786 15.9469 2
      vertex 8.25393 15.9057 2
    endloop
  endfacet
  facet normal 0.891008 -0.453987 0
    outer loop
      vertex 11.6289 11.5547 7
      vertex 11.7145 11.7227 2
      vertex 11.7145 11.7227 7
    endloop
  endfacet
  facet normal 0.891008 -0.453987 0
    outer loop
      vertex 11.7145 11.7227 2
      vertex 11.6289 11.5547 7
      vertex 11.6289 11.5547 2
    endloop
  endfacet
  facet normal 0.338742 -0.940879 0
    outer loop
      vertex 9.92705 10.1468 2
      vertex 10.1044 10.2107 7
      vertex 9.92705 10.1468 7
    endloop
  endfacet
  facet normal 0.338742 -0.940879 0
    outer loop
      vertex 10.1044 10.2107 7
      vertex 9.92705 10.1468 2
      vertex 10.1044 10.2107 2
    endloop
  endfacet
  facet normal 0.707107 -0.707107 0
    outer loop
      vertex 11.0536 10.8131 7
      vertex 11.1869 10.9464 2
      vertex 11.1869 10.9464 7
    endloop
  endfacet
  facet normal 0.707107 -0.707107 0
    outer loop
      vertex 11.1869 10.9464 2
      vertex 11.0536 10.8131 7
      vertex 11.0536 10.8131 2
    endloop
  endfacet
  facet normal 0.960294 -0.27899 0
    outer loop
      vertex 11.8532 12.0729 7
      vertex 11.9057 12.2539 2
      vertex 11.9057 12.2539 7
    endloop
  endfacet
  facet normal 0.960294 -0.27899 0
    outer loop
      vertex 11.9057 12.2539 2
      vertex 11.8532 12.0729 7
      vertex 11.8532 12.0729 2
    endloop
  endfacet
  facet normal -0.27899 -0.960294 0
    outer loop
      vertex 8.07295 10.1468 2
      vertex 8.25393 10.0942 7
      vertex 8.07295 10.1468 7
    endloop
  endfacet
  facet normal -0.27899 -0.960294 -0
    outer loop
      vertex 8.25393 10.0942 7
      vertex 8.07295 10.1468 2
      vertex 8.25393 10.0942 2
    endloop
  endfacet
  facet normal -0.661313 -0.75011 0
    outer loop
      vertex 6.94636 10.8131 2
      vertex 7.08773 10.6885 7
      vertex 6.94636 10.8131 7
    endloop
  endfacet
  facet normal -0.661313 -0.75011 -0
    outer loop
      vertex 7.08773 10.6885 7
      vertex 6.94636 10.8131 2
      vertex 7.08773 10.6885 2
    endloop
  endfacet
  facet normal -0.75011 -0.661313 0
    outer loop
      vertex 6.81309 10.9464 2
      vertex 6.68846 11.0877 7
      vertex 6.68846 11.0877 2
    endloop
  endfacet
  facet normal -0.75011 -0.661313 0
    outer loop
      vertex 6.68846 11.0877 7
      vertex 6.81309 10.9464 2
      vertex 6.81309 10.9464 7
    endloop
  endfacet
  facet normal 0.940879 0.338742 0
    outer loop
      vertex 11.8532 13.9271 7
      vertex 11.7893 14.1044 2
      vertex 11.7893 14.1044 7
    endloop
  endfacet
  facet normal 0.940879 0.338742 0
    outer loop
      vertex 11.7893 14.1044 2
      vertex 11.8532 13.9271 7
      vertex 11.8532 13.9271 2
    endloop
  endfacet
  facet normal 0.790156 0.612906 0
    outer loop
      vertex 11.4271 14.7634 7
      vertex 11.3115 14.9123 2
      vertex 11.3115 14.9123 7
    endloop
  endfacet
  facet normal 0.790156 0.612906 0
    outer loop
      vertex 11.3115 14.9123 2
      vertex 11.4271 14.7634 7
      vertex 11.4271 14.7634 2
    endloop
  endfacet
  facet normal 0.156432 0.987689 -0
    outer loop
      vertex 9.56214 15.9469 2
      vertex 9.376 15.9763 7
      vertex 9.56214 15.9469 7
    endloop
  endfacet
  facet normal 0.156432 0.987689 0
    outer loop
      vertex 9.376 15.9763 7
      vertex 9.56214 15.9469 2
      vertex 9.376 15.9763 2
    endloop
  endfacet
  facet normal 0.27899 0.960294 -0
    outer loop
      vertex 9.92705 15.8532 2
      vertex 9.74607 15.9057 7
      vertex 9.92705 15.8532 7
    endloop
  endfacet
  facet normal 0.27899 0.960294 0
    outer loop
      vertex 9.74607 15.9057 7
      vertex 9.92705 15.8532 2
      vertex 9.74607 15.9057 2
    endloop
  endfacet
  facet normal 0.612906 0.790156 -0
    outer loop
      vertex 10.9123 15.3115 2
      vertex 10.7634 15.4271 7
      vertex 10.9123 15.3115 7
    endloop
  endfacet
  facet normal 0.612906 0.790156 0
    outer loop
      vertex 10.7634 15.4271 7
      vertex 10.9123 15.3115 2
      vertex 10.7634 15.4271 2
    endloop
  endfacet
  facet normal -0.987689 0.156432 0
    outer loop
      vertex 6.02366 13.376 2
      vertex 6.05314 13.5621 7
      vertex 6.05314 13.5621 2
    endloop
  endfacet
  facet normal -0.987689 0.156432 0
    outer loop
      vertex 6.05314 13.5621 7
      vertex 6.02366 13.376 2
      vertex 6.02366 13.376 7
    endloop
  endfacet
  facet normal -0.960294 0.27899 0
    outer loop
      vertex 6.09425 13.7461 2
      vertex 6.14683 13.9271 7
      vertex 6.14683 13.9271 2
    endloop
  endfacet
  facet normal -0.960294 0.27899 0
    outer loop
      vertex 6.14683 13.9271 7
      vertex 6.09425 13.7461 2
      vertex 6.09425 13.7461 7
    endloop
  endfacet
  facet normal -0.995562 0.0941099 0
    outer loop
      vertex 6.00592 13.1884 2
      vertex 6.02366 13.376 7
      vertex 6.02366 13.376 2
    endloop
  endfacet
  facet normal -0.995562 0.0941099 0
    outer loop
      vertex 6.02366 13.376 7
      vertex 6.00592 13.1884 2
      vertex 6.00592 13.1884 7
    endloop
  endfacet
  facet normal -0.612906 0.790156 0
    outer loop
      vertex 7.23664 15.4271 2
      vertex 7.08773 15.3115 7
      vertex 7.23664 15.4271 7
    endloop
  endfacet
  facet normal -0.612906 0.790156 0
    outer loop
      vertex 7.08773 15.3115 7
      vertex 7.23664 15.4271 2
      vertex 7.08773 15.3115 2
    endloop
  endfacet
  facet normal -0.156432 0.987689 0
    outer loop
      vertex 8.624 15.9763 2
      vertex 8.43786 15.9469 7
      vertex 8.624 15.9763 7
    endloop
  endfacet
  facet normal -0.156432 0.987689 0
    outer loop
      vertex 8.43786 15.9469 7
      vertex 8.624 15.9763 2
      vertex 8.43786 15.9469 2
    endloop
  endfacet
  facet normal 0.562082 -0.827082 0
    outer loop
      vertex 10.6075 10.467 2
      vertex 10.7634 10.5729 7
      vertex 10.6075 10.467 7
    endloop
  endfacet
  facet normal 0.562082 -0.827082 0
    outer loop
      vertex 10.7634 10.5729 7
      vertex 10.6075 10.467 2
      vertex 10.7634 10.5729 2
    endloop
  endfacet
  facet normal 0.661313 -0.75011 0
    outer loop
      vertex 10.9123 10.6885 2
      vertex 11.0536 10.8131 7
      vertex 10.9123 10.6885 7
    endloop
  endfacet
  facet normal 0.661313 -0.75011 0
    outer loop
      vertex 11.0536 10.8131 7
      vertex 10.9123 10.6885 2
      vertex 11.0536 10.8131 2
    endloop
  endfacet
  facet normal 0.612906 -0.790156 0
    outer loop
      vertex 10.7634 10.5729 2
      vertex 10.9123 10.6885 7
      vertex 10.7634 10.5729 7
    endloop
  endfacet
  facet normal 0.612906 -0.790156 0
    outer loop
      vertex 10.9123 10.6885 7
      vertex 10.7634 10.5729 2
      vertex 10.9123 10.6885 2
    endloop
  endfacet
  facet normal 0.790156 -0.612906 0
    outer loop
      vertex 11.3115 11.0877 7
      vertex 11.4271 11.2366 2
      vertex 11.4271 11.2366 7
    endloop
  endfacet
  facet normal 0.790156 -0.612906 0
    outer loop
      vertex 11.4271 11.2366 2
      vertex 11.3115 11.0877 7
      vertex 11.3115 11.0877 2
    endloop
  endfacet
  facet normal -0.612906 -0.790156 0
    outer loop
      vertex 7.08773 10.6885 2
      vertex 7.23664 10.5729 7
      vertex 7.08773 10.6885 7
    endloop
  endfacet
  facet normal -0.612906 -0.790156 -0
    outer loop
      vertex 7.23664 10.5729 7
      vertex 7.08773 10.6885 2
      vertex 7.23664 10.5729 2
    endloop
  endfacet
  facet normal -0.509044 -0.86074 0
    outer loop
      vertex 7.39252 10.467 2
      vertex 7.55474 10.3711 7
      vertex 7.39252 10.467 7
    endloop
  endfacet
  facet normal -0.509044 -0.86074 -0
    outer loop
      vertex 7.55474 10.3711 7
      vertex 7.39252 10.467 2
      vertex 7.55474 10.3711 2
    endloop
  endfacet
  facet normal -0.453987 -0.891008 0
    outer loop
      vertex 7.55474 10.3711 2
      vertex 7.72266 10.2855 7
      vertex 7.55474 10.3711 7
    endloop
  endfacet
  facet normal -0.453987 -0.891008 -0
    outer loop
      vertex 7.72266 10.2855 7
      vertex 7.55474 10.3711 2
      vertex 7.72266 10.2855 2
    endloop
  endfacet
  facet normal -0.0941099 -0.995562 0
    outer loop
      vertex 8.624 10.0237 2
      vertex 8.81163 10.0059 7
      vertex 8.624 10.0237 7
    endloop
  endfacet
  facet normal -0.0941099 -0.995562 -0
    outer loop
      vertex 8.81163 10.0059 7
      vertex 8.624 10.0237 2
      vertex 8.81163 10.0059 2
    endloop
  endfacet
  facet normal -0.86074 -0.509044 0
    outer loop
      vertex 6.46702 11.3925 2
      vertex 6.37108 11.5547 7
      vertex 6.37108 11.5547 2
    endloop
  endfacet
  facet normal -0.86074 -0.509044 0
    outer loop
      vertex 6.37108 11.5547 7
      vertex 6.46702 11.3925 2
      vertex 6.46702 11.3925 7
    endloop
  endfacet
  facet normal 0.987689 0.156432 0
    outer loop
      vertex 11.9763 13.376 7
      vertex 11.9469 13.5621 2
      vertex 11.9469 13.5621 7
    endloop
  endfacet
  facet normal 0.987689 0.156432 0
    outer loop
      vertex 11.9469 13.5621 2
      vertex 11.9763 13.376 7
      vertex 11.9763 13.376 2
    endloop
  endfacet
  facet normal 0.995562 0.0941099 0
    outer loop
      vertex 11.9941 13.1884 7
      vertex 11.9763 13.376 2
      vertex 11.9763 13.376 7
    endloop
  endfacet
  facet normal 0.995562 0.0941099 0
    outer loop
      vertex 11.9763 13.376 2
      vertex 11.9941 13.1884 7
      vertex 11.9941 13.1884 2
    endloop
  endfacet
  facet normal 0.960294 0.27899 0
    outer loop
      vertex 11.9057 13.7461 7
      vertex 11.8532 13.9271 2
      vertex 11.8532 13.9271 7
    endloop
  endfacet
  facet normal 0.960294 0.27899 0
    outer loop
      vertex 11.8532 13.9271 2
      vertex 11.9057 13.7461 7
      vertex 11.9057 13.7461 2
    endloop
  endfacet
  facet normal 0.975917 0.218142 0
    outer loop
      vertex 11.9469 13.5621 7
      vertex 11.9057 13.7461 2
      vertex 11.9057 13.7461 7
    endloop
  endfacet
  facet normal 0.975917 0.218142 0
    outer loop
      vertex 11.9057 13.7461 2
      vertex 11.9469 13.5621 7
      vertex 11.9469 13.5621 2
    endloop
  endfacet
  facet normal 0.917755 0.397148 0
    outer loop
      vertex 11.7893 14.1044 7
      vertex 11.7145 14.2773 2
      vertex 11.7145 14.2773 7
    endloop
  endfacet
  facet normal 0.917755 0.397148 0
    outer loop
      vertex 11.7145 14.2773 2
      vertex 11.7893 14.1044 7
      vertex 11.7893 14.1044 2
    endloop
  endfacet
  facet normal 0.75011 0.661313 0
    outer loop
      vertex 11.3115 14.9123 7
      vertex 11.1869 15.0536 2
      vertex 11.1869 15.0536 7
    endloop
  endfacet
  facet normal 0.75011 0.661313 0
    outer loop
      vertex 11.1869 15.0536 2
      vertex 11.3115 14.9123 7
      vertex 11.3115 14.9123 2
    endloop
  endfacet
  facet normal 0.827082 0.562082 0
    outer loop
      vertex 11.533 14.6075 7
      vertex 11.4271 14.7634 2
      vertex 11.4271 14.7634 7
    endloop
  endfacet
  facet normal 0.827082 0.562082 0
    outer loop
      vertex 11.4271 14.7634 2
      vertex 11.533 14.6075 7
      vertex 11.533 14.6075 2
    endloop
  endfacet
  facet normal 0.86074 0.509044 0
    outer loop
      vertex 11.6289 14.4453 7
      vertex 11.533 14.6075 2
      vertex 11.533 14.6075 7
    endloop
  endfacet
  facet normal 0.86074 0.509044 0
    outer loop
      vertex 11.533 14.6075 2
      vertex 11.6289 14.4453 7
      vertex 11.6289 14.4453 2
    endloop
  endfacet
  facet normal 0.218142 0.975917 -0
    outer loop
      vertex 9.74607 15.9057 2
      vertex 9.56214 15.9469 7
      vertex 9.74607 15.9057 7
    endloop
  endfacet
  facet normal 0.218142 0.975917 0
    outer loop
      vertex 9.56214 15.9469 7
      vertex 9.74607 15.9057 2
      vertex 9.56214 15.9469 2
    endloop
  endfacet
  facet normal 0.0941099 0.995562 -0
    outer loop
      vertex 9.376 15.9763 2
      vertex 9.18837 15.9941 7
      vertex 9.376 15.9763 7
    endloop
  endfacet
  facet normal 0.0941099 0.995562 0
    outer loop
      vertex 9.18837 15.9941 7
      vertex 9.376 15.9763 2
      vertex 9.18837 15.9941 2
    endloop
  endfacet
  facet normal 0.0314141 0.999506 -0
    outer loop
      vertex 9.18837 15.9941 2
      vertex 9 16 7
      vertex 9.18837 15.9941 7
    endloop
  endfacet
  facet normal 0.0314141 0.999506 0
    outer loop
      vertex 9 16 7
      vertex 9.18837 15.9941 2
      vertex 9 16 2
    endloop
  endfacet
  facet normal 0.338742 0.940879 -0
    outer loop
      vertex 10.1044 15.7893 2
      vertex 9.92705 15.8532 7
      vertex 10.1044 15.7893 7
    endloop
  endfacet
  facet normal 0.338742 0.940879 0
    outer loop
      vertex 9.92705 15.8532 7
      vertex 10.1044 15.7893 2
      vertex 9.92705 15.8532 2
    endloop
  endfacet
  facet normal 0.453987 0.891008 -0
    outer loop
      vertex 10.4453 15.6289 2
      vertex 10.2773 15.7145 7
      vertex 10.4453 15.6289 7
    endloop
  endfacet
  facet normal 0.453987 0.891008 0
    outer loop
      vertex 10.2773 15.7145 7
      vertex 10.4453 15.6289 2
      vertex 10.2773 15.7145 2
    endloop
  endfacet
  facet normal 0.509044 0.86074 -0
    outer loop
      vertex 10.6075 15.533 2
      vertex 10.4453 15.6289 7
      vertex 10.6075 15.533 7
    endloop
  endfacet
  facet normal 0.509044 0.86074 0
    outer loop
      vertex 10.4453 15.6289 7
      vertex 10.6075 15.533 2
      vertex 10.4453 15.6289 2
    endloop
  endfacet
  facet normal 0.562082 0.827082 -0
    outer loop
      vertex 10.7634 15.4271 2
      vertex 10.6075 15.533 7
      vertex 10.7634 15.4271 7
    endloop
  endfacet
  facet normal 0.562082 0.827082 0
    outer loop
      vertex 10.6075 15.533 7
      vertex 10.7634 15.4271 2
      vertex 10.6075 15.533 2
    endloop
  endfacet
  facet normal -0.940879 0.338742 0
    outer loop
      vertex 6.14683 13.9271 2
      vertex 6.21067 14.1044 7
      vertex 6.21067 14.1044 2
    endloop
  endfacet
  facet normal -0.940879 0.338742 0
    outer loop
      vertex 6.21067 14.1044 7
      vertex 6.14683 13.9271 2
      vertex 6.14683 13.9271 7
    endloop
  endfacet
  facet normal -0.975917 0.218142 0
    outer loop
      vertex 6.05314 13.5621 2
      vertex 6.09425 13.7461 7
      vertex 6.09425 13.7461 2
    endloop
  endfacet
  facet normal -0.975917 0.218142 0
    outer loop
      vertex 6.09425 13.7461 7
      vertex 6.05314 13.5621 2
      vertex 6.05314 13.5621 7
    endloop
  endfacet
  facet normal -0.999507 0.031409 0
    outer loop
      vertex 6 13 2
      vertex 6.00592 13.1884 7
      vertex 6.00592 13.1884 2
    endloop
  endfacet
  facet normal -0.999507 0.031409 0
    outer loop
      vertex 6.00592 13.1884 7
      vertex 6 13 2
      vertex 6 13 7
    endloop
  endfacet
  facet normal 0 0 1
    outer loop
      vertex 10.5 13 7
      vertex 12 13 7
      vertex 11.9941 13.1884 7
    endloop
  endfacet
  facet normal 0 0 1
    outer loop
      vertex 10.497 13.0942 7
      vertex 11.9941 13.1884 7
      vertex 11.9763 13.376 7
    endloop
  endfacet
  facet normal 0 0 1
    outer loop
      vertex 12 13 7
      vertex 10.5 13 7
      vertex 11.9941 12.8116 7
    endloop
  endfacet
  facet normal 0 0 1
    outer loop
      vertex 10.4882 13.188 7
      vertex 11.9763 13.376 7
      vertex 11.9469 13.5621 7
    endloop
  endfacet
  facet normal -0 0 1
    outer loop
      vertex 10.497 12.9058 7
      vertex 11.9941 12.8116 7
      vertex 10.5 13 7
    endloop
  endfacet
  facet normal 0 0 1
    outer loop
      vertex 10.4734 13.2811 7
      vertex 11.9469 13.5621 7
      vertex 11.9057 13.7461 7
    endloop
  endfacet
  facet normal 0 0 1
    outer loop
      vertex 11.9941 12.8116 7
      vertex 10.497 12.9058 7
      vertex 11.9763 12.624 7
    endloop
  endfacet
  facet normal 0 0 1
    outer loop
      vertex 10.4529 13.373 7
      vertex 11.9057 13.7461 7
      vertex 11.8532 13.9271 7
    endloop
  endfacet
  facet normal -0 0 1
    outer loop
      vertex 10.4882 12.812 7
      vertex 11.9763 12.624 7
      vertex 10.497 12.9058 7
    endloop
  endfacet
  facet normal 0 0 1
    outer loop
      vertex 10.4266 13.4635 7
      vertex 11.8532 13.9271 7
      vertex 11.7893 14.1044 7
    endloop
  endfacet
  facet normal 0 0 1
    outer loop
      vertex 11.9763 12.624 7
      vertex 10.4882 12.812 7
      vertex 11.9469 12.4379 7
    endloop
  endfacet
  facet normal 0 0 1
    outer loop
      vertex 10.3947 13.5522 7
      vertex 11.7893 14.1044 7
      vertex 11.7145 14.2773 7
    endloop
  endfacet
  facet normal -0 0 1
    outer loop
      vertex 10.4734 12.7189 7
      vertex 11.9469 12.4379 7
      vertex 10.4882 12.812 7
    endloop
  endfacet
  facet normal 0 0 1
    outer loop
      vertex 10.3572 13.6387 7
      vertex 11.7145 14.2773 7
      vertex 11.6289 14.4453 7
    endloop
  endfacet
  facet normal 0 0 1
    outer loop
      vertex 11.9469 12.4379 7
      vertex 10.4734 12.7189 7
      vertex 11.9057 12.2539 7
    endloop
  endfacet
  facet normal 0 0 1
    outer loop
      vertex 10.3145 13.7226 7
      vertex 11.6289 14.4453 7
      vertex 11.533 14.6075 7
    endloop
  endfacet
  facet normal -0 0 1
    outer loop
      vertex 10.4529 12.627 7
      vertex 11.9057 12.2539 7
      vertex 10.4734 12.7189 7
    endloop
  endfacet
  facet normal 0 0 1
    outer loop
      vertex 10.2665 13.8037 7
      vertex 11.533 14.6075 7
      vertex 11.4271 14.7634 7
    endloop
  endfacet
  facet normal 0 0 1
    outer loop
      vertex 11.9057 12.2539 7
      vertex 10.4529 12.627 7
      vertex 11.8532 12.0729 7
    endloop
  endfacet
  facet normal 0 0 1
    outer loop
      vertex 10.2135 13.8817 7
      vertex 11.4271 14.7634 7
      vertex 11.3115 14.9123 7
    endloop
  endfacet
  facet normal -0 0 1
    outer loop
      vertex 10.4266 12.5365 7
      vertex 11.8532 12.0729 7
      vertex 10.4529 12.627 7
    endloop
  endfacet
  facet normal 0 0 1
    outer loop
      vertex 10.1558 13.9561 7
      vertex 11.3115 14.9123 7
      vertex 11.1869 15.0536 7
    endloop
  endfacet
  facet normal 0 0 1
    outer loop
      vertex 11.8532 12.0729 7
      vertex 10.4266 12.5365 7
      vertex 11.7893 11.8956 7
    endloop
  endfacet
  facet normal 0 0 1
    outer loop
      vertex 10.0935 14.0268 7
      vertex 11.1869 15.0536 7
      vertex 11.0536 15.1869 7
    endloop
  endfacet
  facet normal -0 0 1
    outer loop
      vertex 10.3947 12.4478 7
      vertex 11.7893 11.8956 7
      vertex 10.4266 12.5365 7
    endloop
  endfacet
  facet normal 0 0 1
    outer loop
      vertex 10.0268 14.0935 7
      vertex 11.0536 15.1869 7
      vertex 10.9123 15.3115 7
    endloop
  endfacet
  facet normal 0 0 1
    outer loop
      vertex 11.7893 11.8956 7
      vertex 10.3947 12.4478 7
      vertex 11.7145 11.7227 7
    endloop
  endfacet
  facet normal 0 0 1
    outer loop
      vertex 9.95614 14.1558 7
      vertex 10.9123 15.3115 7
      vertex 10.7634 15.4271 7
    endloop
  endfacet
  facet normal -0 0 1
    outer loop
      vertex 10.3572 12.3613 7
      vertex 11.7145 11.7227 7
      vertex 10.3947 12.4478 7
    endloop
  endfacet
  facet normal 0 0 1
    outer loop
      vertex 9.88168 14.2135 7
      vertex 10.7634 15.4271 7
      vertex 10.6075 15.533 7
    endloop
  endfacet
  facet normal 0 0 1
    outer loop
      vertex 11.7145 11.7227 7
      vertex 10.3572 12.3613 7
      vertex 11.6289 11.5547 7
    endloop
  endfacet
  facet normal -0 0 1
    outer loop
      vertex 10.3145 12.2774 7
      vertex 11.6289 11.5547 7
      vertex 10.3572 12.3613 7
    endloop
  endfacet
  facet normal 0 0 1
    outer loop
      vertex 11.9941 13.1884 7
      vertex 10.497 13.0942 7
      vertex 10.5 13 7
    endloop
  endfacet
  facet normal 0 0 1
    outer loop
      vertex 11.9763 13.376 7
      vertex 10.4882 13.188 7
      vertex 10.497 13.0942 7
    endloop
  endfacet
  facet normal 0 0 1
    outer loop
      vertex 11.9469 13.5621 7
      vertex 10.4734 13.2811 7
      vertex 10.4882 13.188 7
    endloop
  endfacet
  facet normal 0 0 1
    outer loop
      vertex 11.9057 13.7461 7
      vertex 10.4529 13.373 7
      vertex 10.4734 13.2811 7
    endloop
  endfacet
  facet normal 0 0 1
    outer loop
      vertex 9.80374 14.2665 7
      vertex 10.6075 15.533 7
      vertex 10.4453 15.6289 7
    endloop
  endfacet
  facet normal 0 0 1
    outer loop
      vertex 11.8532 13.9271 7
      vertex 10.4266 13.4635 7
      vertex 10.4529 13.373 7
    endloop
  endfacet
  facet normal 0 0 1
    outer loop
      vertex 11.7893 14.1044 7
      vertex 10.3947 13.5522 7
      vertex 10.4266 13.4635 7
    endloop
  endfacet
  facet normal 0 0 1
    outer loop
      vertex 11.7145 14.2773 7
      vertex 10.3572 13.6387 7
      vertex 10.3947 13.5522 7
    endloop
  endfacet
  facet normal 0 0 1
    outer loop
      vertex 11.6289 14.4453 7
      vertex 10.3145 13.7226 7
      vertex 10.3572 13.6387 7
    endloop
  endfacet
  facet normal 0 0 1
    outer loop
      vertex 9.72263 14.3145 7
      vertex 10.4453 15.6289 7
      vertex 10.2773 15.7145 7
    endloop
  endfacet
  facet normal 0 0 1
    outer loop
      vertex 11.533 14.6075 7
      vertex 10.2665 13.8037 7
      vertex 10.3145 13.7226 7
    endloop
  endfacet
  facet normal 0 0 1
    outer loop
      vertex 11.4271 14.7634 7
      vertex 10.2135 13.8817 7
      vertex 10.2665 13.8037 7
    endloop
  endfacet
  facet normal 0 0 1
    outer loop
      vertex 11.3115 14.9123 7
      vertex 10.1558 13.9561 7
      vertex 10.2135 13.8817 7
    endloop
  endfacet
  facet normal 0 0 1
    outer loop
      vertex 9.63867 14.3572 7
      vertex 10.2773 15.7145 7
      vertex 10.1044 15.7893 7
    endloop
  endfacet
  facet normal 0 0 1
    outer loop
      vertex 11.1869 15.0536 7
      vertex 10.0935 14.0268 7
      vertex 10.1558 13.9561 7
    endloop
  endfacet
  facet normal 0 0 1
    outer loop
      vertex 11.0536 15.1869 7
      vertex 10.0268 14.0935 7
      vertex 10.0935 14.0268 7
    endloop
  endfacet
  facet normal 0 0 1
    outer loop
      vertex 10.9123 15.3115 7
      vertex 9.95614 14.1558 7
      vertex 10.0268 14.0935 7
    endloop
  endfacet
  facet normal 0 0 1
    outer loop
      vertex 9.55219 14.3947 7
      vertex 10.1044 15.7893 7
      vertex 9.92705 15.8532 7
    endloop
  endfacet
  facet normal 0 0 1
    outer loop
      vertex 10.7634 15.4271 7
      vertex 9.88168 14.2135 7
      vertex 9.95614 14.1558 7
    endloop
  endfacet
  facet normal 0 0 1
    outer loop
      vertex 10.6075 15.533 7
      vertex 9.80374 14.2665 7
      vertex 9.88168 14.2135 7
    endloop
  endfacet
  facet normal 0 0 1
    outer loop
      vertex 9.46352 14.4266 7
      vertex 9.92705 15.8532 7
      vertex 9.74607 15.9057 7
    endloop
  endfacet
  facet normal 0 0 1
    outer loop
      vertex 10.4453 15.6289 7
      vertex 9.72263 14.3145 7
      vertex 9.80374 14.2665 7
    endloop
  endfacet
  facet normal 0 0 1
    outer loop
      vertex 10.2773 15.7145 7
      vertex 9.63867 14.3572 7
      vertex 9.72263 14.3145 7
    endloop
  endfacet
  facet normal 0 0 1
    outer loop
      vertex 9.37303 14.4529 7
      vertex 9.74607 15.9057 7
      vertex 9.56214 15.9469 7
    endloop
  endfacet
  facet normal 0 0 1
    outer loop
      vertex 10.1044 15.7893 7
      vertex 9.55219 14.3947 7
      vertex 9.63867 14.3572 7
    endloop
  endfacet
  facet normal 0 0 1
    outer loop
      vertex 9.92705 15.8532 7
      vertex 9.46352 14.4266 7
      vertex 9.55219 14.3947 7
    endloop
  endfacet
  facet normal 0 0 1
    outer loop
      vertex 9.28107 14.4734 7
      vertex 9.56214 15.9469 7
      vertex 9.376 15.9763 7
    endloop
  endfacet
  facet normal 0 0 1
    outer loop
      vertex 9.74607 15.9057 7
      vertex 9.37303 14.4529 7
      vertex 9.46352 14.4266 7
    endloop
  endfacet
  facet normal 0 0 1
    outer loop
      vertex 9.56214 15.9469 7
      vertex 9.28107 14.4734 7
      vertex 9.37303 14.4529 7
    endloop
  endfacet
  facet normal 0 0 1
    outer loop
      vertex 9.188 14.4882 7
      vertex 9.376 15.9763 7
      vertex 9.18837 15.9941 7
    endloop
  endfacet
  facet normal 0 0 1
    outer loop
      vertex 9.376 15.9763 7
      vertex 9.188 14.4882 7
      vertex 9.28107 14.4734 7
    endloop
  endfacet
  facet normal 0 0 1
    outer loop
      vertex 9.18837 15.9941 7
      vertex 9.09418 14.497 7
      vertex 9.188 14.4882 7
    endloop
  endfacet
  facet normal 0 0 1
    outer loop
      vertex 9 16 7
      vertex 9.09418 14.497 7
      vertex 9.18837 15.9941 7
    endloop
  endfacet
  facet normal 0 0 1
    outer loop
      vertex 9 16 7
      vertex 9 14.5 7
      vertex 9.09418 14.497 7
    endloop
  endfacet
  facet normal 0 0 1
    outer loop
      vertex 9 16 7
      vertex 8.90581 14.497 7
      vertex 9 14.5 7
    endloop
  endfacet
  facet normal -0 0 1
    outer loop
      vertex 8.81163 15.9941 7
      vertex 8.90581 14.497 7
      vertex 9 16 7
    endloop
  endfacet
  facet normal 0 0 1
    outer loop
      vertex 8.90581 14.497 7
      vertex 8.81163 15.9941 7
      vertex 8.812 14.4882 7
    endloop
  endfacet
  facet normal -0 0 1
    outer loop
      vertex 8.624 15.9763 7
      vertex 8.812 14.4882 7
      vertex 8.81163 15.9941 7
    endloop
  endfacet
  facet normal 0 0 1
    outer loop
      vertex 8.812 14.4882 7
      vertex 8.624 15.9763 7
      vertex 8.71893 14.4734 7
    endloop
  endfacet
  facet normal -0 0 1
    outer loop
      vertex 8.43786 15.9469 7
      vertex 8.71893 14.4734 7
      vertex 8.624 15.9763 7
    endloop
  endfacet
  facet normal 0 0 1
    outer loop
      vertex 8.71893 14.4734 7
      vertex 8.43786 15.9469 7
      vertex 8.62696 14.4529 7
    endloop
  endfacet
  facet normal -0 0 1
    outer loop
      vertex 8.25393 15.9057 7
      vertex 8.62696 14.4529 7
      vertex 8.43786 15.9469 7
    endloop
  endfacet
  facet normal 0 0 1
    outer loop
      vertex 8.62696 14.4529 7
      vertex 8.25393 15.9057 7
      vertex 8.53647 14.4266 7
    endloop
  endfacet
  facet normal -0 0 1
    outer loop
      vertex 8.07295 15.8532 7
      vertex 8.53647 14.4266 7
      vertex 8.25393 15.9057 7
    endloop
  endfacet
  facet normal 0 0 1
    outer loop
      vertex 8.53647 14.4266 7
      vertex 8.07295 15.8532 7
      vertex 8.44781 14.3947 7
    endloop
  endfacet
  facet normal -0 0 1
    outer loop
      vertex 7.89563 15.7893 7
      vertex 8.44781 14.3947 7
      vertex 8.07295 15.8532 7
    endloop
  endfacet
  facet normal 0 0 1
    outer loop
      vertex 8.44781 14.3947 7
      vertex 7.89563 15.7893 7
      vertex 8.36133 14.3572 7
    endloop
  endfacet
  facet normal -0 0 1
    outer loop
      vertex 7.72266 15.7145 7
      vertex 8.36133 14.3572 7
      vertex 7.89563 15.7893 7
    endloop
  endfacet
  facet normal 0 0 1
    outer loop
      vertex 8.36133 14.3572 7
      vertex 7.72266 15.7145 7
      vertex 8.27737 14.3145 7
    endloop
  endfacet
  facet normal -0 0 1
    outer loop
      vertex 7.55474 15.6289 7
      vertex 8.27737 14.3145 7
      vertex 7.72266 15.7145 7
    endloop
  endfacet
  facet normal 0 0 1
    outer loop
      vertex 8.27737 14.3145 7
      vertex 7.55474 15.6289 7
      vertex 8.19626 14.2665 7
    endloop
  endfacet
  facet normal -0 0 1
    outer loop
      vertex 7.39252 15.533 7
      vertex 8.19626 14.2665 7
      vertex 7.55474 15.6289 7
    endloop
  endfacet
  facet normal 0 0 1
    outer loop
      vertex 8.19626 14.2665 7
      vertex 7.39252 15.533 7
      vertex 8.11832 14.2135 7
    endloop
  endfacet
  facet normal -0 0 1
    outer loop
      vertex 7.23664 15.4271 7
      vertex 8.11832 14.2135 7
      vertex 7.39252 15.533 7
    endloop
  endfacet
  facet normal 0 0 1
    outer loop
      vertex 8.11832 14.2135 7
      vertex 7.23664 15.4271 7
      vertex 8.04386 14.1558 7
    endloop
  endfacet
  facet normal -0 0 1
    outer loop
      vertex 7.08773 15.3115 7
      vertex 8.04386 14.1558 7
      vertex 7.23664 15.4271 7
    endloop
  endfacet
  facet normal 0 0 1
    outer loop
      vertex 8.04386 14.1558 7
      vertex 7.08773 15.3115 7
      vertex 7.97318 14.0935 7
    endloop
  endfacet
  facet normal -0 0 1
    outer loop
      vertex 6.94636 15.1869 7
      vertex 7.97318 14.0935 7
      vertex 7.08773 15.3115 7
    endloop
  endfacet
  facet normal 0 0 1
    outer loop
      vertex 7.97318 14.0935 7
      vertex 6.94636 15.1869 7
      vertex 7.90655 14.0268 7
    endloop
  endfacet
  facet normal -0 0 1
    outer loop
      vertex 6.81309 15.0536 7
      vertex 7.90655 14.0268 7
      vertex 6.94636 15.1869 7
    endloop
  endfacet
  facet normal 0 0 1
    outer loop
      vertex 7.90655 14.0268 7
      vertex 6.81309 15.0536 7
      vertex 7.84423 13.9561 7
    endloop
  endfacet
  facet normal -0 0 1
    outer loop
      vertex 6.68846 14.9123 7
      vertex 7.84423 13.9561 7
      vertex 6.81309 15.0536 7
    endloop
  endfacet
  facet normal 0 0 1
    outer loop
      vertex 7.84423 13.9561 7
      vertex 6.68846 14.9123 7
      vertex 7.78647 13.8817 7
    endloop
  endfacet
  facet normal -0 0 1
    outer loop
      vertex 6.57295 14.7634 7
      vertex 7.78647 13.8817 7
      vertex 6.68846 14.9123 7
    endloop
  endfacet
  facet normal 0 0 1
    outer loop
      vertex 7.78647 13.8817 7
      vertex 6.57295 14.7634 7
      vertex 7.73351 13.8037 7
    endloop
  endfacet
  facet normal -0 0 1
    outer loop
      vertex 6.46702 14.6075 7
      vertex 7.73351 13.8037 7
      vertex 6.57295 14.7634 7
    endloop
  endfacet
  facet normal 0 0 1
    outer loop
      vertex 7.73351 13.8037 7
      vertex 6.46702 14.6075 7
      vertex 7.68554 13.7226 7
    endloop
  endfacet
  facet normal -0 0 1
    outer loop
      vertex 6.37108 14.4453 7
      vertex 7.68554 13.7226 7
      vertex 6.46702 14.6075 7
    endloop
  endfacet
  facet normal 0 0 1
    outer loop
      vertex 11.6289 11.5547 7
      vertex 10.3145 12.2774 7
      vertex 11.533 11.3925 7
    endloop
  endfacet
  facet normal -0 0 1
    outer loop
      vertex 10.2665 12.1963 7
      vertex 11.533 11.3925 7
      vertex 10.3145 12.2774 7
    endloop
  endfacet
  facet normal 0 0 1
    outer loop
      vertex 11.533 11.3925 7
      vertex 10.2665 12.1963 7
      vertex 11.4271 11.2366 7
    endloop
  endfacet
  facet normal -0 0 1
    outer loop
      vertex 10.2135 12.1183 7
      vertex 11.4271 11.2366 7
      vertex 10.2665 12.1963 7
    endloop
  endfacet
  facet normal 0 0 1
    outer loop
      vertex 11.4271 11.2366 7
      vertex 10.2135 12.1183 7
      vertex 11.3115 11.0877 7
    endloop
  endfacet
  facet normal -0 0 1
    outer loop
      vertex 10.1558 12.0439 7
      vertex 11.3115 11.0877 7
      vertex 10.2135 12.1183 7
    endloop
  endfacet
  facet normal 0 0 1
    outer loop
      vertex 11.3115 11.0877 7
      vertex 10.1558 12.0439 7
      vertex 11.1869 10.9464 7
    endloop
  endfacet
  facet normal -0 0 1
    outer loop
      vertex 10.0935 11.9732 7
      vertex 11.1869 10.9464 7
      vertex 10.1558 12.0439 7
    endloop
  endfacet
  facet normal 0 0 1
    outer loop
      vertex 11.1869 10.9464 7
      vertex 10.0935 11.9732 7
      vertex 11.0536 10.8131 7
    endloop
  endfacet
  facet normal -0 0 1
    outer loop
      vertex 10.0268 11.9065 7
      vertex 11.0536 10.8131 7
      vertex 10.0935 11.9732 7
    endloop
  endfacet
  facet normal 0 0 1
    outer loop
      vertex 11.0536 10.8131 7
      vertex 10.0268 11.9065 7
      vertex 10.9123 10.6885 7
    endloop
  endfacet
  facet normal -0 0 1
    outer loop
      vertex 9.95614 11.8442 7
      vertex 10.9123 10.6885 7
      vertex 10.0268 11.9065 7
    endloop
  endfacet
  facet normal 0 0 1
    outer loop
      vertex 10.9123 10.6885 7
      vertex 9.95614 11.8442 7
      vertex 10.7634 10.5729 7
    endloop
  endfacet
  facet normal -0 0 1
    outer loop
      vertex 9.88168 11.7865 7
      vertex 10.7634 10.5729 7
      vertex 9.95614 11.8442 7
    endloop
  endfacet
  facet normal 0 0 1
    outer loop
      vertex 10.7634 10.5729 7
      vertex 9.88168 11.7865 7
      vertex 10.6075 10.467 7
    endloop
  endfacet
  facet normal -0 0 1
    outer loop
      vertex 9.80374 11.7335 7
      vertex 10.6075 10.467 7
      vertex 9.88168 11.7865 7
    endloop
  endfacet
  facet normal 0 0 1
    outer loop
      vertex 10.6075 10.467 7
      vertex 9.80374 11.7335 7
      vertex 10.4453 10.3711 7
    endloop
  endfacet
  facet normal -0 0 1
    outer loop
      vertex 9.72263 11.6855 7
      vertex 10.4453 10.3711 7
      vertex 9.80374 11.7335 7
    endloop
  endfacet
  facet normal 0 0 1
    outer loop
      vertex 10.4453 10.3711 7
      vertex 9.72263 11.6855 7
      vertex 10.2773 10.2855 7
    endloop
  endfacet
  facet normal -0 0 1
    outer loop
      vertex 9.63867 11.6428 7
      vertex 10.2773 10.2855 7
      vertex 9.72263 11.6855 7
    endloop
  endfacet
  facet normal 0 0 1
    outer loop
      vertex 10.2773 10.2855 7
      vertex 9.63867 11.6428 7
      vertex 10.1044 10.2107 7
    endloop
  endfacet
  facet normal -0 0 1
    outer loop
      vertex 9.55219 11.6053 7
      vertex 10.1044 10.2107 7
      vertex 9.63867 11.6428 7
    endloop
  endfacet
  facet normal 0 0 1
    outer loop
      vertex 10.1044 10.2107 7
      vertex 9.55219 11.6053 7
      vertex 9.92705 10.1468 7
    endloop
  endfacet
  facet normal -0 0 1
    outer loop
      vertex 9.46352 11.5734 7
      vertex 9.92705 10.1468 7
      vertex 9.55219 11.6053 7
    endloop
  endfacet
  facet normal 0 0 1
    outer loop
      vertex 9.92705 10.1468 7
      vertex 9.46352 11.5734 7
      vertex 9.74607 10.0942 7
    endloop
  endfacet
  facet normal -0 0 1
    outer loop
      vertex 9.37303 11.5471 7
      vertex 9.74607 10.0942 7
      vertex 9.46352 11.5734 7
    endloop
  endfacet
  facet normal 0 0 1
    outer loop
      vertex 9.74607 10.0942 7
      vertex 9.37303 11.5471 7
      vertex 9.56214 10.0531 7
    endloop
  endfacet
  facet normal -0 0 1
    outer loop
      vertex 9.28107 11.5266 7
      vertex 9.56214 10.0531 7
      vertex 9.37303 11.5471 7
    endloop
  endfacet
  facet normal 0 0 1
    outer loop
      vertex 9.56214 10.0531 7
      vertex 9.28107 11.5266 7
      vertex 9.376 10.0237 7
    endloop
  endfacet
  facet normal -0 0 1
    outer loop
      vertex 9.188 11.5118 7
      vertex 9.376 10.0237 7
      vertex 9.28107 11.5266 7
    endloop
  endfacet
  facet normal 0 0 1
    outer loop
      vertex 9.376 10.0237 7
      vertex 9.188 11.5118 7
      vertex 9.18837 10.0059 7
    endloop
  endfacet
  facet normal -0 0 1
    outer loop
      vertex 9.09418 11.503 7
      vertex 9.18837 10.0059 7
      vertex 9.188 11.5118 7
    endloop
  endfacet
  facet normal -0 0 1
    outer loop
      vertex 9 11.5 7
      vertex 9.18837 10.0059 7
      vertex 9.09418 11.503 7
    endloop
  endfacet
  facet normal 0 0 1
    outer loop
      vertex 9 11.5 7
      vertex 9 10 7
      vertex 9.18837 10.0059 7
    endloop
  endfacet
  facet normal 0 0 1
    outer loop
      vertex 8.90581 11.503 7
      vertex 9 10 7
      vertex 9 11.5 7
    endloop
  endfacet
  facet normal 0 0 1
    outer loop
      vertex 8.81163 10.0059 7
      vertex 8.90581 11.503 7
      vertex 8.812 11.5118 7
    endloop
  endfacet
  facet normal 0 0 1
    outer loop
      vertex 8.90581 11.503 7
      vertex 8.81163 10.0059 7
      vertex 9 10 7
    endloop
  endfacet
  facet normal 0 0 1
    outer loop
      vertex 8.624 10.0237 7
      vertex 8.812 11.5118 7
      vertex 8.71893 11.5266 7
    endloop
  endfacet
  facet normal 0 0 1
    outer loop
      vertex 8.43786 10.0531 7
      vertex 8.71893 11.5266 7
      vertex 8.62696 11.5471 7
    endloop
  endfacet
  facet normal 0 0 1
    outer loop
      vertex 8.812 11.5118 7
      vertex 8.624 10.0237 7
      vertex 8.81163 10.0059 7
    endloop
  endfacet
  facet normal 0 0 1
    outer loop
      vertex 8.25393 10.0942 7
      vertex 8.62696 11.5471 7
      vertex 8.53647 11.5734 7
    endloop
  endfacet
  facet normal 0 0 1
    outer loop
      vertex 8.07295 10.1468 7
      vertex 8.53647 11.5734 7
      vertex 8.44781 11.6053 7
    endloop
  endfacet
  facet normal 0 0 1
    outer loop
      vertex 8.71893 11.5266 7
      vertex 8.43786 10.0531 7
      vertex 8.624 10.0237 7
    endloop
  endfacet
  facet normal 0 0 1
    outer loop
      vertex 7.89563 10.2107 7
      vertex 8.44781 11.6053 7
      vertex 8.36133 11.6428 7
    endloop
  endfacet
  facet normal 0 0 1
    outer loop
      vertex 7.72266 10.2855 7
      vertex 8.36133 11.6428 7
      vertex 8.27737 11.6855 7
    endloop
  endfacet
  facet normal 0 0 1
    outer loop
      vertex 8.62696 11.5471 7
      vertex 8.25393 10.0942 7
      vertex 8.43786 10.0531 7
    endloop
  endfacet
  facet normal 0 0 1
    outer loop
      vertex 7.55474 10.3711 7
      vertex 8.27737 11.6855 7
      vertex 8.19626 11.7335 7
    endloop
  endfacet
  facet normal 0 0 1
    outer loop
      vertex 7.39252 10.467 7
      vertex 8.19626 11.7335 7
      vertex 8.11832 11.7865 7
    endloop
  endfacet
  facet normal 0 0 1
    outer loop
      vertex 8.53647 11.5734 7
      vertex 8.07295 10.1468 7
      vertex 8.25393 10.0942 7
    endloop
  endfacet
  facet normal 0 0 1
    outer loop
      vertex 7.23664 10.5729 7
      vertex 8.11832 11.7865 7
      vertex 8.04386 11.8442 7
    endloop
  endfacet
  facet normal 0 0 1
    outer loop
      vertex 7.08773 10.6885 7
      vertex 8.04386 11.8442 7
      vertex 7.97318 11.9065 7
    endloop
  endfacet
  facet normal 0 0 1
    outer loop
      vertex 6.94636 10.8131 7
      vertex 7.97318 11.9065 7
      vertex 7.90655 11.9732 7
    endloop
  endfacet
  facet normal 0 0 1
    outer loop
      vertex 8.44781 11.6053 7
      vertex 7.89563 10.2107 7
      vertex 8.07295 10.1468 7
    endloop
  endfacet
  facet normal 0 0 1
    outer loop
      vertex 6.81309 10.9464 7
      vertex 7.90655 11.9732 7
      vertex 7.84423 12.0439 7
    endloop
  endfacet
  facet normal 0 0 1
    outer loop
      vertex 6.68846 11.0877 7
      vertex 7.84423 12.0439 7
      vertex 7.78647 12.1183 7
    endloop
  endfacet
  facet normal 0 0 1
    outer loop
      vertex 6.57295 11.2366 7
      vertex 7.78647 12.1183 7
      vertex 7.73351 12.1963 7
    endloop
  endfacet
  facet normal 0 0 1
    outer loop
      vertex 8.36133 11.6428 7
      vertex 7.72266 10.2855 7
      vertex 7.89563 10.2107 7
    endloop
  endfacet
  facet normal 0 0 1
    outer loop
      vertex 6.46702 11.3925 7
      vertex 7.73351 12.1963 7
      vertex 7.68554 12.2774 7
    endloop
  endfacet
  facet normal 0 0 1
    outer loop
      vertex 6.37108 11.5547 7
      vertex 7.68554 12.2774 7
      vertex 7.64276 12.3613 7
    endloop
  endfacet
  facet normal 0 0 1
    outer loop
      vertex 6.28552 11.7227 7
      vertex 7.64276 12.3613 7
      vertex 7.60534 12.4478 7
    endloop
  endfacet
  facet normal 0 0 1
    outer loop
      vertex 6.21067 11.8956 7
      vertex 7.60534 12.4478 7
      vertex 7.57341 12.5365 7
    endloop
  endfacet
  facet normal 0 0 1
    outer loop
      vertex 8.27737 11.6855 7
      vertex 7.55474 10.3711 7
      vertex 7.72266 10.2855 7
    endloop
  endfacet
  facet normal 0 0 1
    outer loop
      vertex 6.14683 12.0729 7
      vertex 7.57341 12.5365 7
      vertex 7.54712 12.627 7
    endloop
  endfacet
  facet normal 0 0 1
    outer loop
      vertex 6.09425 12.2539 7
      vertex 7.54712 12.627 7
      vertex 7.52657 12.7189 7
    endloop
  endfacet
  facet normal 0 0 1
    outer loop
      vertex 6.05314 12.4379 7
      vertex 7.52657 12.7189 7
      vertex 7.51183 12.812 7
    endloop
  endfacet
  facet normal 0 0 1
    outer loop
      vertex 6.02366 12.624 7
      vertex 7.51183 12.812 7
      vertex 7.50296 12.9058 7
    endloop
  endfacet
  facet normal 0 0 1
    outer loop
      vertex 6.00592 12.8116 7
      vertex 7.50296 12.9058 7
      vertex 7.5 13 7
    endloop
  endfacet
  facet normal 0 0 1
    outer loop
      vertex 7.68554 13.7226 7
      vertex 6.37108 14.4453 7
      vertex 7.64276 13.6387 7
    endloop
  endfacet
  facet normal 0 0 1
    outer loop
      vertex 8.19626 11.7335 7
      vertex 7.39252 10.467 7
      vertex 7.55474 10.3711 7
    endloop
  endfacet
  facet normal -0 0 1
    outer loop
      vertex 6.28552 14.2773 7
      vertex 7.64276 13.6387 7
      vertex 6.37108 14.4453 7
    endloop
  endfacet
  facet normal 0 0 1
    outer loop
      vertex 8.11832 11.7865 7
      vertex 7.23664 10.5729 7
      vertex 7.39252 10.467 7
    endloop
  endfacet
  facet normal 0 0 1
    outer loop
      vertex 7.64276 13.6387 7
      vertex 6.28552 14.2773 7
      vertex 7.60534 13.5522 7
    endloop
  endfacet
  facet normal 0 0 1
    outer loop
      vertex 8.04386 11.8442 7
      vertex 7.08773 10.6885 7
      vertex 7.23664 10.5729 7
    endloop
  endfacet
  facet normal -0 0 1
    outer loop
      vertex 6.21067 14.1044 7
      vertex 7.60534 13.5522 7
      vertex 6.28552 14.2773 7
    endloop
  endfacet
  facet normal 0 0 1
    outer loop
      vertex 7.97318 11.9065 7
      vertex 6.94636 10.8131 7
      vertex 7.08773 10.6885 7
    endloop
  endfacet
  facet normal 0 0 1
    outer loop
      vertex 7.60534 13.5522 7
      vertex 6.21067 14.1044 7
      vertex 7.57341 13.4635 7
    endloop
  endfacet
  facet normal 0 0 1
    outer loop
      vertex 7.90655 11.9732 7
      vertex 6.81309 10.9464 7
      vertex 6.94636 10.8131 7
    endloop
  endfacet
  facet normal -0 0 1
    outer loop
      vertex 6.14683 13.9271 7
      vertex 7.57341 13.4635 7
      vertex 6.21067 14.1044 7
    endloop
  endfacet
  facet normal 0 0 1
    outer loop
      vertex 7.84423 12.0439 7
      vertex 6.68846 11.0877 7
      vertex 6.81309 10.9464 7
    endloop
  endfacet
  facet normal 0 0 1
    outer loop
      vertex 7.57341 13.4635 7
      vertex 6.14683 13.9271 7
      vertex 7.54712 13.373 7
    endloop
  endfacet
  facet normal 0 0 1
    outer loop
      vertex 7.78647 12.1183 7
      vertex 6.57295 11.2366 7
      vertex 6.68846 11.0877 7
    endloop
  endfacet
  facet normal -0 0 1
    outer loop
      vertex 6.09425 13.7461 7
      vertex 7.54712 13.373 7
      vertex 6.14683 13.9271 7
    endloop
  endfacet
  facet normal 0 0 1
    outer loop
      vertex 7.73351 12.1963 7
      vertex 6.46702 11.3925 7
      vertex 6.57295 11.2366 7
    endloop
  endfacet
  facet normal 0 0 1
    outer loop
      vertex 7.54712 13.373 7
      vertex 6.09425 13.7461 7
      vertex 7.52657 13.2811 7
    endloop
  endfacet
  facet normal 0 0 1
    outer loop
      vertex 7.68554 12.2774 7
      vertex 6.37108 11.5547 7
      vertex 6.46702 11.3925 7
    endloop
  endfacet
  facet normal -0 0 1
    outer loop
      vertex 6.05314 13.5621 7
      vertex 7.52657 13.2811 7
      vertex 6.09425 13.7461 7
    endloop
  endfacet
  facet normal 0 0 1
    outer loop
      vertex 7.64276 12.3613 7
      vertex 6.28552 11.7227 7
      vertex 6.37108 11.5547 7
    endloop
  endfacet
  facet normal 0 0 1
    outer loop
      vertex 7.52657 13.2811 7
      vertex 6.05314 13.5621 7
      vertex 7.51183 13.188 7
    endloop
  endfacet
  facet normal 0 0 1
    outer loop
      vertex 7.60534 12.4478 7
      vertex 6.21067 11.8956 7
      vertex 6.28552 11.7227 7
    endloop
  endfacet
  facet normal -0 0 1
    outer loop
      vertex 6.02366 13.376 7
      vertex 7.51183 13.188 7
      vertex 6.05314 13.5621 7
    endloop
  endfacet
  facet normal 0 0 1
    outer loop
      vertex 7.57341 12.5365 7
      vertex 6.14683 12.0729 7
      vertex 6.21067 11.8956 7
    endloop
  endfacet
  facet normal 0 0 1
    outer loop
      vertex 7.51183 13.188 7
      vertex 6.02366 13.376 7
      vertex 7.50296 13.0942 7
    endloop
  endfacet
  facet normal 0 0 1
    outer loop
      vertex 7.54712 12.627 7
      vertex 6.09425 12.2539 7
      vertex 6.14683 12.0729 7
    endloop
  endfacet
  facet normal -0 0 1
    outer loop
      vertex 6.00592 13.1884 7
      vertex 7.50296 13.0942 7
      vertex 6.02366 13.376 7
    endloop
  endfacet
  facet normal 0 0 1
    outer loop
      vertex 7.52657 12.7189 7
      vertex 6.05314 12.4379 7
      vertex 6.09425 12.2539 7
    endloop
  endfacet
  facet normal 0 0 1
    outer loop
      vertex 7.50296 13.0942 7
      vertex 6.00592 13.1884 7
      vertex 7.5 13 7
    endloop
  endfacet
  facet normal 0 0 1
    outer loop
      vertex 7.51183 12.812 7
      vertex 6.02366 12.624 7
      vertex 6.05314 12.4379 7
    endloop
  endfacet
  facet normal 0 0 1
    outer loop
      vertex 6 13 7
      vertex 7.5 13 7
      vertex 6.00592 13.1884 7
    endloop
  endfacet
  facet normal 0 0 1
    outer loop
      vertex 7.50296 12.9058 7
      vertex 6.00592 12.8116 7
      vertex 6.02366 12.624 7
    endloop
  endfacet
  facet normal 0 0 1
    outer loop
      vertex 7.5 13 7
      vertex 6 13 7
      vertex 6.00592 12.8116 7
    endloop
  endfacet
  facet normal -0.509044 0.86074 0
    outer loop
      vertex 7.55474 15.6289 2
      vertex 7.39252 15.533 7
      vertex 7.55474 15.6289 7
    endloop
  endfacet
  facet normal -0.509044 0.86074 0
    outer loop
      vertex 7.39252 15.533 7
      vertex 7.55474 15.6289 2
      vertex 7.39252 15.533 2
    endloop
  endfacet
  facet normal -0.661313 0.75011 0
    outer loop
      vertex 7.08773 15.3115 2
      vertex 6.94636 15.1869 7
      vertex 7.08773 15.3115 7
    endloop
  endfacet
  facet normal -0.661313 0.75011 0
    outer loop
      vertex 6.94636 15.1869 7
      vertex 7.08773 15.3115 2
      vertex 6.94636 15.1869 2
    endloop
  endfacet
  facet normal -0.562082 0.827082 0
    outer loop
      vertex 7.39252 15.533 2
      vertex 7.23664 15.4271 7
      vertex 7.39252 15.533 7
    endloop
  endfacet
  facet normal -0.562082 0.827082 0
    outer loop
      vertex 7.23664 15.4271 7
      vertex 7.39252 15.533 2
      vertex 7.23664 15.4271 2
    endloop
  endfacet
  facet normal -0.338742 0.940879 0
    outer loop
      vertex 8.07295 15.8532 2
      vertex 7.89563 15.7893 7
      vertex 8.07295 15.8532 7
    endloop
  endfacet
  facet normal -0.338742 0.940879 0
    outer loop
      vertex 7.89563 15.7893 7
      vertex 8.07295 15.8532 2
      vertex 7.89563 15.7893 2
    endloop
  endfacet
  facet normal -0.397148 0.917755 0
    outer loop
      vertex 7.89563 15.7893 2
      vertex 7.72266 15.7145 7
      vertex 7.89563 15.7893 7
    endloop
  endfacet
  facet normal -0.397148 0.917755 0
    outer loop
      vertex 7.72266 15.7145 7
      vertex 7.89563 15.7893 2
      vertex 7.72266 15.7145 2
    endloop
  endfacet
  facet normal -0.27899 0.960294 0
    outer loop
      vertex 8.25393 15.9057 2
      vertex 8.07295 15.8532 7
      vertex 8.25393 15.9057 7
    endloop
  endfacet
  facet normal -0.27899 0.960294 0
    outer loop
      vertex 8.07295 15.8532 7
      vertex 8.25393 15.9057 2
      vertex 8.07295 15.8532 2
    endloop
  endfacet
  facet normal -0.0941099 0.995562 0
    outer loop
      vertex 8.81163 15.9941 2
      vertex 8.624 15.9763 7
      vertex 8.81163 15.9941 7
    endloop
  endfacet
  facet normal -0.0941099 0.995562 0
    outer loop
      vertex 8.624 15.9763 7
      vertex 8.81163 15.9941 2
      vertex 8.624 15.9763 2
    endloop
  endfacet
  facet normal 0.0941099 -0.995562 0
    outer loop
      vertex 9.18837 10.0059 2
      vertex 9.376 10.0237 7
      vertex 9.18837 10.0059 7
    endloop
  endfacet
  facet normal 0.0941099 -0.995562 0
    outer loop
      vertex 9.376 10.0237 7
      vertex 9.18837 10.0059 2
      vertex 9.376 10.0237 2
    endloop
  endfacet
  facet normal 0.218142 -0.975917 0
    outer loop
      vertex 9.56214 10.0531 2
      vertex 9.74607 10.0942 7
      vertex 9.56214 10.0531 7
    endloop
  endfacet
  facet normal 0.218142 -0.975917 0
    outer loop
      vertex 9.74607 10.0942 7
      vertex 9.56214 10.0531 2
      vertex 9.74607 10.0942 2
    endloop
  endfacet
  facet normal 0.453987 -0.891008 0
    outer loop
      vertex 10.2773 10.2855 2
      vertex 10.4453 10.3711 7
      vertex 10.2773 10.2855 7
    endloop
  endfacet
  facet normal 0.453987 -0.891008 0
    outer loop
      vertex 10.4453 10.3711 7
      vertex 10.2773 10.2855 2
      vertex 10.4453 10.3711 2
    endloop
  endfacet
  facet normal 0.75011 -0.661313 0
    outer loop
      vertex 11.1869 10.9464 7
      vertex 11.3115 11.0877 2
      vertex 11.3115 11.0877 7
    endloop
  endfacet
  facet normal 0.75011 -0.661313 0
    outer loop
      vertex 11.3115 11.0877 2
      vertex 11.1869 10.9464 7
      vertex 11.1869 10.9464 2
    endloop
  endfacet
  facet normal 0.509044 -0.86074 0
    outer loop
      vertex 10.4453 10.3711 2
      vertex 10.6075 10.467 7
      vertex 10.4453 10.3711 7
    endloop
  endfacet
  facet normal 0.509044 -0.86074 0
    outer loop
      vertex 10.6075 10.467 7
      vertex 10.4453 10.3711 2
      vertex 10.6075 10.467 2
    endloop
  endfacet
  facet normal 0.827082 -0.562082 0
    outer loop
      vertex 11.4271 11.2366 7
      vertex 11.533 11.3925 2
      vertex 11.533 11.3925 7
    endloop
  endfacet
  facet normal 0.827082 -0.562082 0
    outer loop
      vertex 11.533 11.3925 2
      vertex 11.4271 11.2366 7
      vertex 11.4271 11.2366 2
    endloop
  endfacet
  facet normal 0.917755 -0.397148 0
    outer loop
      vertex 11.7145 11.7227 7
      vertex 11.7893 11.8956 2
      vertex 11.7893 11.8956 7
    endloop
  endfacet
  facet normal 0.917755 -0.397148 0
    outer loop
      vertex 11.7893 11.8956 2
      vertex 11.7145 11.7227 7
      vertex 11.7145 11.7227 2
    endloop
  endfacet
  facet normal 0.940879 -0.338742 0
    outer loop
      vertex 11.7893 11.8956 7
      vertex 11.8532 12.0729 2
      vertex 11.8532 12.0729 7
    endloop
  endfacet
  facet normal 0.940879 -0.338742 0
    outer loop
      vertex 11.8532 12.0729 2
      vertex 11.7893 11.8956 7
      vertex 11.7893 11.8956 2
    endloop
  endfacet
  facet normal 0.975917 -0.218142 0
    outer loop
      vertex 11.9057 12.2539 7
      vertex 11.9469 12.4379 2
      vertex 11.9469 12.4379 7
    endloop
  endfacet
  facet normal 0.975917 -0.218142 0
    outer loop
      vertex 11.9469 12.4379 2
      vertex 11.9057 12.2539 7
      vertex 11.9057 12.2539 2
    endloop
  endfacet
  facet normal 0.995562 -0.0941099 0
    outer loop
      vertex 11.9763 12.624 7
      vertex 11.9941 12.8116 2
      vertex 11.9941 12.8116 7
    endloop
  endfacet
  facet normal 0.995562 -0.0941099 0
    outer loop
      vertex 11.9941 12.8116 2
      vertex 11.9763 12.624 7
      vertex 11.9763 12.624 2
    endloop
  endfacet
  facet normal -0.562082 -0.827082 0
    outer loop
      vertex 7.23664 10.5729 2
      vertex 7.39252 10.467 7
      vertex 7.23664 10.5729 7
    endloop
  endfacet
  facet normal -0.562082 -0.827082 -0
    outer loop
      vertex 7.39252 10.467 7
      vertex 7.23664 10.5729 2
      vertex 7.39252 10.467 2
    endloop
  endfacet
  facet normal -0.397148 -0.917755 0
    outer loop
      vertex 7.72266 10.2855 2
      vertex 7.89563 10.2107 7
      vertex 7.72266 10.2855 7
    endloop
  endfacet
  facet normal -0.397148 -0.917755 -0
    outer loop
      vertex 7.89563 10.2107 7
      vertex 7.72266 10.2855 2
      vertex 7.89563 10.2107 2
    endloop
  endfacet
  facet normal -0.156432 -0.987689 0
    outer loop
      vertex 8.43786 10.0531 2
      vertex 8.624 10.0237 7
      vertex 8.43786 10.0531 7
    endloop
  endfacet
  facet normal -0.156432 -0.987689 -0
    outer loop
      vertex 8.624 10.0237 7
      vertex 8.43786 10.0531 2
      vertex 8.624 10.0237 2
    endloop
  endfacet
  facet normal -0.218142 -0.975917 0
    outer loop
      vertex 8.25393 10.0942 2
      vertex 8.43786 10.0531 7
      vertex 8.25393 10.0942 7
    endloop
  endfacet
  facet normal -0.218142 -0.975917 -0
    outer loop
      vertex 8.43786 10.0531 7
      vertex 8.25393 10.0942 2
      vertex 8.43786 10.0531 2
    endloop
  endfacet
  facet normal -0.0314088 -0.999507 0
    outer loop
      vertex 8.81163 10.0059 2
      vertex 9 10 7
      vertex 8.81163 10.0059 7
    endloop
  endfacet
  facet normal -0.0314088 -0.999507 -0
    outer loop
      vertex 9 10 7
      vertex 8.81163 10.0059 2
      vertex 9 10 2
    endloop
  endfacet
  facet normal -0.790156 -0.612906 0
    outer loop
      vertex 6.68846 11.0877 2
      vertex 6.57295 11.2366 7
      vertex 6.57295 11.2366 2
    endloop
  endfacet
  facet normal -0.790156 -0.612906 0
    outer loop
      vertex 6.57295 11.2366 7
      vertex 6.68846 11.0877 2
      vertex 6.68846 11.0877 7
    endloop
  endfacet
  facet normal -0.707107 -0.707107 0
    outer loop
      vertex 6.94636 10.8131 2
      vertex 6.81309 10.9464 7
      vertex 6.81309 10.9464 2
    endloop
  endfacet
  facet normal -0.707107 -0.707107 0
    outer loop
      vertex 6.81309 10.9464 7
      vertex 6.94636 10.8131 2
      vertex 6.94636 10.8131 7
    endloop
  endfacet
  facet normal -0.827082 -0.562082 0
    outer loop
      vertex 6.57295 11.2366 2
      vertex 6.46702 11.3925 7
      vertex 6.46702 11.3925 2
    endloop
  endfacet
  facet normal -0.827082 -0.562082 0
    outer loop
      vertex 6.46702 11.3925 7
      vertex 6.57295 11.2366 2
      vertex 6.57295 11.2366 7
    endloop
  endfacet
  facet normal -0.891008 -0.453987 0
    outer loop
      vertex 6.37108 11.5547 2
      vertex 6.28552 11.7227 7
      vertex 6.28552 11.7227 2
    endloop
  endfacet
  facet normal -0.891008 -0.453987 0
    outer loop
      vertex 6.28552 11.7227 7
      vertex 6.37108 11.5547 2
      vertex 6.37108 11.5547 7
    endloop
  endfacet
  facet normal -0.940879 -0.338742 0
    outer loop
      vertex 6.21067 11.8956 2
      vertex 6.14683 12.0729 7
      vertex 6.14683 12.0729 2
    endloop
  endfacet
  facet normal -0.940879 -0.338742 0
    outer loop
      vertex 6.14683 12.0729 7
      vertex 6.21067 11.8956 2
      vertex 6.21067 11.8956 7
    endloop
  endfacet
  facet normal -0.917755 -0.397148 0
    outer loop
      vertex 6.28552 11.7227 2
      vertex 6.21067 11.8956 7
      vertex 6.21067 11.8956 2
    endloop
  endfacet
  facet normal -0.917755 -0.397148 0
    outer loop
      vertex 6.21067 11.8956 7
      vertex 6.28552 11.7227 2
      vertex 6.28552 11.7227 7
    endloop
  endfacet
  facet normal -0.975917 -0.218142 0
    outer loop
      vertex 6.09425 12.2539 2
      vertex 6.05314 12.4379 7
      vertex 6.05314 12.4379 2
    endloop
  endfacet
  facet normal -0.975917 -0.218142 0
    outer loop
      vertex 6.05314 12.4379 7
      vertex 6.09425 12.2539 2
      vertex 6.09425 12.2539 7
    endloop
  endfacet
  facet normal -0.960294 -0.27899 0
    outer loop
      vertex 6.14683 12.0729 2
      vertex 6.09425 12.2539 7
      vertex 6.09425 12.2539 2
    endloop
  endfacet
  facet normal -0.960294 -0.27899 0
    outer loop
      vertex 6.09425 12.2539 7
      vertex 6.14683 12.0729 2
      vertex 6.14683 12.0729 7
    endloop
  endfacet
  facet normal -0.995562 -0.0941099 0
    outer loop
      vertex 6.02366 12.624 2
      vertex 6.00592 12.8116 7
      vertex 6.00592 12.8116 2
    endloop
  endfacet
  facet normal -0.995562 -0.0941099 0
    outer loop
      vertex 6.00592 12.8116 7
      vertex 6.02366 12.624 2
      vertex 6.02366 12.624 7
    endloop
  endfacet
  facet normal 0.707107 0.707107 0
    outer loop
      vertex 11.1869 15.0536 7
      vertex 11.0536 15.1869 2
      vertex 11.0536 15.1869 7
    endloop
  endfacet
  facet normal 0.707107 0.707107 0
    outer loop
      vertex 11.0536 15.1869 2
      vertex 11.1869 15.0536 7
      vertex 11.1869 15.0536 2
    endloop
  endfacet
  facet normal 0.397148 0.917755 -0
    outer loop
      vertex 10.2773 15.7145 2
      vertex 10.1044 15.7893 7
      vertex 10.2773 15.7145 7
    endloop
  endfacet
  facet normal 0.397148 0.917755 0
    outer loop
      vertex 10.1044 15.7893 7
      vertex 10.2773 15.7145 2
      vertex 10.1044 15.7893 2
    endloop
  endfacet
  facet normal -0.86074 0.509044 0
    outer loop
      vertex 6.37108 14.4453 2
      vertex 6.46702 14.6075 7
      vertex 6.46702 14.6075 2
    endloop
  endfacet
  facet normal -0.86074 0.509044 0
    outer loop
      vertex 6.46702 14.6075 7
      vertex 6.37108 14.4453 2
      vertex 6.37108 14.4453 7
    endloop
  endfacet
  facet normal -0.827082 0.562082 0
    outer loop
      vertex 6.46702 14.6075 2
      vertex 6.57295 14.7634 7
      vertex 6.57295 14.7634 2
    endloop
  endfacet
  facet normal -0.827082 0.562082 0
    outer loop
      vertex 6.57295 14.7634 7
      vertex 6.46702 14.6075 2
      vertex 6.46702 14.6075 7
    endloop
  endfacet
  facet normal -0.790156 0.612906 0
    outer loop
      vertex 6.57295 14.7634 2
      vertex 6.68846 14.9123 7
      vertex 6.68846 14.9123 2
    endloop
  endfacet
  facet normal -0.790156 0.612906 0
    outer loop
      vertex 6.68846 14.9123 7
      vertex 6.57295 14.7634 2
      vertex 6.57295 14.7634 7
    endloop
  endfacet
  facet normal -0.917755 0.397148 0
    outer loop
      vertex 6.21067 14.1044 2
      vertex 6.28552 14.2773 7
      vertex 6.28552 14.2773 2
    endloop
  endfacet
  facet normal -0.917755 0.397148 0
    outer loop
      vertex 6.28552 14.2773 7
      vertex 6.21067 14.1044 2
      vertex 6.21067 14.1044 7
    endloop
  endfacet
  facet normal -0.999507 -0.0314088 0
    outer loop
      vertex 6.00592 12.8116 2
      vertex 6 13 7
      vertex 6 13 2
    endloop
  endfacet
  facet normal -0.999507 -0.0314088 0
    outer loop
      vertex 6 13 7
      vertex 6.00592 12.8116 2
      vertex 6.00592 12.8116 7
    endloop
  endfacet
  facet normal -0.707107 0.707107 0
    outer loop
      vertex 6.81309 15.0536 2
      vertex 6.94636 15.1869 7
      vertex 6.94636 15.1869 2
    endloop
  endfacet
  facet normal -0.707107 0.707107 0
    outer loop
      vertex 6.94636 15.1869 7
      vertex 6.81309 15.0536 2
      vertex 6.81309 15.0536 7
    endloop
  endfacet
  facet normal 0.156432 -0.987689 0
    outer loop
      vertex 9.376 10.0237 2
      vertex 9.56214 10.0531 7
      vertex 9.376 10.0237 7
    endloop
  endfacet
  facet normal 0.156432 -0.987689 0
    outer loop
      vertex 9.56214 10.0531 7
      vertex 9.376 10.0237 2
      vertex 9.56214 10.0531 2
    endloop
  endfacet
  facet normal 0.27899 -0.960294 0
    outer loop
      vertex 9.74607 10.0942 2
      vertex 9.92705 10.1468 7
      vertex 9.74607 10.0942 7
    endloop
  endfacet
  facet normal 0.27899 -0.960294 0
    outer loop
      vertex 9.92705 10.1468 7
      vertex 9.74607 10.0942 2
      vertex 9.92705 10.1468 2
    endloop
  endfacet
  facet normal 0.397148 -0.917755 0
    outer loop
      vertex 10.1044 10.2107 2
      vertex 10.2773 10.2855 7
      vertex 10.1044 10.2107 7
    endloop
  endfacet
  facet normal 0.397148 -0.917755 0
    outer loop
      vertex 10.2773 10.2855 7
      vertex 10.1044 10.2107 2
      vertex 10.2773 10.2855 2
    endloop
  endfacet
  facet normal 0.86074 -0.509044 0
    outer loop
      vertex 11.533 11.3925 7
      vertex 11.6289 11.5547 2
      vertex 11.6289 11.5547 7
    endloop
  endfacet
  facet normal 0.86074 -0.509044 0
    outer loop
      vertex 11.6289 11.5547 2
      vertex 11.533 11.3925 7
      vertex 11.533 11.3925 2
    endloop
  endfacet
  facet normal 0.987689 -0.156432 0
    outer loop
      vertex 11.9469 12.4379 7
      vertex 11.9763 12.624 2
      vertex 11.9763 12.624 7
    endloop
  endfacet
  facet normal 0.987689 -0.156432 0
    outer loop
      vertex 11.9763 12.624 2
      vertex 11.9469 12.4379 7
      vertex 11.9469 12.4379 2
    endloop
  endfacet
  facet normal 0.999506 -0.0314139 0
    outer loop
      vertex 11.9941 12.8116 7
      vertex 12 13 2
      vertex 12 13 7
    endloop
  endfacet
  facet normal 0.999506 -0.0314139 0
    outer loop
      vertex 12 13 2
      vertex 11.9941 12.8116 7
      vertex 11.9941 12.8116 2
    endloop
  endfacet
  facet normal -0.338742 -0.940879 0
    outer loop
      vertex 7.89563 10.2107 2
      vertex 8.07295 10.1468 7
      vertex 7.89563 10.2107 7
    endloop
  endfacet
  facet normal -0.338742 -0.940879 -0
    outer loop
      vertex 8.07295 10.1468 7
      vertex 7.89563 10.2107 2
      vertex 8.07295 10.1468 2
    endloop
  endfacet
  facet normal -0.987689 -0.156432 0
    outer loop
      vertex 6.05314 12.4379 2
      vertex 6.02366 12.624 7
      vertex 6.02366 12.624 2
    endloop
  endfacet
  facet normal -0.987689 -0.156432 0
    outer loop
      vertex 6.02366 12.624 7
      vertex 6.05314 12.4379 2
      vertex 6.05314 12.4379 7
    endloop
  endfacet
  facet normal 0.999506 0.0314142 0
    outer loop
      vertex 12 44 7
      vertex 11.9941 44.1884 2
      vertex 11.9941 44.1884 7
    endloop
  endfacet
  facet normal 0.999506 0.0314142 0
    outer loop
      vertex 11.9941 44.1884 2
      vertex 12 44 7
      vertex 12 44 2
    endloop
  endfacet
  facet normal -0.0314139 0.999506 0
    outer loop
      vertex 9 47 2
      vertex 8.81163 46.9941 7
      vertex 9 47 7
    endloop
  endfacet
  facet normal -0.0314139 0.999506 0
    outer loop
      vertex 8.81163 46.9941 7
      vertex 9 47 2
      vertex 8.81163 46.9941 2
    endloop
  endfacet
  facet normal 0.0314141 -0.999506 0
    outer loop
      vertex 9 41 2
      vertex 9.18837 41.0059 7
      vertex 9 41 7
    endloop
  endfacet
  facet normal 0.0314141 -0.999506 0
    outer loop
      vertex 9.18837 41.0059 7
      vertex 9 41 2
      vertex 9.18837 41.0059 2
    endloop
  endfacet
  facet normal -0.661313 -0.75011 0
    outer loop
      vertex 6.94636 41.8131 2
      vertex 7.08773 41.6885 7
      vertex 6.94636 41.8131 7
    endloop
  endfacet
  facet normal -0.661313 -0.75011 -0
    outer loop
      vertex 7.08773 41.6885 7
      vertex 6.94636 41.8131 2
      vertex 7.08773 41.6885 2
    endloop
  endfacet
  facet normal 0.661313 0.75011 -0
    outer loop
      vertex 11.0536 46.1869 2
      vertex 10.9123 46.3115 7
      vertex 11.0536 46.1869 7
    endloop
  endfacet
  facet normal 0.661313 0.75011 0
    outer loop
      vertex 10.9123 46.3115 7
      vertex 11.0536 46.1869 2
      vertex 10.9123 46.3115 2
    endloop
  endfacet
  facet normal -0.750119 0.661303 0
    outer loop
      vertex 6.68846 45.9123 2
      vertex 6.81309 46.0536 7
      vertex 6.81309 46.0536 2
    endloop
  endfacet
  facet normal -0.750119 0.661303 0
    outer loop
      vertex 6.81309 46.0536 7
      vertex 6.68846 45.9123 2
      vertex 6.68846 45.9123 7
    endloop
  endfacet
  facet normal -0.453983 0.89101 0
    outer loop
      vertex 7.72266 46.7145 2
      vertex 7.55474 46.6289 7
      vertex 7.72266 46.7145 7
    endloop
  endfacet
  facet normal -0.453983 0.89101 0
    outer loop
      vertex 7.55474 46.6289 7
      vertex 7.72266 46.7145 2
      vertex 7.55474 46.6289 2
    endloop
  endfacet
  facet normal 0.891007 0.45399 0
    outer loop
      vertex 11.7145 45.2773 7
      vertex 11.6289 45.4453 2
      vertex 11.6289 45.4453 7
    endloop
  endfacet
  facet normal 0.891007 0.45399 0
    outer loop
      vertex 11.6289 45.4453 2
      vertex 11.7145 45.2773 7
      vertex 11.7145 45.2773 2
    endloop
  endfacet
  facet normal -0.891007 0.45399 0
    outer loop
      vertex 6.28552 45.2773 2
      vertex 6.37108 45.4453 7
      vertex 6.37108 45.4453 2
    endloop
  endfacet
  facet normal -0.891007 0.45399 0
    outer loop
      vertex 6.37108 45.4453 7
      vertex 6.28552 45.2773 2
      vertex 6.28552 45.2773 7
    endloop
  endfacet
  facet normal -0.218137 0.975918 0
    outer loop
      vertex 8.43786 46.9469 2
      vertex 8.25393 46.9058 7
      vertex 8.43786 46.9469 7
    endloop
  endfacet
  facet normal -0.218137 0.975918 0
    outer loop
      vertex 8.25393 46.9058 7
      vertex 8.43786 46.9469 2
      vertex 8.25393 46.9058 2
    endloop
  endfacet
  facet normal 0.891011 -0.453981 0
    outer loop
      vertex 11.6289 42.5547 7
      vertex 11.7145 42.7227 2
      vertex 11.7145 42.7227 7
    endloop
  endfacet
  facet normal 0.891011 -0.453981 0
    outer loop
      vertex 11.7145 42.7227 2
      vertex 11.6289 42.5547 7
      vertex 11.6289 42.5547 2
    endloop
  endfacet
  facet normal 0.338751 -0.940876 0
    outer loop
      vertex 9.92705 41.1468 2
      vertex 10.1044 41.2107 7
      vertex 9.92705 41.1468 7
    endloop
  endfacet
  facet normal 0.338751 -0.940876 0
    outer loop
      vertex 10.1044 41.2107 7
      vertex 9.92705 41.1468 2
      vertex 10.1044 41.2107 2
    endloop
  endfacet
  facet normal 0.707099 -0.707114 0
    outer loop
      vertex 11.0536 41.8131 2
      vertex 11.1869 41.9464 7
      vertex 11.0536 41.8131 7
    endloop
  endfacet
  facet normal 0.707099 -0.707114 0
    outer loop
      vertex 11.1869 41.9464 7
      vertex 11.0536 41.8131 2
      vertex 11.1869 41.9464 2
    endloop
  endfacet
  facet normal 0.960293 -0.278992 0
    outer loop
      vertex 11.8532 43.0729 7
      vertex 11.9057 43.2539 2
      vertex 11.9057 43.2539 7
    endloop
  endfacet
  facet normal 0.960293 -0.278992 0
    outer loop
      vertex 11.9057 43.2539 2
      vertex 11.8532 43.0729 7
      vertex 11.8532 43.0729 2
    endloop
  endfacet
  facet normal -0.278981 -0.960297 0
    outer loop
      vertex 8.07295 41.1468 2
      vertex 8.25393 41.0942 7
      vertex 8.07295 41.1468 7
    endloop
  endfacet
  facet normal -0.278981 -0.960297 -0
    outer loop
      vertex 8.25393 41.0942 7
      vertex 8.07295 41.1468 2
      vertex 8.25393 41.0942 2
    endloop
  endfacet
  facet normal -0.707099 -0.707114 0
    outer loop
      vertex 6.81309 41.9464 2
      vertex 6.94636 41.8131 7
      vertex 6.81309 41.9464 7
    endloop
  endfacet
  facet normal -0.707099 -0.707114 -0
    outer loop
      vertex 6.94636 41.8131 7
      vertex 6.81309 41.9464 2
      vertex 6.94636 41.8131 2
    endloop
  endfacet
  facet normal -0.75011 -0.661313 0
    outer loop
      vertex 6.81309 41.9464 2
      vertex 6.68846 42.0877 7
      vertex 6.68846 42.0877 2
    endloop
  endfacet
  facet normal -0.75011 -0.661313 0
    outer loop
      vertex 6.68846 42.0877 7
      vertex 6.81309 41.9464 2
      vertex 6.81309 41.9464 7
    endloop
  endfacet
  facet normal -0.960293 -0.278992 0
    outer loop
      vertex 6.14683 43.0729 2
      vertex 6.09425 43.2539 7
      vertex 6.09425 43.2539 2
    endloop
  endfacet
  facet normal -0.960293 -0.278992 0
    outer loop
      vertex 6.09425 43.2539 7
      vertex 6.14683 43.0729 2
      vertex 6.14683 43.0729 7
    endloop
  endfacet
  facet normal 0.940879 0.338742 0
    outer loop
      vertex 11.8532 44.9271 7
      vertex 11.7893 45.1044 2
      vertex 11.7893 45.1044 7
    endloop
  endfacet
  facet normal 0.940879 0.338742 0
    outer loop
      vertex 11.7893 45.1044 2
      vertex 11.8532 44.9271 7
      vertex 11.8532 44.9271 2
    endloop
  endfacet
  facet normal 0.790152 0.612911 0
    outer loop
      vertex 11.4271 45.7634 7
      vertex 11.3115 45.9123 2
      vertex 11.3115 45.9123 7
    endloop
  endfacet
  facet normal 0.790152 0.612911 0
    outer loop
      vertex 11.3115 45.9123 2
      vertex 11.4271 45.7634 7
      vertex 11.4271 45.7634 2
    endloop
  endfacet
  facet normal 0.156422 0.98769 -0
    outer loop
      vertex 9.56214 46.9469 2
      vertex 9.376 46.9763 7
      vertex 9.56214 46.9469 7
    endloop
  endfacet
  facet normal 0.156422 0.98769 0
    outer loop
      vertex 9.376 46.9763 7
      vertex 9.56214 46.9469 2
      vertex 9.376 46.9763 2
    endloop
  endfacet
  facet normal 0.279 0.960291 -0
    outer loop
      vertex 9.92705 46.8532 2
      vertex 9.74607 46.9058 7
      vertex 9.92705 46.8532 7
    endloop
  endfacet
  facet normal 0.279 0.960291 0
    outer loop
      vertex 9.74607 46.9058 7
      vertex 9.92705 46.8532 2
      vertex 9.74607 46.9058 2
    endloop
  endfacet
  facet normal 0.612912 0.790151 -0
    outer loop
      vertex 10.9123 46.3115 2
      vertex 10.7634 46.4271 7
      vertex 10.9123 46.3115 7
    endloop
  endfacet
  facet normal 0.612912 0.790151 0
    outer loop
      vertex 10.7634 46.4271 7
      vertex 10.9123 46.3115 2
      vertex 10.7634 46.4271 2
    endloop
  endfacet
  facet normal -0.790152 0.612911 0
    outer loop
      vertex 6.57295 45.7634 2
      vertex 6.68846 45.9123 7
      vertex 6.68846 45.9123 2
    endloop
  endfacet
  facet normal -0.790152 0.612911 0
    outer loop
      vertex 6.68846 45.9123 7
      vertex 6.57295 45.7634 2
      vertex 6.57295 45.7634 7
    endloop
  endfacet
  facet normal -0.987688 0.156434 0
    outer loop
      vertex 6.02366 44.376 2
      vertex 6.05314 44.5621 7
      vertex 6.05314 44.5621 2
    endloop
  endfacet
  facet normal -0.987688 0.156434 0
    outer loop
      vertex 6.05314 44.5621 7
      vertex 6.02366 44.376 2
      vertex 6.02366 44.376 7
    endloop
  endfacet
  facet normal -0.960293 0.278992 0
    outer loop
      vertex 6.09425 44.7461 2
      vertex 6.14683 44.9271 7
      vertex 6.14683 44.9271 2
    endloop
  endfacet
  facet normal -0.960293 0.278992 0
    outer loop
      vertex 6.14683 44.9271 7
      vertex 6.09425 44.7461 2
      vertex 6.09425 44.7461 7
    endloop
  endfacet
  facet normal -0.995562 0.0941094 0
    outer loop
      vertex 6.00592 44.1884 2
      vertex 6.02366 44.376 7
      vertex 6.02366 44.376 2
    endloop
  endfacet
  facet normal -0.995562 0.0941094 0
    outer loop
      vertex 6.02366 44.376 7
      vertex 6.00592 44.1884 2
      vertex 6.00592 44.1884 7
    endloop
  endfacet
  facet normal -0.612912 0.790151 0
    outer loop
      vertex 7.23664 46.4271 2
      vertex 7.08773 46.3115 7
      vertex 7.23664 46.4271 7
    endloop
  endfacet
  facet normal -0.612912 0.790151 0
    outer loop
      vertex 7.08773 46.3115 7
      vertex 7.23664 46.4271 2
      vertex 7.08773 46.3115 2
    endloop
  endfacet
  facet normal -0.156422 0.98769 0
    outer loop
      vertex 8.624 46.9763 2
      vertex 8.43786 46.9469 7
      vertex 8.624 46.9763 7
    endloop
  endfacet
  facet normal -0.156422 0.98769 0
    outer loop
      vertex 8.43786 46.9469 7
      vertex 8.624 46.9763 2
      vertex 8.43786 46.9469 2
    endloop
  endfacet
  facet normal 0.661313 -0.75011 0
    outer loop
      vertex 10.9123 41.6885 2
      vertex 11.0536 41.8131 7
      vertex 10.9123 41.6885 7
    endloop
  endfacet
  facet normal 0.661313 -0.75011 0
    outer loop
      vertex 11.0536 41.8131 7
      vertex 10.9123 41.6885 2
      vertex 11.0536 41.8131 2
    endloop
  endfacet
  facet normal 0.79016 -0.612901 0
    outer loop
      vertex 11.3115 42.0877 7
      vertex 11.4271 42.2366 2
      vertex 11.4271 42.2366 7
    endloop
  endfacet
  facet normal 0.79016 -0.612901 0
    outer loop
      vertex 11.4271 42.2366 2
      vertex 11.3115 42.0877 7
      vertex 11.3115 42.0877 2
    endloop
  endfacet
  facet normal -0.612912 -0.790151 0
    outer loop
      vertex 7.08773 41.6885 2
      vertex 7.23664 41.5729 7
      vertex 7.08773 41.6885 7
    endloop
  endfacet
  facet normal -0.612912 -0.790151 -0
    outer loop
      vertex 7.23664 41.5729 7
      vertex 7.08773 41.6885 2
      vertex 7.23664 41.5729 2
    endloop
  endfacet
  facet normal -0.453983 -0.89101 0
    outer loop
      vertex 7.55474 41.3711 2
      vertex 7.72266 41.2855 7
      vertex 7.55474 41.3711 7
    endloop
  endfacet
  facet normal -0.453983 -0.89101 -0
    outer loop
      vertex 7.72266 41.2855 7
      vertex 7.55474 41.3711 2
      vertex 7.72266 41.2855 2
    endloop
  endfacet
  facet normal -0.0940998 -0.995563 0
    outer loop
      vertex 8.624 41.0237 2
      vertex 8.81163 41.0059 7
      vertex 8.624 41.0237 7
    endloop
  endfacet
  facet normal -0.0940998 -0.995563 -0
    outer loop
      vertex 8.81163 41.0059 7
      vertex 8.624 41.0237 2
      vertex 8.81163 41.0059 2
    endloop
  endfacet
  facet normal -0.860742 -0.509042 0
    outer loop
      vertex 6.46702 42.3925 2
      vertex 6.37108 42.5547 7
      vertex 6.37108 42.5547 2
    endloop
  endfacet
  facet normal -0.860742 -0.509042 0
    outer loop
      vertex 6.37108 42.5547 7
      vertex 6.46702 42.3925 2
      vertex 6.46702 42.3925 7
    endloop
  endfacet
  facet normal 0.987688 0.156434 0
    outer loop
      vertex 11.9763 44.376 7
      vertex 11.9469 44.5621 2
      vertex 11.9469 44.5621 7
    endloop
  endfacet
  facet normal 0.987688 0.156434 0
    outer loop
      vertex 11.9469 44.5621 2
      vertex 11.9763 44.376 7
      vertex 11.9763 44.376 2
    endloop
  endfacet
  facet normal 0.995562 0.0941094 0
    outer loop
      vertex 11.9941 44.1884 7
      vertex 11.9763 44.376 2
      vertex 11.9763 44.376 7
    endloop
  endfacet
  facet normal 0.995562 0.0941094 0
    outer loop
      vertex 11.9763 44.376 2
      vertex 11.9941 44.1884 7
      vertex 11.9941 44.1884 2
    endloop
  endfacet
  facet normal 0.960293 0.278992 0
    outer loop
      vertex 11.9057 44.7461 7
      vertex 11.8532 44.9271 2
      vertex 11.8532 44.9271 7
    endloop
  endfacet
  facet normal 0.960293 0.278992 0
    outer loop
      vertex 11.8532 44.9271 2
      vertex 11.9057 44.7461 7
      vertex 11.9057 44.7461 2
    endloop
  endfacet
  facet normal 0.975918 0.218137 0
    outer loop
      vertex 11.9469 44.5621 7
      vertex 11.9057 44.7461 2
      vertex 11.9057 44.7461 7
    endloop
  endfacet
  facet normal 0.975918 0.218137 0
    outer loop
      vertex 11.9057 44.7461 2
      vertex 11.9469 44.5621 7
      vertex 11.9469 44.5621 2
    endloop
  endfacet
  facet normal 0.917753 0.397151 0
    outer loop
      vertex 11.7893 45.1044 7
      vertex 11.7145 45.2773 2
      vertex 11.7145 45.2773 7
    endloop
  endfacet
  facet normal 0.917753 0.397151 0
    outer loop
      vertex 11.7145 45.2773 2
      vertex 11.7893 45.1044 7
      vertex 11.7893 45.1044 2
    endloop
  endfacet
  facet normal 0.750119 0.661303 0
    outer loop
      vertex 11.3115 45.9123 7
      vertex 11.1869 46.0536 2
      vertex 11.1869 46.0536 7
    endloop
  endfacet
  facet normal 0.750119 0.661303 0
    outer loop
      vertex 11.1869 46.0536 2
      vertex 11.3115 45.9123 7
      vertex 11.3115 45.9123 2
    endloop
  endfacet
  facet normal 0.827083 0.562079 0
    outer loop
      vertex 11.533 45.6075 7
      vertex 11.4271 45.7634 2
      vertex 11.4271 45.7634 7
    endloop
  endfacet
  facet normal 0.827083 0.562079 0
    outer loop
      vertex 11.4271 45.7634 2
      vertex 11.533 45.6075 7
      vertex 11.533 45.6075 2
    endloop
  endfacet
  facet normal 0.860742 0.509042 0
    outer loop
      vertex 11.6289 45.4453 7
      vertex 11.533 45.6075 2
      vertex 11.533 45.6075 7
    endloop
  endfacet
  facet normal 0.860742 0.509042 0
    outer loop
      vertex 11.533 45.6075 2
      vertex 11.6289 45.4453 7
      vertex 11.6289 45.4453 2
    endloop
  endfacet
  facet normal 0.218137 0.975918 -0
    outer loop
      vertex 9.74607 46.9058 2
      vertex 9.56214 46.9469 7
      vertex 9.74607 46.9058 7
    endloop
  endfacet
  facet normal 0.218137 0.975918 0
    outer loop
      vertex 9.56214 46.9469 7
      vertex 9.74607 46.9058 2
      vertex 9.56214 46.9469 2
    endloop
  endfacet
  facet normal 0.0941199 0.995561 -0
    outer loop
      vertex 9.376 46.9763 2
      vertex 9.18837 46.9941 7
      vertex 9.376 46.9763 7
    endloop
  endfacet
  facet normal 0.0941199 0.995561 0
    outer loop
      vertex 9.18837 46.9941 7
      vertex 9.376 46.9763 2
      vertex 9.18837 46.9941 2
    endloop
  endfacet
  facet normal 0.0314141 0.999506 -0
    outer loop
      vertex 9.18837 46.9941 2
      vertex 9 47 7
      vertex 9.18837 46.9941 7
    endloop
  endfacet
  facet normal 0.0314141 0.999506 0
    outer loop
      vertex 9 47 7
      vertex 9.18837 46.9941 2
      vertex 9 47 2
    endloop
  endfacet
  facet normal 0.338733 0.940883 -0
    outer loop
      vertex 10.1044 46.7893 2
      vertex 9.92705 46.8532 7
      vertex 10.1044 46.7893 7
    endloop
  endfacet
  facet normal 0.338733 0.940883 0
    outer loop
      vertex 9.92705 46.8532 7
      vertex 10.1044 46.7893 2
      vertex 9.92705 46.8532 2
    endloop
  endfacet
  facet normal 0.453983 0.89101 -0
    outer loop
      vertex 10.4453 46.6289 2
      vertex 10.2773 46.7145 7
      vertex 10.4453 46.6289 7
    endloop
  endfacet
  facet normal 0.453983 0.89101 0
    outer loop
      vertex 10.2773 46.7145 7
      vertex 10.4453 46.6289 2
      vertex 10.2773 46.7145 2
    endloop
  endfacet
  facet normal 0.509055 0.860734 -0
    outer loop
      vertex 10.6075 46.533 2
      vertex 10.4453 46.6289 7
      vertex 10.6075 46.533 7
    endloop
  endfacet
  facet normal 0.509055 0.860734 0
    outer loop
      vertex 10.4453 46.6289 7
      vertex 10.6075 46.533 2
      vertex 10.4453 46.6289 2
    endloop
  endfacet
  facet normal 0.562075 0.827086 -0
    outer loop
      vertex 10.7634 46.4271 2
      vertex 10.6075 46.533 7
      vertex 10.7634 46.4271 7
    endloop
  endfacet
  facet normal 0.562075 0.827086 0
    outer loop
      vertex 10.6075 46.533 7
      vertex 10.7634 46.4271 2
      vertex 10.6075 46.533 2
    endloop
  endfacet
  facet normal -0.940879 0.338742 0
    outer loop
      vertex 6.14683 44.9271 2
      vertex 6.21067 45.1044 7
      vertex 6.21067 45.1044 2
    endloop
  endfacet
  facet normal -0.940879 0.338742 0
    outer loop
      vertex 6.21067 45.1044 7
      vertex 6.14683 44.9271 2
      vertex 6.14683 44.9271 7
    endloop
  endfacet
  facet normal -0.917753 0.397151 0
    outer loop
      vertex 6.21067 45.1044 2
      vertex 6.28552 45.2773 7
      vertex 6.28552 45.2773 2
    endloop
  endfacet
  facet normal -0.917753 0.397151 0
    outer loop
      vertex 6.28552 45.2773 7
      vertex 6.21067 45.1044 2
      vertex 6.21067 45.1044 7
    endloop
  endfacet
  facet normal -0.975918 0.218137 0
    outer loop
      vertex 6.05314 44.5621 2
      vertex 6.09425 44.7461 7
      vertex 6.09425 44.7461 2
    endloop
  endfacet
  facet normal -0.975918 0.218137 0
    outer loop
      vertex 6.09425 44.7461 7
      vertex 6.05314 44.5621 2
      vertex 6.05314 44.5621 7
    endloop
  endfacet
  facet normal -0.999507 0.0314092 0
    outer loop
      vertex 6 44 2
      vertex 6.00592 44.1884 7
      vertex 6.00592 44.1884 2
    endloop
  endfacet
  facet normal -0.999507 0.0314092 0
    outer loop
      vertex 6.00592 44.1884 7
      vertex 6 44 2
      vertex 6 44 7
    endloop
  endfacet
  facet normal 0 0 1
    outer loop
      vertex 10.5 44 7
      vertex 12 44 7
      vertex 11.9941 44.1884 7
    endloop
  endfacet
  facet normal 0 0 1
    outer loop
      vertex 10.497 44.0942 7
      vertex 11.9941 44.1884 7
      vertex 11.9763 44.376 7
    endloop
  endfacet
  facet normal 0 0 1
    outer loop
      vertex 12 44 7
      vertex 10.5 44 7
      vertex 11.9941 43.8116 7
    endloop
  endfacet
  facet normal 0 0 1
    outer loop
      vertex 10.4882 44.188 7
      vertex 11.9763 44.376 7
      vertex 11.9469 44.5621 7
    endloop
  endfacet
  facet normal -0 0 1
    outer loop
      vertex 10.497 43.9058 7
      vertex 11.9941 43.8116 7
      vertex 10.5 44 7
    endloop
  endfacet
  facet normal 0 0 1
    outer loop
      vertex 10.4734 44.2811 7
      vertex 11.9469 44.5621 7
      vertex 11.9057 44.7461 7
    endloop
  endfacet
  facet normal 0 0 1
    outer loop
      vertex 11.9941 43.8116 7
      vertex 10.497 43.9058 7
      vertex 11.9763 43.624 7
    endloop
  endfacet
  facet normal 0 0 1
    outer loop
      vertex 10.4529 44.373 7
      vertex 11.9057 44.7461 7
      vertex 11.8532 44.9271 7
    endloop
  endfacet
  facet normal -0 0 1
    outer loop
      vertex 10.4882 43.812 7
      vertex 11.9763 43.624 7
      vertex 10.497 43.9058 7
    endloop
  endfacet
  facet normal 0 0 1
    outer loop
      vertex 10.4266 44.4635 7
      vertex 11.8532 44.9271 7
      vertex 11.7893 45.1044 7
    endloop
  endfacet
  facet normal 0 0 1
    outer loop
      vertex 11.9763 43.624 7
      vertex 10.4882 43.812 7
      vertex 11.9469 43.4379 7
    endloop
  endfacet
  facet normal 0 0 1
    outer loop
      vertex 10.3947 44.5522 7
      vertex 11.7893 45.1044 7
      vertex 11.7145 45.2773 7
    endloop
  endfacet
  facet normal -0 0 1
    outer loop
      vertex 10.4734 43.7189 7
      vertex 11.9469 43.4379 7
      vertex 10.4882 43.812 7
    endloop
  endfacet
  facet normal 0 0 1
    outer loop
      vertex 10.3572 44.6387 7
      vertex 11.7145 45.2773 7
      vertex 11.6289 45.4453 7
    endloop
  endfacet
  facet normal 0 0 1
    outer loop
      vertex 11.9469 43.4379 7
      vertex 10.4734 43.7189 7
      vertex 11.9057 43.2539 7
    endloop
  endfacet
  facet normal 0 0 1
    outer loop
      vertex 10.3145 44.7226 7
      vertex 11.6289 45.4453 7
      vertex 11.533 45.6075 7
    endloop
  endfacet
  facet normal -0 0 1
    outer loop
      vertex 10.4529 43.627 7
      vertex 11.9057 43.2539 7
      vertex 10.4734 43.7189 7
    endloop
  endfacet
  facet normal 0 0 1
    outer loop
      vertex 10.2665 44.8037 7
      vertex 11.533 45.6075 7
      vertex 11.4271 45.7634 7
    endloop
  endfacet
  facet normal 0 0 1
    outer loop
      vertex 11.9057 43.2539 7
      vertex 10.4529 43.627 7
      vertex 11.8532 43.0729 7
    endloop
  endfacet
  facet normal 0 0 1
    outer loop
      vertex 10.2135 44.8817 7
      vertex 11.4271 45.7634 7
      vertex 11.3115 45.9123 7
    endloop
  endfacet
  facet normal -0 0 1
    outer loop
      vertex 10.4266 43.5365 7
      vertex 11.8532 43.0729 7
      vertex 10.4529 43.627 7
    endloop
  endfacet
  facet normal 0 0 1
    outer loop
      vertex 10.1558 44.9561 7
      vertex 11.3115 45.9123 7
      vertex 11.1869 46.0536 7
    endloop
  endfacet
  facet normal 0 0 1
    outer loop
      vertex 11.8532 43.0729 7
      vertex 10.4266 43.5365 7
      vertex 11.7893 42.8956 7
    endloop
  endfacet
  facet normal 0 0 1
    outer loop
      vertex 10.0935 45.0268 7
      vertex 11.1869 46.0536 7
      vertex 11.0536 46.1869 7
    endloop
  endfacet
  facet normal -0 0 1
    outer loop
      vertex 10.3947 43.4478 7
      vertex 11.7893 42.8956 7
      vertex 10.4266 43.5365 7
    endloop
  endfacet
  facet normal 0 0 1
    outer loop
      vertex 10.0268 45.0935 7
      vertex 11.0536 46.1869 7
      vertex 10.9123 46.3115 7
    endloop
  endfacet
  facet normal 0 0 1
    outer loop
      vertex 11.7893 42.8956 7
      vertex 10.3947 43.4478 7
      vertex 11.7145 42.7227 7
    endloop
  endfacet
  facet normal 0 0 1
    outer loop
      vertex 9.95614 45.1558 7
      vertex 10.9123 46.3115 7
      vertex 10.7634 46.4271 7
    endloop
  endfacet
  facet normal -0 0 1
    outer loop
      vertex 10.3572 43.3613 7
      vertex 11.7145 42.7227 7
      vertex 10.3947 43.4478 7
    endloop
  endfacet
  facet normal 0 0 1
    outer loop
      vertex 9.88168 45.2135 7
      vertex 10.7634 46.4271 7
      vertex 10.6075 46.533 7
    endloop
  endfacet
  facet normal 0 0 1
    outer loop
      vertex 11.7145 42.7227 7
      vertex 10.3572 43.3613 7
      vertex 11.6289 42.5547 7
    endloop
  endfacet
  facet normal -0 0 1
    outer loop
      vertex 10.3145 43.2774 7
      vertex 11.6289 42.5547 7
      vertex 10.3572 43.3613 7
    endloop
  endfacet
  facet normal 0 0 1
    outer loop
      vertex 11.9941 44.1884 7
      vertex 10.497 44.0942 7
      vertex 10.5 44 7
    endloop
  endfacet
  facet normal 0 0 1
    outer loop
      vertex 11.9763 44.376 7
      vertex 10.4882 44.188 7
      vertex 10.497 44.0942 7
    endloop
  endfacet
  facet normal 0 0 1
    outer loop
      vertex 11.9469 44.5621 7
      vertex 10.4734 44.2811 7
      vertex 10.4882 44.188 7
    endloop
  endfacet
  facet normal 0 0 1
    outer loop
      vertex 11.9057 44.7461 7
      vertex 10.4529 44.373 7
      vertex 10.4734 44.2811 7
    endloop
  endfacet
  facet normal 0 0 1
    outer loop
      vertex 9.80374 45.2665 7
      vertex 10.6075 46.533 7
      vertex 10.4453 46.6289 7
    endloop
  endfacet
  facet normal 0 0 1
    outer loop
      vertex 11.8532 44.9271 7
      vertex 10.4266 44.4635 7
      vertex 10.4529 44.373 7
    endloop
  endfacet
  facet normal 0 0 1
    outer loop
      vertex 11.7893 45.1044 7
      vertex 10.3947 44.5522 7
      vertex 10.4266 44.4635 7
    endloop
  endfacet
  facet normal 0 0 1
    outer loop
      vertex 11.7145 45.2773 7
      vertex 10.3572 44.6387 7
      vertex 10.3947 44.5522 7
    endloop
  endfacet
  facet normal 0 0 1
    outer loop
      vertex 11.6289 45.4453 7
      vertex 10.3145 44.7226 7
      vertex 10.3572 44.6387 7
    endloop
  endfacet
  facet normal 0 0 1
    outer loop
      vertex 9.72263 45.3145 7
      vertex 10.4453 46.6289 7
      vertex 10.2773 46.7145 7
    endloop
  endfacet
  facet normal 0 0 1
    outer loop
      vertex 11.533 45.6075 7
      vertex 10.2665 44.8037 7
      vertex 10.3145 44.7226 7
    endloop
  endfacet
  facet normal 0 0 1
    outer loop
      vertex 11.4271 45.7634 7
      vertex 10.2135 44.8817 7
      vertex 10.2665 44.8037 7
    endloop
  endfacet
  facet normal 0 0 1
    outer loop
      vertex 11.3115 45.9123 7
      vertex 10.1558 44.9561 7
      vertex 10.2135 44.8817 7
    endloop
  endfacet
  facet normal 0 0 1
    outer loop
      vertex 9.63867 45.3572 7
      vertex 10.2773 46.7145 7
      vertex 10.1044 46.7893 7
    endloop
  endfacet
  facet normal 0 0 1
    outer loop
      vertex 11.1869 46.0536 7
      vertex 10.0935 45.0268 7
      vertex 10.1558 44.9561 7
    endloop
  endfacet
  facet normal 0 0 1
    outer loop
      vertex 11.0536 46.1869 7
      vertex 10.0268 45.0935 7
      vertex 10.0935 45.0268 7
    endloop
  endfacet
  facet normal 0 0 1
    outer loop
      vertex 10.9123 46.3115 7
      vertex 9.95614 45.1558 7
      vertex 10.0268 45.0935 7
    endloop
  endfacet
  facet normal 0 0 1
    outer loop
      vertex 9.55219 45.3947 7
      vertex 10.1044 46.7893 7
      vertex 9.92705 46.8532 7
    endloop
  endfacet
  facet normal 0 0 1
    outer loop
      vertex 10.7634 46.4271 7
      vertex 9.88168 45.2135 7
      vertex 9.95614 45.1558 7
    endloop
  endfacet
  facet normal 0 0 1
    outer loop
      vertex 10.6075 46.533 7
      vertex 9.80374 45.2665 7
      vertex 9.88168 45.2135 7
    endloop
  endfacet
  facet normal 0 0 1
    outer loop
      vertex 9.46352 45.4266 7
      vertex 9.92705 46.8532 7
      vertex 9.74607 46.9058 7
    endloop
  endfacet
  facet normal 0 0 1
    outer loop
      vertex 10.4453 46.6289 7
      vertex 9.72263 45.3145 7
      vertex 9.80374 45.2665 7
    endloop
  endfacet
  facet normal 0 0 1
    outer loop
      vertex 10.2773 46.7145 7
      vertex 9.63867 45.3572 7
      vertex 9.72263 45.3145 7
    endloop
  endfacet
  facet normal 0 0 1
    outer loop
      vertex 9.37303 45.4529 7
      vertex 9.74607 46.9058 7
      vertex 9.56214 46.9469 7
    endloop
  endfacet
  facet normal 0 0 1
    outer loop
      vertex 10.1044 46.7893 7
      vertex 9.55219 45.3947 7
      vertex 9.63867 45.3572 7
    endloop
  endfacet
  facet normal 0 0 1
    outer loop
      vertex 9.92705 46.8532 7
      vertex 9.46352 45.4266 7
      vertex 9.55219 45.3947 7
    endloop
  endfacet
  facet normal 0 0 1
    outer loop
      vertex 9.28107 45.4734 7
      vertex 9.56214 46.9469 7
      vertex 9.376 46.9763 7
    endloop
  endfacet
  facet normal 0 0 1
    outer loop
      vertex 9.74607 46.9058 7
      vertex 9.37303 45.4529 7
      vertex 9.46352 45.4266 7
    endloop
  endfacet
  facet normal 0 0 1
    outer loop
      vertex 9.56214 46.9469 7
      vertex 9.28107 45.4734 7
      vertex 9.37303 45.4529 7
    endloop
  endfacet
  facet normal 0 0 1
    outer loop
      vertex 9.188 45.4882 7
      vertex 9.376 46.9763 7
      vertex 9.18837 46.9941 7
    endloop
  endfacet
  facet normal 0 0 1
    outer loop
      vertex 9.376 46.9763 7
      vertex 9.188 45.4882 7
      vertex 9.28107 45.4734 7
    endloop
  endfacet
  facet normal 0 0 1
    outer loop
      vertex 9.18837 46.9941 7
      vertex 9.09418 45.497 7
      vertex 9.188 45.4882 7
    endloop
  endfacet
  facet normal 0 0 1
    outer loop
      vertex 9 47 7
      vertex 9.09418 45.497 7
      vertex 9.18837 46.9941 7
    endloop
  endfacet
  facet normal 0 0 1
    outer loop
      vertex 9 47 7
      vertex 9 45.5 7
      vertex 9.09418 45.497 7
    endloop
  endfacet
  facet normal 0 0 1
    outer loop
      vertex 9 47 7
      vertex 8.90581 45.497 7
      vertex 9 45.5 7
    endloop
  endfacet
  facet normal -0 0 1
    outer loop
      vertex 8.81163 46.9941 7
      vertex 8.90581 45.497 7
      vertex 9 47 7
    endloop
  endfacet
  facet normal 0 0 1
    outer loop
      vertex 8.90581 45.497 7
      vertex 8.81163 46.9941 7
      vertex 8.812 45.4882 7
    endloop
  endfacet
  facet normal -0 0 1
    outer loop
      vertex 8.624 46.9763 7
      vertex 8.812 45.4882 7
      vertex 8.81163 46.9941 7
    endloop
  endfacet
  facet normal 0 0 1
    outer loop
      vertex 8.812 45.4882 7
      vertex 8.624 46.9763 7
      vertex 8.71893 45.4734 7
    endloop
  endfacet
  facet normal -0 0 1
    outer loop
      vertex 8.43786 46.9469 7
      vertex 8.71893 45.4734 7
      vertex 8.624 46.9763 7
    endloop
  endfacet
  facet normal 0 0 1
    outer loop
      vertex 8.71893 45.4734 7
      vertex 8.43786 46.9469 7
      vertex 8.62696 45.4529 7
    endloop
  endfacet
  facet normal -0 0 1
    outer loop
      vertex 8.25393 46.9058 7
      vertex 8.62696 45.4529 7
      vertex 8.43786 46.9469 7
    endloop
  endfacet
  facet normal 0 0 1
    outer loop
      vertex 8.62696 45.4529 7
      vertex 8.25393 46.9058 7
      vertex 8.53647 45.4266 7
    endloop
  endfacet
  facet normal -0 0 1
    outer loop
      vertex 8.07295 46.8532 7
      vertex 8.53647 45.4266 7
      vertex 8.25393 46.9058 7
    endloop
  endfacet
  facet normal 0 0 1
    outer loop
      vertex 8.53647 45.4266 7
      vertex 8.07295 46.8532 7
      vertex 8.44781 45.3947 7
    endloop
  endfacet
  facet normal -0 0 1
    outer loop
      vertex 7.89563 46.7893 7
      vertex 8.44781 45.3947 7
      vertex 8.07295 46.8532 7
    endloop
  endfacet
  facet normal 0 0 1
    outer loop
      vertex 8.44781 45.3947 7
      vertex 7.89563 46.7893 7
      vertex 8.36133 45.3572 7
    endloop
  endfacet
  facet normal -0 0 1
    outer loop
      vertex 7.72266 46.7145 7
      vertex 8.36133 45.3572 7
      vertex 7.89563 46.7893 7
    endloop
  endfacet
  facet normal 0 0 1
    outer loop
      vertex 8.36133 45.3572 7
      vertex 7.72266 46.7145 7
      vertex 8.27737 45.3145 7
    endloop
  endfacet
  facet normal -0 0 1
    outer loop
      vertex 7.55474 46.6289 7
      vertex 8.27737 45.3145 7
      vertex 7.72266 46.7145 7
    endloop
  endfacet
  facet normal 0 0 1
    outer loop
      vertex 8.27737 45.3145 7
      vertex 7.55474 46.6289 7
      vertex 8.19626 45.2665 7
    endloop
  endfacet
  facet normal -0 0 1
    outer loop
      vertex 7.39252 46.533 7
      vertex 8.19626 45.2665 7
      vertex 7.55474 46.6289 7
    endloop
  endfacet
  facet normal 0 0 1
    outer loop
      vertex 8.19626 45.2665 7
      vertex 7.39252 46.533 7
      vertex 8.11832 45.2135 7
    endloop
  endfacet
  facet normal -0 0 1
    outer loop
      vertex 7.23664 46.4271 7
      vertex 8.11832 45.2135 7
      vertex 7.39252 46.533 7
    endloop
  endfacet
  facet normal 0 0 1
    outer loop
      vertex 8.11832 45.2135 7
      vertex 7.23664 46.4271 7
      vertex 8.04386 45.1558 7
    endloop
  endfacet
  facet normal -0 0 1
    outer loop
      vertex 7.08773 46.3115 7
      vertex 8.04386 45.1558 7
      vertex 7.23664 46.4271 7
    endloop
  endfacet
  facet normal 0 0 1
    outer loop
      vertex 8.04386 45.1558 7
      vertex 7.08773 46.3115 7
      vertex 7.97318 45.0935 7
    endloop
  endfacet
  facet normal -0 0 1
    outer loop
      vertex 6.94636 46.1869 7
      vertex 7.97318 45.0935 7
      vertex 7.08773 46.3115 7
    endloop
  endfacet
  facet normal 0 0 1
    outer loop
      vertex 7.97318 45.0935 7
      vertex 6.94636 46.1869 7
      vertex 7.90655 45.0268 7
    endloop
  endfacet
  facet normal -0 0 1
    outer loop
      vertex 6.81309 46.0536 7
      vertex 7.90655 45.0268 7
      vertex 6.94636 46.1869 7
    endloop
  endfacet
  facet normal 0 0 1
    outer loop
      vertex 7.90655 45.0268 7
      vertex 6.81309 46.0536 7
      vertex 7.84423 44.9561 7
    endloop
  endfacet
  facet normal -0 0 1
    outer loop
      vertex 6.68846 45.9123 7
      vertex 7.84423 44.9561 7
      vertex 6.81309 46.0536 7
    endloop
  endfacet
  facet normal 0 0 1
    outer loop
      vertex 7.84423 44.9561 7
      vertex 6.68846 45.9123 7
      vertex 7.78647 44.8817 7
    endloop
  endfacet
  facet normal -0 0 1
    outer loop
      vertex 6.57295 45.7634 7
      vertex 7.78647 44.8817 7
      vertex 6.68846 45.9123 7
    endloop
  endfacet
  facet normal 0 0 1
    outer loop
      vertex 7.78647 44.8817 7
      vertex 6.57295 45.7634 7
      vertex 7.73351 44.8037 7
    endloop
  endfacet
  facet normal -0 0 1
    outer loop
      vertex 6.46702 45.6075 7
      vertex 7.73351 44.8037 7
      vertex 6.57295 45.7634 7
    endloop
  endfacet
  facet normal 0 0 1
    outer loop
      vertex 7.73351 44.8037 7
      vertex 6.46702 45.6075 7
      vertex 7.68554 44.7226 7
    endloop
  endfacet
  facet normal -0 0 1
    outer loop
      vertex 6.37108 45.4453 7
      vertex 7.68554 44.7226 7
      vertex 6.46702 45.6075 7
    endloop
  endfacet
  facet normal 0 0 1
    outer loop
      vertex 11.6289 42.5547 7
      vertex 10.3145 43.2774 7
      vertex 11.533 42.3925 7
    endloop
  endfacet
  facet normal -0 0 1
    outer loop
      vertex 10.2665 43.1963 7
      vertex 11.533 42.3925 7
      vertex 10.3145 43.2774 7
    endloop
  endfacet
  facet normal 0 0 1
    outer loop
      vertex 11.533 42.3925 7
      vertex 10.2665 43.1963 7
      vertex 11.4271 42.2366 7
    endloop
  endfacet
  facet normal -0 0 1
    outer loop
      vertex 10.2135 43.1183 7
      vertex 11.4271 42.2366 7
      vertex 10.2665 43.1963 7
    endloop
  endfacet
  facet normal 0 0 1
    outer loop
      vertex 11.4271 42.2366 7
      vertex 10.2135 43.1183 7
      vertex 11.3115 42.0877 7
    endloop
  endfacet
  facet normal -0 0 1
    outer loop
      vertex 10.1558 43.0439 7
      vertex 11.3115 42.0877 7
      vertex 10.2135 43.1183 7
    endloop
  endfacet
  facet normal 0 0 1
    outer loop
      vertex 11.3115 42.0877 7
      vertex 10.1558 43.0439 7
      vertex 11.1869 41.9464 7
    endloop
  endfacet
  facet normal -0 0 1
    outer loop
      vertex 10.0935 42.9732 7
      vertex 11.1869 41.9464 7
      vertex 10.1558 43.0439 7
    endloop
  endfacet
  facet normal 0 0 1
    outer loop
      vertex 11.1869 41.9464 7
      vertex 10.0935 42.9732 7
      vertex 11.0536 41.8131 7
    endloop
  endfacet
  facet normal -0 0 1
    outer loop
      vertex 10.0268 42.9065 7
      vertex 11.0536 41.8131 7
      vertex 10.0935 42.9732 7
    endloop
  endfacet
  facet normal 0 0 1
    outer loop
      vertex 11.0536 41.8131 7
      vertex 10.0268 42.9065 7
      vertex 10.9123 41.6885 7
    endloop
  endfacet
  facet normal -0 0 1
    outer loop
      vertex 9.95614 42.8442 7
      vertex 10.9123 41.6885 7
      vertex 10.0268 42.9065 7
    endloop
  endfacet
  facet normal 0 0 1
    outer loop
      vertex 10.9123 41.6885 7
      vertex 9.95614 42.8442 7
      vertex 10.7634 41.5729 7
    endloop
  endfacet
  facet normal -0 0 1
    outer loop
      vertex 9.88168 42.7865 7
      vertex 10.7634 41.5729 7
      vertex 9.95614 42.8442 7
    endloop
  endfacet
  facet normal 0 0 1
    outer loop
      vertex 10.7634 41.5729 7
      vertex 9.88168 42.7865 7
      vertex 10.6075 41.467 7
    endloop
  endfacet
  facet normal -0 0 1
    outer loop
      vertex 9.80374 42.7335 7
      vertex 10.6075 41.467 7
      vertex 9.88168 42.7865 7
    endloop
  endfacet
  facet normal 0 0 1
    outer loop
      vertex 10.6075 41.467 7
      vertex 9.80374 42.7335 7
      vertex 10.4453 41.3711 7
    endloop
  endfacet
  facet normal -0 0 1
    outer loop
      vertex 9.72263 42.6855 7
      vertex 10.4453 41.3711 7
      vertex 9.80374 42.7335 7
    endloop
  endfacet
  facet normal 0 0 1
    outer loop
      vertex 10.4453 41.3711 7
      vertex 9.72263 42.6855 7
      vertex 10.2773 41.2855 7
    endloop
  endfacet
  facet normal -0 0 1
    outer loop
      vertex 9.63867 42.6428 7
      vertex 10.2773 41.2855 7
      vertex 9.72263 42.6855 7
    endloop
  endfacet
  facet normal 0 0 1
    outer loop
      vertex 10.2773 41.2855 7
      vertex 9.63867 42.6428 7
      vertex 10.1044 41.2107 7
    endloop
  endfacet
  facet normal -0 0 1
    outer loop
      vertex 9.55219 42.6053 7
      vertex 10.1044 41.2107 7
      vertex 9.63867 42.6428 7
    endloop
  endfacet
  facet normal 0 0 1
    outer loop
      vertex 10.1044 41.2107 7
      vertex 9.55219 42.6053 7
      vertex 9.92705 41.1468 7
    endloop
  endfacet
  facet normal -0 0 1
    outer loop
      vertex 9.46352 42.5734 7
      vertex 9.92705 41.1468 7
      vertex 9.55219 42.6053 7
    endloop
  endfacet
  facet normal 0 0 1
    outer loop
      vertex 9.92705 41.1468 7
      vertex 9.46352 42.5734 7
      vertex 9.74607 41.0942 7
    endloop
  endfacet
  facet normal -0 0 1
    outer loop
      vertex 9.37303 42.5471 7
      vertex 9.74607 41.0942 7
      vertex 9.46352 42.5734 7
    endloop
  endfacet
  facet normal 0 0 1
    outer loop
      vertex 9.74607 41.0942 7
      vertex 9.37303 42.5471 7
      vertex 9.56214 41.0531 7
    endloop
  endfacet
  facet normal -0 0 1
    outer loop
      vertex 9.28107 42.5266 7
      vertex 9.56214 41.0531 7
      vertex 9.37303 42.5471 7
    endloop
  endfacet
  facet normal 0 0 1
    outer loop
      vertex 9.56214 41.0531 7
      vertex 9.28107 42.5266 7
      vertex 9.376 41.0237 7
    endloop
  endfacet
  facet normal -0 0 1
    outer loop
      vertex 9.188 42.5118 7
      vertex 9.376 41.0237 7
      vertex 9.28107 42.5266 7
    endloop
  endfacet
  facet normal 0 0 1
    outer loop
      vertex 9.376 41.0237 7
      vertex 9.188 42.5118 7
      vertex 9.18837 41.0059 7
    endloop
  endfacet
  facet normal -0 0 1
    outer loop
      vertex 9.09418 42.503 7
      vertex 9.18837 41.0059 7
      vertex 9.188 42.5118 7
    endloop
  endfacet
  facet normal -0 0 1
    outer loop
      vertex 9 42.5 7
      vertex 9.18837 41.0059 7
      vertex 9.09418 42.503 7
    endloop
  endfacet
  facet normal 0 0 1
    outer loop
      vertex 9 42.5 7
      vertex 9 41 7
      vertex 9.18837 41.0059 7
    endloop
  endfacet
  facet normal 0 0 1
    outer loop
      vertex 8.90581 42.503 7
      vertex 9 41 7
      vertex 9 42.5 7
    endloop
  endfacet
  facet normal 0 0 1
    outer loop
      vertex 8.81163 41.0059 7
      vertex 8.90581 42.503 7
      vertex 8.812 42.5118 7
    endloop
  endfacet
  facet normal 0 0 1
    outer loop
      vertex 8.90581 42.503 7
      vertex 8.81163 41.0059 7
      vertex 9 41 7
    endloop
  endfacet
  facet normal 0 0 1
    outer loop
      vertex 8.624 41.0237 7
      vertex 8.812 42.5118 7
      vertex 8.71893 42.5266 7
    endloop
  endfacet
  facet normal 0 0 1
    outer loop
      vertex 8.43786 41.0531 7
      vertex 8.71893 42.5266 7
      vertex 8.62696 42.5471 7
    endloop
  endfacet
  facet normal 0 0 1
    outer loop
      vertex 8.812 42.5118 7
      vertex 8.624 41.0237 7
      vertex 8.81163 41.0059 7
    endloop
  endfacet
  facet normal 0 0 1
    outer loop
      vertex 8.25393 41.0942 7
      vertex 8.62696 42.5471 7
      vertex 8.53647 42.5734 7
    endloop
  endfacet
  facet normal 0 0 1
    outer loop
      vertex 8.07295 41.1468 7
      vertex 8.53647 42.5734 7
      vertex 8.44781 42.6053 7
    endloop
  endfacet
  facet normal 0 0 1
    outer loop
      vertex 8.71893 42.5266 7
      vertex 8.43786 41.0531 7
      vertex 8.624 41.0237 7
    endloop
  endfacet
  facet normal 0 0 1
    outer loop
      vertex 7.89563 41.2107 7
      vertex 8.44781 42.6053 7
      vertex 8.36133 42.6428 7
    endloop
  endfacet
  facet normal 0 0 1
    outer loop
      vertex 7.72266 41.2855 7
      vertex 8.36133 42.6428 7
      vertex 8.27737 42.6855 7
    endloop
  endfacet
  facet normal 0 0 1
    outer loop
      vertex 8.62696 42.5471 7
      vertex 8.25393 41.0942 7
      vertex 8.43786 41.0531 7
    endloop
  endfacet
  facet normal 0 0 1
    outer loop
      vertex 7.55474 41.3711 7
      vertex 8.27737 42.6855 7
      vertex 8.19626 42.7335 7
    endloop
  endfacet
  facet normal 0 0 1
    outer loop
      vertex 7.39252 41.467 7
      vertex 8.19626 42.7335 7
      vertex 8.11832 42.7865 7
    endloop
  endfacet
  facet normal 0 0 1
    outer loop
      vertex 8.53647 42.5734 7
      vertex 8.07295 41.1468 7
      vertex 8.25393 41.0942 7
    endloop
  endfacet
  facet normal 0 0 1
    outer loop
      vertex 7.23664 41.5729 7
      vertex 8.11832 42.7865 7
      vertex 8.04386 42.8442 7
    endloop
  endfacet
  facet normal 0 0 1
    outer loop
      vertex 7.08773 41.6885 7
      vertex 8.04386 42.8442 7
      vertex 7.97318 42.9065 7
    endloop
  endfacet
  facet normal 0 0 1
    outer loop
      vertex 6.94636 41.8131 7
      vertex 7.97318 42.9065 7
      vertex 7.90655 42.9732 7
    endloop
  endfacet
  facet normal 0 0 1
    outer loop
      vertex 8.44781 42.6053 7
      vertex 7.89563 41.2107 7
      vertex 8.07295 41.1468 7
    endloop
  endfacet
  facet normal 0 0 1
    outer loop
      vertex 6.81309 41.9464 7
      vertex 7.90655 42.9732 7
      vertex 7.84423 43.0439 7
    endloop
  endfacet
  facet normal 0 0 1
    outer loop
      vertex 6.68846 42.0877 7
      vertex 7.84423 43.0439 7
      vertex 7.78647 43.1183 7
    endloop
  endfacet
  facet normal 0 0 1
    outer loop
      vertex 6.57295 42.2366 7
      vertex 7.78647 43.1183 7
      vertex 7.73351 43.1963 7
    endloop
  endfacet
  facet normal 0 0 1
    outer loop
      vertex 8.36133 42.6428 7
      vertex 7.72266 41.2855 7
      vertex 7.89563 41.2107 7
    endloop
  endfacet
  facet normal 0 0 1
    outer loop
      vertex 6.46702 42.3925 7
      vertex 7.73351 43.1963 7
      vertex 7.68554 43.2774 7
    endloop
  endfacet
  facet normal 0 0 1
    outer loop
      vertex 6.37108 42.5547 7
      vertex 7.68554 43.2774 7
      vertex 7.64276 43.3613 7
    endloop
  endfacet
  facet normal 0 0 1
    outer loop
      vertex 6.28552 42.7227 7
      vertex 7.64276 43.3613 7
      vertex 7.60534 43.4478 7
    endloop
  endfacet
  facet normal 0 0 1
    outer loop
      vertex 6.21067 42.8956 7
      vertex 7.60534 43.4478 7
      vertex 7.57341 43.5365 7
    endloop
  endfacet
  facet normal 0 0 1
    outer loop
      vertex 8.27737 42.6855 7
      vertex 7.55474 41.3711 7
      vertex 7.72266 41.2855 7
    endloop
  endfacet
  facet normal 0 0 1
    outer loop
      vertex 6.14683 43.0729 7
      vertex 7.57341 43.5365 7
      vertex 7.54712 43.627 7
    endloop
  endfacet
  facet normal 0 0 1
    outer loop
      vertex 6.09425 43.2539 7
      vertex 7.54712 43.627 7
      vertex 7.52657 43.7189 7
    endloop
  endfacet
  facet normal 0 0 1
    outer loop
      vertex 6.05314 43.4379 7
      vertex 7.52657 43.7189 7
      vertex 7.51183 43.812 7
    endloop
  endfacet
  facet normal 0 0 1
    outer loop
      vertex 6.02366 43.624 7
      vertex 7.51183 43.812 7
      vertex 7.50296 43.9058 7
    endloop
  endfacet
  facet normal 0 0 1
    outer loop
      vertex 6.00592 43.8116 7
      vertex 7.50296 43.9058 7
      vertex 7.5 44 7
    endloop
  endfacet
  facet normal 0 0 1
    outer loop
      vertex 7.68554 44.7226 7
      vertex 6.37108 45.4453 7
      vertex 7.64276 44.6387 7
    endloop
  endfacet
  facet normal 0 0 1
    outer loop
      vertex 8.19626 42.7335 7
      vertex 7.39252 41.467 7
      vertex 7.55474 41.3711 7
    endloop
  endfacet
  facet normal -0 0 1
    outer loop
      vertex 6.28552 45.2773 7
      vertex 7.64276 44.6387 7
      vertex 6.37108 45.4453 7
    endloop
  endfacet
  facet normal 0 0 1
    outer loop
      vertex 8.11832 42.7865 7
      vertex 7.23664 41.5729 7
      vertex 7.39252 41.467 7
    endloop
  endfacet
  facet normal 0 0 1
    outer loop
      vertex 7.64276 44.6387 7
      vertex 6.28552 45.2773 7
      vertex 7.60534 44.5522 7
    endloop
  endfacet
  facet normal 0 0 1
    outer loop
      vertex 8.04386 42.8442 7
      vertex 7.08773 41.6885 7
      vertex 7.23664 41.5729 7
    endloop
  endfacet
  facet normal -0 0 1
    outer loop
      vertex 6.21067 45.1044 7
      vertex 7.60534 44.5522 7
      vertex 6.28552 45.2773 7
    endloop
  endfacet
  facet normal 0 0 1
    outer loop
      vertex 7.97318 42.9065 7
      vertex 6.94636 41.8131 7
      vertex 7.08773 41.6885 7
    endloop
  endfacet
  facet normal 0 0 1
    outer loop
      vertex 7.60534 44.5522 7
      vertex 6.21067 45.1044 7
      vertex 7.57341 44.4635 7
    endloop
  endfacet
  facet normal 0 0 1
    outer loop
      vertex 7.90655 42.9732 7
      vertex 6.81309 41.9464 7
      vertex 6.94636 41.8131 7
    endloop
  endfacet
  facet normal -0 0 1
    outer loop
      vertex 6.14683 44.9271 7
      vertex 7.57341 44.4635 7
      vertex 6.21067 45.1044 7
    endloop
  endfacet
  facet normal 0 0 1
    outer loop
      vertex 7.84423 43.0439 7
      vertex 6.68846 42.0877 7
      vertex 6.81309 41.9464 7
    endloop
  endfacet
  facet normal 0 0 1
    outer loop
      vertex 7.57341 44.4635 7
      vertex 6.14683 44.9271 7
      vertex 7.54712 44.373 7
    endloop
  endfacet
  facet normal 0 0 1
    outer loop
      vertex 7.78647 43.1183 7
      vertex 6.57295 42.2366 7
      vertex 6.68846 42.0877 7
    endloop
  endfacet
  facet normal -0 0 1
    outer loop
      vertex 6.09425 44.7461 7
      vertex 7.54712 44.373 7
      vertex 6.14683 44.9271 7
    endloop
  endfacet
  facet normal 0 0 1
    outer loop
      vertex 7.73351 43.1963 7
      vertex 6.46702 42.3925 7
      vertex 6.57295 42.2366 7
    endloop
  endfacet
  facet normal 0 0 1
    outer loop
      vertex 7.54712 44.373 7
      vertex 6.09425 44.7461 7
      vertex 7.52657 44.2811 7
    endloop
  endfacet
  facet normal 0 0 1
    outer loop
      vertex 7.68554 43.2774 7
      vertex 6.37108 42.5547 7
      vertex 6.46702 42.3925 7
    endloop
  endfacet
  facet normal -0 0 1
    outer loop
      vertex 6.05314 44.5621 7
      vertex 7.52657 44.2811 7
      vertex 6.09425 44.7461 7
    endloop
  endfacet
  facet normal 0 0 1
    outer loop
      vertex 7.64276 43.3613 7
      vertex 6.28552 42.7227 7
      vertex 6.37108 42.5547 7
    endloop
  endfacet
  facet normal 0 0 1
    outer loop
      vertex 7.52657 44.2811 7
      vertex 6.05314 44.5621 7
      vertex 7.51183 44.188 7
    endloop
  endfacet
  facet normal 0 0 1
    outer loop
      vertex 7.60534 43.4478 7
      vertex 6.21067 42.8956 7
      vertex 6.28552 42.7227 7
    endloop
  endfacet
  facet normal -0 0 1
    outer loop
      vertex 6.02366 44.376 7
      vertex 7.51183 44.188 7
      vertex 6.05314 44.5621 7
    endloop
  endfacet
  facet normal 0 0 1
    outer loop
      vertex 7.57341 43.5365 7
      vertex 6.14683 43.0729 7
      vertex 6.21067 42.8956 7
    endloop
  endfacet
  facet normal 0 0 1
    outer loop
      vertex 7.51183 44.188 7
      vertex 6.02366 44.376 7
      vertex 7.50296 44.0942 7
    endloop
  endfacet
  facet normal 0 0 1
    outer loop
      vertex 7.54712 43.627 7
      vertex 6.09425 43.2539 7
      vertex 6.14683 43.0729 7
    endloop
  endfacet
  facet normal -0 0 1
    outer loop
      vertex 6.00592 44.1884 7
      vertex 7.50296 44.0942 7
      vertex 6.02366 44.376 7
    endloop
  endfacet
  facet normal 0 0 1
    outer loop
      vertex 7.52657 43.7189 7
      vertex 6.05314 43.4379 7
      vertex 6.09425 43.2539 7
    endloop
  endfacet
  facet normal 0 0 1
    outer loop
      vertex 7.50296 44.0942 7
      vertex 6.00592 44.1884 7
      vertex 7.5 44 7
    endloop
  endfacet
  facet normal 0 0 1
    outer loop
      vertex 7.51183 43.812 7
      vertex 6.02366 43.624 7
      vertex 6.05314 43.4379 7
    endloop
  endfacet
  facet normal 0 0 1
    outer loop
      vertex 6 44 7
      vertex 7.5 44 7
      vertex 6.00592 44.1884 7
    endloop
  endfacet
  facet normal 0 0 1
    outer loop
      vertex 7.50296 43.9058 7
      vertex 6.00592 43.8116 7
      vertex 6.02366 43.624 7
    endloop
  endfacet
  facet normal 0 0 1
    outer loop
      vertex 7.5 44 7
      vertex 6 44 7
      vertex 6.00592 43.8116 7
    endloop
  endfacet
  facet normal -0.509055 0.860734 0
    outer loop
      vertex 7.55474 46.6289 2
      vertex 7.39252 46.533 7
      vertex 7.55474 46.6289 7
    endloop
  endfacet
  facet normal -0.509055 0.860734 0
    outer loop
      vertex 7.39252 46.533 7
      vertex 7.55474 46.6289 2
      vertex 7.39252 46.533 2
    endloop
  endfacet
  facet normal -0.661313 0.75011 0
    outer loop
      vertex 7.08773 46.3115 2
      vertex 6.94636 46.1869 7
      vertex 7.08773 46.3115 7
    endloop
  endfacet
  facet normal -0.661313 0.75011 0
    outer loop
      vertex 6.94636 46.1869 7
      vertex 7.08773 46.3115 2
      vertex 6.94636 46.1869 2
    endloop
  endfacet
  facet normal -0.562075 0.827086 0
    outer loop
      vertex 7.39252 46.533 2
      vertex 7.23664 46.4271 7
      vertex 7.39252 46.533 7
    endloop
  endfacet
  facet normal -0.562075 0.827086 0
    outer loop
      vertex 7.23664 46.4271 7
      vertex 7.39252 46.533 2
      vertex 7.23664 46.4271 2
    endloop
  endfacet
  facet normal -0.338733 0.940883 0
    outer loop
      vertex 8.07295 46.8532 2
      vertex 7.89563 46.7893 7
      vertex 8.07295 46.8532 7
    endloop
  endfacet
  facet normal -0.338733 0.940883 0
    outer loop
      vertex 7.89563 46.7893 7
      vertex 8.07295 46.8532 2
      vertex 7.89563 46.7893 2
    endloop
  endfacet
  facet normal -0.397148 0.917755 0
    outer loop
      vertex 7.89563 46.7893 2
      vertex 7.72266 46.7145 7
      vertex 7.89563 46.7893 7
    endloop
  endfacet
  facet normal -0.397148 0.917755 0
    outer loop
      vertex 7.72266 46.7145 7
      vertex 7.89563 46.7893 2
      vertex 7.72266 46.7145 2
    endloop
  endfacet
  facet normal -0.279 0.960291 0
    outer loop
      vertex 8.25393 46.9058 2
      vertex 8.07295 46.8532 7
      vertex 8.25393 46.9058 7
    endloop
  endfacet
  facet normal -0.279 0.960291 0
    outer loop
      vertex 8.07295 46.8532 7
      vertex 8.25393 46.9058 2
      vertex 8.07295 46.8532 2
    endloop
  endfacet
  facet normal -0.0941199 0.995561 0
    outer loop
      vertex 8.81163 46.9941 2
      vertex 8.624 46.9763 7
      vertex 8.81163 46.9941 7
    endloop
  endfacet
  facet normal -0.0941199 0.995561 0
    outer loop
      vertex 8.624 46.9763 7
      vertex 8.81163 46.9941 2
      vertex 8.624 46.9763 2
    endloop
  endfacet
  facet normal 0.999506 -0.0314142 0
    outer loop
      vertex 11.9941 43.8116 7
      vertex 12 44 2
      vertex 12 44 7
    endloop
  endfacet
  facet normal 0.999506 -0.0314142 0
    outer loop
      vertex 12 44 2
      vertex 11.9941 43.8116 7
      vertex 11.9941 43.8116 2
    endloop
  endfacet
  facet normal 0.0940998 -0.995563 0
    outer loop
      vertex 9.18837 41.0059 2
      vertex 9.376 41.0237 7
      vertex 9.18837 41.0059 7
    endloop
  endfacet
  facet normal 0.0940998 -0.995563 0
    outer loop
      vertex 9.376 41.0237 7
      vertex 9.18837 41.0059 2
      vertex 9.376 41.0237 2
    endloop
  endfacet
  facet normal 0.218137 -0.975918 0
    outer loop
      vertex 9.56214 41.0531 2
      vertex 9.74607 41.0942 7
      vertex 9.56214 41.0531 7
    endloop
  endfacet
  facet normal 0.218137 -0.975918 0
    outer loop
      vertex 9.74607 41.0942 7
      vertex 9.56214 41.0531 2
      vertex 9.74607 41.0942 2
    endloop
  endfacet
  facet normal 0.453983 -0.89101 0
    outer loop
      vertex 10.2773 41.2855 2
      vertex 10.4453 41.3711 7
      vertex 10.2773 41.2855 7
    endloop
  endfacet
  facet normal 0.453983 -0.89101 0
    outer loop
      vertex 10.4453 41.3711 7
      vertex 10.2773 41.2855 2
      vertex 10.4453 41.3711 2
    endloop
  endfacet
  facet normal 0.75011 -0.661313 0
    outer loop
      vertex 11.1869 41.9464 7
      vertex 11.3115 42.0877 2
      vertex 11.3115 42.0877 7
    endloop
  endfacet
  facet normal 0.75011 -0.661313 0
    outer loop
      vertex 11.3115 42.0877 2
      vertex 11.1869 41.9464 7
      vertex 11.1869 41.9464 2
    endloop
  endfacet
  facet normal 0.612912 -0.790151 0
    outer loop
      vertex 10.7634 41.5729 2
      vertex 10.9123 41.6885 7
      vertex 10.7634 41.5729 7
    endloop
  endfacet
  facet normal 0.612912 -0.790151 0
    outer loop
      vertex 10.9123 41.6885 7
      vertex 10.7634 41.5729 2
      vertex 10.9123 41.6885 2
    endloop
  endfacet
  facet normal 0.509055 -0.860734 0
    outer loop
      vertex 10.4453 41.3711 2
      vertex 10.6075 41.467 7
      vertex 10.4453 41.3711 7
    endloop
  endfacet
  facet normal 0.509055 -0.860734 0
    outer loop
      vertex 10.6075 41.467 7
      vertex 10.4453 41.3711 2
      vertex 10.6075 41.467 2
    endloop
  endfacet
  facet normal 0.827077 -0.562089 0
    outer loop
      vertex 11.4271 42.2366 7
      vertex 11.533 42.3925 2
      vertex 11.533 42.3925 7
    endloop
  endfacet
  facet normal 0.827077 -0.562089 0
    outer loop
      vertex 11.533 42.3925 2
      vertex 11.4271 42.2366 7
      vertex 11.4271 42.2366 2
    endloop
  endfacet
  facet normal 0.917753 -0.397151 0
    outer loop
      vertex 11.7145 42.7227 7
      vertex 11.7893 42.8956 2
      vertex 11.7893 42.8956 7
    endloop
  endfacet
  facet normal 0.917753 -0.397151 0
    outer loop
      vertex 11.7893 42.8956 2
      vertex 11.7145 42.7227 7
      vertex 11.7145 42.7227 2
    endloop
  endfacet
  facet normal 0.940879 -0.338742 0
    outer loop
      vertex 11.7893 42.8956 7
      vertex 11.8532 43.0729 2
      vertex 11.8532 43.0729 7
    endloop
  endfacet
  facet normal 0.940879 -0.338742 0
    outer loop
      vertex 11.8532 43.0729 2
      vertex 11.7893 42.8956 7
      vertex 11.7893 42.8956 2
    endloop
  endfacet
  facet normal 0.975917 -0.218142 0
    outer loop
      vertex 11.9057 43.2539 7
      vertex 11.9469 43.4379 2
      vertex 11.9469 43.4379 7
    endloop
  endfacet
  facet normal 0.975917 -0.218142 0
    outer loop
      vertex 11.9469 43.4379 2
      vertex 11.9057 43.2539 7
      vertex 11.9057 43.2539 2
    endloop
  endfacet
  facet normal 0.995562 -0.0941094 0
    outer loop
      vertex 11.9763 43.624 7
      vertex 11.9941 43.8116 2
      vertex 11.9941 43.8116 7
    endloop
  endfacet
  facet normal 0.995562 -0.0941094 0
    outer loop
      vertex 11.9941 43.8116 2
      vertex 11.9763 43.624 7
      vertex 11.9763 43.624 2
    endloop
  endfacet
  facet normal -0.562075 -0.827086 0
    outer loop
      vertex 7.23664 41.5729 2
      vertex 7.39252 41.467 7
      vertex 7.23664 41.5729 7
    endloop
  endfacet
  facet normal -0.562075 -0.827086 -0
    outer loop
      vertex 7.39252 41.467 7
      vertex 7.23664 41.5729 2
      vertex 7.39252 41.467 2
    endloop
  endfacet
  facet normal -0.338751 -0.940876 0
    outer loop
      vertex 7.89563 41.2107 2
      vertex 8.07295 41.1468 7
      vertex 7.89563 41.2107 7
    endloop
  endfacet
  facet normal -0.338751 -0.940876 -0
    outer loop
      vertex 8.07295 41.1468 7
      vertex 7.89563 41.2107 2
      vertex 8.07295 41.1468 2
    endloop
  endfacet
  facet normal -0.397148 -0.917755 0
    outer loop
      vertex 7.72266 41.2855 2
      vertex 7.89563 41.2107 7
      vertex 7.72266 41.2855 7
    endloop
  endfacet
  facet normal -0.397148 -0.917755 -0
    outer loop
      vertex 7.89563 41.2107 7
      vertex 7.72266 41.2855 2
      vertex 7.89563 41.2107 2
    endloop
  endfacet
  facet normal -0.218137 -0.975918 0
    outer loop
      vertex 8.25393 41.0942 2
      vertex 8.43786 41.0531 7
      vertex 8.25393 41.0942 7
    endloop
  endfacet
  facet normal -0.218137 -0.975918 -0
    outer loop
      vertex 8.43786 41.0531 7
      vertex 8.25393 41.0942 2
      vertex 8.43786 41.0531 2
    endloop
  endfacet
  facet normal -0.0314139 -0.999506 0
    outer loop
      vertex 8.81163 41.0059 2
      vertex 9 41 7
      vertex 8.81163 41.0059 7
    endloop
  endfacet
  facet normal -0.0314139 -0.999506 -0
    outer loop
      vertex 9 41 7
      vertex 8.81163 41.0059 2
      vertex 9 41 2
    endloop
  endfacet
  facet normal -0.79016 -0.612901 0
    outer loop
      vertex 6.68846 42.0877 2
      vertex 6.57295 42.2366 7
      vertex 6.57295 42.2366 2
    endloop
  endfacet
  facet normal -0.79016 -0.612901 0
    outer loop
      vertex 6.57295 42.2366 7
      vertex 6.68846 42.0877 2
      vertex 6.68846 42.0877 7
    endloop
  endfacet
  facet normal -0.940879 -0.338742 0
    outer loop
      vertex 6.21067 42.8956 2
      vertex 6.14683 43.0729 7
      vertex 6.14683 43.0729 2
    endloop
  endfacet
  facet normal -0.940879 -0.338742 0
    outer loop
      vertex 6.14683 43.0729 7
      vertex 6.21067 42.8956 2
      vertex 6.21067 42.8956 7
    endloop
  endfacet
  facet normal -0.891011 -0.453981 0
    outer loop
      vertex 6.37108 42.5547 2
      vertex 6.28552 42.7227 7
      vertex 6.28552 42.7227 2
    endloop
  endfacet
  facet normal -0.891011 -0.453981 0
    outer loop
      vertex 6.28552 42.7227 7
      vertex 6.37108 42.5547 2
      vertex 6.37108 42.5547 7
    endloop
  endfacet
  facet normal -0.975917 -0.218142 0
    outer loop
      vertex 6.09425 43.2539 2
      vertex 6.05314 43.4379 7
      vertex 6.05314 43.4379 2
    endloop
  endfacet
  facet normal -0.975917 -0.218142 0
    outer loop
      vertex 6.05314 43.4379 7
      vertex 6.09425 43.2539 2
      vertex 6.09425 43.2539 7
    endloop
  endfacet
  facet normal -0.995562 -0.0941094 0
    outer loop
      vertex 6.02366 43.624 2
      vertex 6.00592 43.8116 7
      vertex 6.00592 43.8116 2
    endloop
  endfacet
  facet normal -0.995562 -0.0941094 0
    outer loop
      vertex 6.00592 43.8116 7
      vertex 6.02366 43.624 2
      vertex 6.02366 43.624 7
    endloop
  endfacet
  facet normal 0.707099 0.707114 -0
    outer loop
      vertex 11.1869 46.0536 2
      vertex 11.0536 46.1869 7
      vertex 11.1869 46.0536 7
    endloop
  endfacet
  facet normal 0.707099 0.707114 0
    outer loop
      vertex 11.0536 46.1869 7
      vertex 11.1869 46.0536 2
      vertex 11.0536 46.1869 2
    endloop
  endfacet
  facet normal 0.397148 0.917755 -0
    outer loop
      vertex 10.2773 46.7145 2
      vertex 10.1044 46.7893 7
      vertex 10.2773 46.7145 7
    endloop
  endfacet
  facet normal 0.397148 0.917755 0
    outer loop
      vertex 10.1044 46.7893 7
      vertex 10.2773 46.7145 2
      vertex 10.1044 46.7893 2
    endloop
  endfacet
  facet normal -0.860742 0.509042 0
    outer loop
      vertex 6.37108 45.4453 2
      vertex 6.46702 45.6075 7
      vertex 6.46702 45.6075 2
    endloop
  endfacet
  facet normal -0.860742 0.509042 0
    outer loop
      vertex 6.46702 45.6075 7
      vertex 6.37108 45.4453 2
      vertex 6.37108 45.4453 7
    endloop
  endfacet
  facet normal -0.827083 0.562079 0
    outer loop
      vertex 6.46702 45.6075 2
      vertex 6.57295 45.7634 7
      vertex 6.57295 45.7634 2
    endloop
  endfacet
  facet normal -0.827083 0.562079 0
    outer loop
      vertex 6.57295 45.7634 7
      vertex 6.46702 45.6075 2
      vertex 6.46702 45.6075 7
    endloop
  endfacet
  facet normal -0.999507 -0.0314092 0
    outer loop
      vertex 6.00592 43.8116 2
      vertex 6 44 7
      vertex 6 44 2
    endloop
  endfacet
  facet normal -0.999507 -0.0314092 0
    outer loop
      vertex 6 44 7
      vertex 6.00592 43.8116 2
      vertex 6.00592 43.8116 7
    endloop
  endfacet
  facet normal -0.707099 0.707114 0
    outer loop
      vertex 6.94636 46.1869 2
      vertex 6.81309 46.0536 7
      vertex 6.94636 46.1869 7
    endloop
  endfacet
  facet normal -0.707099 0.707114 0
    outer loop
      vertex 6.81309 46.0536 7
      vertex 6.94636 46.1869 2
      vertex 6.81309 46.0536 2
    endloop
  endfacet
  facet normal 0.156442 -0.987687 0
    outer loop
      vertex 9.376 41.0237 2
      vertex 9.56214 41.0531 7
      vertex 9.376 41.0237 7
    endloop
  endfacet
  facet normal 0.156442 -0.987687 0
    outer loop
      vertex 9.56214 41.0531 7
      vertex 9.376 41.0237 2
      vertex 9.56214 41.0531 2
    endloop
  endfacet
  facet normal 0.278981 -0.960297 0
    outer loop
      vertex 9.74607 41.0942 2
      vertex 9.92705 41.1468 7
      vertex 9.74607 41.0942 7
    endloop
  endfacet
  facet normal 0.278981 -0.960297 0
    outer loop
      vertex 9.92705 41.1468 7
      vertex 9.74607 41.0942 2
      vertex 9.92705 41.1468 2
    endloop
  endfacet
  facet normal 0.397148 -0.917755 0
    outer loop
      vertex 10.1044 41.2107 2
      vertex 10.2773 41.2855 7
      vertex 10.1044 41.2107 7
    endloop
  endfacet
  facet normal 0.397148 -0.917755 0
    outer loop
      vertex 10.2773 41.2855 7
      vertex 10.1044 41.2107 2
      vertex 10.2773 41.2855 2
    endloop
  endfacet
  facet normal 0.562075 -0.827086 0
    outer loop
      vertex 10.6075 41.467 2
      vertex 10.7634 41.5729 7
      vertex 10.6075 41.467 7
    endloop
  endfacet
  facet normal 0.562075 -0.827086 0
    outer loop
      vertex 10.7634 41.5729 7
      vertex 10.6075 41.467 2
      vertex 10.7634 41.5729 2
    endloop
  endfacet
  facet normal 0.860742 -0.509042 0
    outer loop
      vertex 11.533 42.3925 7
      vertex 11.6289 42.5547 2
      vertex 11.6289 42.5547 7
    endloop
  endfacet
  facet normal 0.860742 -0.509042 0
    outer loop
      vertex 11.6289 42.5547 2
      vertex 11.533 42.3925 7
      vertex 11.533 42.3925 2
    endloop
  endfacet
  facet normal -0.509055 -0.860734 0
    outer loop
      vertex 7.39252 41.467 2
      vertex 7.55474 41.3711 7
      vertex 7.39252 41.467 7
    endloop
  endfacet
  facet normal -0.509055 -0.860734 -0
    outer loop
      vertex 7.55474 41.3711 7
      vertex 7.39252 41.467 2
      vertex 7.55474 41.3711 2
    endloop
  endfacet
  facet normal -0.156442 -0.987687 0
    outer loop
      vertex 8.43786 41.0531 2
      vertex 8.624 41.0237 7
      vertex 8.43786 41.0531 7
    endloop
  endfacet
  facet normal -0.156442 -0.987687 -0
    outer loop
      vertex 8.624 41.0237 7
      vertex 8.43786 41.0531 2
      vertex 8.624 41.0237 2
    endloop
  endfacet
  facet normal -0.827077 -0.562089 0
    outer loop
      vertex 6.57295 42.2366 2
      vertex 6.46702 42.3925 7
      vertex 6.46702 42.3925 2
    endloop
  endfacet
  facet normal -0.827077 -0.562089 0
    outer loop
      vertex 6.46702 42.3925 7
      vertex 6.57295 42.2366 2
      vertex 6.57295 42.2366 7
    endloop
  endfacet
  facet normal -0.917753 -0.397151 0
    outer loop
      vertex 6.28552 42.7227 2
      vertex 6.21067 42.8956 7
      vertex 6.21067 42.8956 2
    endloop
  endfacet
  facet normal -0.917753 -0.397151 0
    outer loop
      vertex 6.21067 42.8956 7
      vertex 6.28552 42.7227 2
      vertex 6.28552 42.7227 7
    endloop
  endfacet
  facet normal -0.987689 -0.156431 0
    outer loop
      vertex 6.05314 43.4379 2
      vertex 6.02366 43.624 7
      vertex 6.02366 43.624 2
    endloop
  endfacet
  facet normal -0.987689 -0.156431 0
    outer loop
      vertex 6.02366 43.624 7
      vertex 6.05314 43.4379 2
      vertex 6.05314 43.4379 7
    endloop
  endfacet
  facet normal 0.987689 -0.156431 0
    outer loop
      vertex 11.9469 43.4379 7
      vertex 11.9763 43.624 2
      vertex 11.9763 43.624 7
    endloop
  endfacet
  facet normal 0.987689 -0.156431 0
    outer loop
      vertex 11.9763 43.624 2
      vertex 11.9469 43.4379 7
      vertex 11.9469 43.4379 2
    endloop
  endfacet
  facet normal 0.999506 0.0314141 0
    outer loop
      vertex 87 13 7
      vertex 86.9941 13.1884 2
      vertex 86.9941 13.1884 7
    endloop
  endfacet
  facet normal 0.999506 0.0314141 0
    outer loop
      vertex 86.9941 13.1884 2
      vertex 87 13 7
      vertex 87 13 2
    endloop
  endfacet
  facet normal -0.0314142 0.999506 0
    outer loop
      vertex 84 16 2
      vertex 83.8116 15.9941 7
      vertex 84 16 7
    endloop
  endfacet
  facet normal -0.0314142 0.999506 0
    outer loop
      vertex 83.8116 15.9941 7
      vertex 84 16 2
      vertex 83.8116 15.9941 2
    endloop
  endfacet
  facet normal 0.0314092 -0.999507 0
    outer loop
      vertex 84 10 2
      vertex 84.1884 10.0059 7
      vertex 84 10 7
    endloop
  endfacet
  facet normal 0.0314092 -0.999507 0
    outer loop
      vertex 84.1884 10.0059 7
      vertex 84 10 2
      vertex 84.1884 10.0059 2
    endloop
  endfacet
  facet normal 0.661303 0.750119 -0
    outer loop
      vertex 86.0536 15.1869 2
      vertex 85.9123 15.3115 7
      vertex 86.0536 15.1869 7
    endloop
  endfacet
  facet normal 0.661303 0.750119 0
    outer loop
      vertex 85.9123 15.3115 7
      vertex 86.0536 15.1869 2
      vertex 85.9123 15.3115 2
    endloop
  endfacet
  facet normal -0.75011 0.661313 0
    outer loop
      vertex 81.6885 14.9123 2
      vertex 81.8131 15.0536 7
      vertex 81.8131 15.0536 2
    endloop
  endfacet
  facet normal -0.75011 0.661313 0
    outer loop
      vertex 81.8131 15.0536 7
      vertex 81.6885 14.9123 2
      vertex 81.6885 14.9123 7
    endloop
  endfacet
  facet normal -0.45399 0.891007 0
    outer loop
      vertex 82.7227 15.7145 2
      vertex 82.5547 15.6289 7
      vertex 82.7227 15.7145 7
    endloop
  endfacet
  facet normal -0.45399 0.891007 0
    outer loop
      vertex 82.5547 15.6289 7
      vertex 82.7227 15.7145 2
      vertex 82.5547 15.6289 2
    endloop
  endfacet
  facet normal 0.891018 0.453967 0
    outer loop
      vertex 86.7145 14.2773 7
      vertex 86.6289 14.4453 2
      vertex 86.6289 14.4453 7
    endloop
  endfacet
  facet normal 0.891018 0.453967 0
    outer loop
      vertex 86.6289 14.4453 2
      vertex 86.7145 14.2773 7
      vertex 86.7145 14.2773 2
    endloop
  endfacet
  facet normal 0.707114 0.707099 0
    outer loop
      vertex 86.1869 15.0536 7
      vertex 86.0536 15.1869 2
      vertex 86.0536 15.1869 7
    endloop
  endfacet
  facet normal 0.707114 0.707099 0
    outer loop
      vertex 86.0536 15.1869 2
      vertex 86.1869 15.0536 7
      vertex 86.1869 15.0536 2
    endloop
  endfacet
  facet normal 0.397144 0.917756 -0
    outer loop
      vertex 85.2773 15.7145 2
      vertex 85.1044 15.7893 7
      vertex 85.2773 15.7145 7
    endloop
  endfacet
  facet normal 0.397144 0.917756 0
    outer loop
      vertex 85.1044 15.7893 7
      vertex 85.2773 15.7145 2
      vertex 85.1044 15.7893 2
    endloop
  endfacet
  facet normal -0.891018 0.453967 0
    outer loop
      vertex 81.2855 14.2773 2
      vertex 81.3711 14.4453 7
      vertex 81.3711 14.4453 2
    endloop
  endfacet
  facet normal -0.891018 0.453967 0
    outer loop
      vertex 81.3711 14.4453 7
      vertex 81.2855 14.2773 2
      vertex 81.2855 14.2773 7
    endloop
  endfacet
  facet normal -0.707114 0.707099 0
    outer loop
      vertex 81.8131 15.0536 2
      vertex 81.9464 15.1869 7
      vertex 81.9464 15.1869 2
    endloop
  endfacet
  facet normal -0.707114 0.707099 0
    outer loop
      vertex 81.9464 15.1869 7
      vertex 81.8131 15.0536 2
      vertex 81.8131 15.0536 7
    endloop
  endfacet
  facet normal -0.218137 0.975918 0
    outer loop
      vertex 83.4379 15.9469 2
      vertex 83.2539 15.9057 7
      vertex 83.4379 15.9469 7
    endloop
  endfacet
  facet normal -0.218137 0.975918 0
    outer loop
      vertex 83.2539 15.9057 7
      vertex 83.4379 15.9469 2
      vertex 83.2539 15.9057 2
    endloop
  endfacet
  facet normal 0.891018 -0.453967 0
    outer loop
      vertex 86.6289 11.5547 7
      vertex 86.7145 11.7227 2
      vertex 86.7145 11.7227 7
    endloop
  endfacet
  facet normal 0.891018 -0.453967 0
    outer loop
      vertex 86.7145 11.7227 2
      vertex 86.6289 11.5547 7
      vertex 86.6289 11.5547 2
    endloop
  endfacet
  facet normal 0.338742 -0.940879 0
    outer loop
      vertex 84.927 10.1468 2
      vertex 85.1044 10.2107 7
      vertex 84.927 10.1468 7
    endloop
  endfacet
  facet normal 0.338742 -0.940879 0
    outer loop
      vertex 85.1044 10.2107 7
      vertex 84.927 10.1468 2
      vertex 85.1044 10.2107 2
    endloop
  endfacet
  facet normal 0.707114 -0.707099 0
    outer loop
      vertex 86.0536 10.8131 7
      vertex 86.1869 10.9464 2
      vertex 86.1869 10.9464 7
    endloop
  endfacet
  facet normal 0.707114 -0.707099 0
    outer loop
      vertex 86.1869 10.9464 2
      vertex 86.0536 10.8131 7
      vertex 86.0536 10.8131 2
    endloop
  endfacet
  facet normal 0.960302 -0.278962 0
    outer loop
      vertex 86.8532 12.0729 7
      vertex 86.9057 12.2539 2
      vertex 86.9057 12.2539 7
    endloop
  endfacet
  facet normal 0.960302 -0.278962 0
    outer loop
      vertex 86.9057 12.2539 2
      vertex 86.8532 12.0729 7
      vertex 86.8532 12.0729 2
    endloop
  endfacet
  facet normal -0.278997 -0.960292 0
    outer loop
      vertex 83.073 10.1468 2
      vertex 83.2539 10.0942 7
      vertex 83.073 10.1468 7
    endloop
  endfacet
  facet normal -0.278997 -0.960292 -0
    outer loop
      vertex 83.2539 10.0942 7
      vertex 83.073 10.1468 2
      vertex 83.2539 10.0942 2
    endloop
  endfacet
  facet normal -0.661303 -0.750119 0
    outer loop
      vertex 81.9464 10.8131 2
      vertex 82.0877 10.6885 7
      vertex 81.9464 10.8131 7
    endloop
  endfacet
  facet normal -0.661303 -0.750119 -0
    outer loop
      vertex 82.0877 10.6885 7
      vertex 81.9464 10.8131 2
      vertex 82.0877 10.6885 2
    endloop
  endfacet
  facet normal -0.75011 -0.661313 0
    outer loop
      vertex 81.8131 10.9464 2
      vertex 81.6885 11.0877 7
      vertex 81.6885 11.0877 2
    endloop
  endfacet
  facet normal -0.75011 -0.661313 0
    outer loop
      vertex 81.6885 11.0877 7
      vertex 81.8131 10.9464 2
      vertex 81.8131 10.9464 7
    endloop
  endfacet
  facet normal 0.940876 0.338751 0
    outer loop
      vertex 86.8532 13.9271 7
      vertex 86.7893 14.1044 2
      vertex 86.7893 14.1044 7
    endloop
  endfacet
  facet normal 0.940876 0.338751 0
    outer loop
      vertex 86.7893 14.1044 2
      vertex 86.8532 13.9271 7
      vertex 86.8532 13.9271 2
    endloop
  endfacet
  facet normal 0.790161 0.6129 0
    outer loop
      vertex 86.427 14.7634 7
      vertex 86.3115 14.9123 2
      vertex 86.3115 14.9123 7
    endloop
  endfacet
  facet normal 0.790161 0.6129 0
    outer loop
      vertex 86.3115 14.9123 2
      vertex 86.427 14.7634 7
      vertex 86.427 14.7634 2
    endloop
  endfacet
  facet normal 0.156434 0.987688 -0
    outer loop
      vertex 84.5621 15.9469 2
      vertex 84.376 15.9763 7
      vertex 84.5621 15.9469 7
    endloop
  endfacet
  facet normal 0.156434 0.987688 0
    outer loop
      vertex 84.376 15.9763 7
      vertex 84.5621 15.9469 2
      vertex 84.376 15.9763 2
    endloop
  endfacet
  facet normal 0.278997 0.960292 -0
    outer loop
      vertex 84.927 15.8532 2
      vertex 84.7461 15.9057 7
      vertex 84.927 15.8532 7
    endloop
  endfacet
  facet normal 0.278997 0.960292 0
    outer loop
      vertex 84.7461 15.9057 7
      vertex 84.927 15.8532 2
      vertex 84.7461 15.9057 2
    endloop
  endfacet
  facet normal 0.612901 0.79016 -0
    outer loop
      vertex 85.9123 15.3115 2
      vertex 85.7634 15.4271 7
      vertex 85.9123 15.3115 7
    endloop
  endfacet
  facet normal 0.612901 0.79016 0
    outer loop
      vertex 85.7634 15.4271 7
      vertex 85.9123 15.3115 2
      vertex 85.7634 15.4271 2
    endloop
  endfacet
  facet normal -0.790161 0.6129 0
    outer loop
      vertex 81.573 14.7634 2
      vertex 81.6885 14.9123 7
      vertex 81.6885 14.9123 2
    endloop
  endfacet
  facet normal -0.790161 0.6129 0
    outer loop
      vertex 81.6885 14.9123 7
      vertex 81.573 14.7634 2
      vertex 81.573 14.7634 7
    endloop
  endfacet
  facet normal -0.98769 0.156422 0
    outer loop
      vertex 81.0237 13.376 2
      vertex 81.0531 13.5621 7
      vertex 81.0531 13.5621 2
    endloop
  endfacet
  facet normal -0.98769 0.156422 0
    outer loop
      vertex 81.0531 13.5621 7
      vertex 81.0237 13.376 2
      vertex 81.0237 13.376 7
    endloop
  endfacet
  facet normal -0.960302 0.278962 0
    outer loop
      vertex 81.0943 13.7461 2
      vertex 81.1468 13.9271 7
      vertex 81.1468 13.9271 2
    endloop
  endfacet
  facet normal -0.960302 0.278962 0
    outer loop
      vertex 81.1468 13.9271 7
      vertex 81.0943 13.7461 2
      vertex 81.0943 13.7461 7
    endloop
  endfacet
  facet normal -0.995561 0.0941199 0
    outer loop
      vertex 81.0059 13.1884 2
      vertex 81.0237 13.376 7
      vertex 81.0237 13.376 2
    endloop
  endfacet
  facet normal -0.995561 0.0941199 0
    outer loop
      vertex 81.0237 13.376 7
      vertex 81.0059 13.1884 2
      vertex 81.0059 13.1884 7
    endloop
  endfacet
  facet normal -0.612921 0.790144 0
    outer loop
      vertex 82.2366 15.4271 2
      vertex 82.0877 15.3115 7
      vertex 82.2366 15.4271 7
    endloop
  endfacet
  facet normal -0.612921 0.790144 0
    outer loop
      vertex 82.0877 15.3115 7
      vertex 82.2366 15.4271 2
      vertex 82.0877 15.3115 2
    endloop
  endfacet
  facet normal -0.661303 0.750119 0
    outer loop
      vertex 82.0877 15.3115 2
      vertex 81.9464 15.1869 7
      vertex 82.0877 15.3115 7
    endloop
  endfacet
  facet normal -0.661303 0.750119 0
    outer loop
      vertex 81.9464 15.1869 7
      vertex 82.0877 15.3115 2
      vertex 81.9464 15.1869 2
    endloop
  endfacet
  facet normal -0.156434 0.987688 0
    outer loop
      vertex 83.624 15.9763 2
      vertex 83.4379 15.9469 7
      vertex 83.624 15.9763 7
    endloop
  endfacet
  facet normal -0.156434 0.987688 0
    outer loop
      vertex 83.4379 15.9469 7
      vertex 83.624 15.9763 2
      vertex 83.4379 15.9469 2
    endloop
  endfacet
  facet normal 0.661303 -0.750119 0
    outer loop
      vertex 85.9123 10.6885 2
      vertex 86.0536 10.8131 7
      vertex 85.9123 10.6885 7
    endloop
  endfacet
  facet normal 0.661303 -0.750119 0
    outer loop
      vertex 86.0536 10.8131 7
      vertex 85.9123 10.6885 2
      vertex 86.0536 10.8131 2
    endloop
  endfacet
  facet normal 0.790161 -0.6129 0
    outer loop
      vertex 86.3115 11.0877 7
      vertex 86.427 11.2366 2
      vertex 86.427 11.2366 7
    endloop
  endfacet
  facet normal 0.790161 -0.6129 0
    outer loop
      vertex 86.427 11.2366 2
      vertex 86.3115 11.0877 7
      vertex 86.3115 11.0877 2
    endloop
  endfacet
  facet normal -0.612921 -0.790144 0
    outer loop
      vertex 82.0877 10.6885 2
      vertex 82.2366 10.5729 7
      vertex 82.0877 10.6885 7
    endloop
  endfacet
  facet normal -0.612921 -0.790144 -0
    outer loop
      vertex 82.2366 10.5729 7
      vertex 82.0877 10.6885 2
      vertex 82.2366 10.5729 2
    endloop
  endfacet
  facet normal -0.45399 -0.891007 0
    outer loop
      vertex 82.5547 10.3711 2
      vertex 82.7227 10.2855 7
      vertex 82.5547 10.3711 7
    endloop
  endfacet
  facet normal -0.45399 -0.891007 -0
    outer loop
      vertex 82.7227 10.2855 7
      vertex 82.5547 10.3711 2
      vertex 82.7227 10.2855 2
    endloop
  endfacet
  facet normal -0.0941094 -0.995562 0
    outer loop
      vertex 83.624 10.0237 2
      vertex 83.8116 10.0059 7
      vertex 83.624 10.0237 7
    endloop
  endfacet
  facet normal -0.0941094 -0.995562 -0
    outer loop
      vertex 83.8116 10.0059 7
      vertex 83.624 10.0237 2
      vertex 83.8116 10.0059 2
    endloop
  endfacet
  facet normal -0.860734 -0.509055 0
    outer loop
      vertex 81.467 11.3925 2
      vertex 81.3711 11.5547 7
      vertex 81.3711 11.5547 2
    endloop
  endfacet
  facet normal -0.860734 -0.509055 0
    outer loop
      vertex 81.3711 11.5547 7
      vertex 81.467 11.3925 2
      vertex 81.467 11.3925 7
    endloop
  endfacet
  facet normal 0.98769 0.156422 0
    outer loop
      vertex 86.9763 13.376 7
      vertex 86.9469 13.5621 2
      vertex 86.9469 13.5621 7
    endloop
  endfacet
  facet normal 0.98769 0.156422 0
    outer loop
      vertex 86.9469 13.5621 2
      vertex 86.9763 13.376 7
      vertex 86.9763 13.376 2
    endloop
  endfacet
  facet normal 0.995561 0.0941199 0
    outer loop
      vertex 86.9941 13.1884 7
      vertex 86.9763 13.376 2
      vertex 86.9763 13.376 7
    endloop
  endfacet
  facet normal 0.995561 0.0941199 0
    outer loop
      vertex 86.9763 13.376 2
      vertex 86.9941 13.1884 7
      vertex 86.9941 13.1884 2
    endloop
  endfacet
  facet normal 0.960302 0.278962 0
    outer loop
      vertex 86.9057 13.7461 7
      vertex 86.8532 13.9271 2
      vertex 86.8532 13.9271 7
    endloop
  endfacet
  facet normal 0.960302 0.278962 0
    outer loop
      vertex 86.8532 13.9271 2
      vertex 86.9057 13.7461 7
      vertex 86.9057 13.7461 2
    endloop
  endfacet
  facet normal 0.975914 0.218156 0
    outer loop
      vertex 86.9469 13.5621 7
      vertex 86.9057 13.7461 2
      vertex 86.9057 13.7461 7
    endloop
  endfacet
  facet normal 0.975914 0.218156 0
    outer loop
      vertex 86.9057 13.7461 2
      vertex 86.9469 13.5621 7
      vertex 86.9469 13.5621 2
    endloop
  endfacet
  facet normal 0.917747 0.397165 0
    outer loop
      vertex 86.7893 14.1044 7
      vertex 86.7145 14.2773 2
      vertex 86.7145 14.2773 7
    endloop
  endfacet
  facet normal 0.917747 0.397165 0
    outer loop
      vertex 86.7145 14.2773 2
      vertex 86.7893 14.1044 7
      vertex 86.7893 14.1044 2
    endloop
  endfacet
  facet normal 0.75011 0.661313 0
    outer loop
      vertex 86.3115 14.9123 7
      vertex 86.1869 15.0536 2
      vertex 86.1869 15.0536 7
    endloop
  endfacet
  facet normal 0.75011 0.661313 0
    outer loop
      vertex 86.1869 15.0536 2
      vertex 86.3115 14.9123 7
      vertex 86.3115 14.9123 2
    endloop
  endfacet
  facet normal 0.827077 0.562089 0
    outer loop
      vertex 86.533 14.6075 7
      vertex 86.427 14.7634 2
      vertex 86.427 14.7634 7
    endloop
  endfacet
  facet normal 0.827077 0.562089 0
    outer loop
      vertex 86.427 14.7634 2
      vertex 86.533 14.6075 7
      vertex 86.533 14.6075 2
    endloop
  endfacet
  facet normal 0.860734 0.509055 0
    outer loop
      vertex 86.6289 14.4453 7
      vertex 86.533 14.6075 2
      vertex 86.533 14.6075 7
    endloop
  endfacet
  facet normal 0.860734 0.509055 0
    outer loop
      vertex 86.533 14.6075 2
      vertex 86.6289 14.4453 7
      vertex 86.6289 14.4453 2
    endloop
  endfacet
  facet normal 0.218137 0.975918 -0
    outer loop
      vertex 84.7461 15.9057 2
      vertex 84.5621 15.9469 7
      vertex 84.7461 15.9057 7
    endloop
  endfacet
  facet normal 0.218137 0.975918 0
    outer loop
      vertex 84.5621 15.9469 7
      vertex 84.7461 15.9057 2
      vertex 84.5621 15.9469 2
    endloop
  endfacet
  facet normal 0.0941094 0.995562 -0
    outer loop
      vertex 84.376 15.9763 2
      vertex 84.1884 15.9941 7
      vertex 84.376 15.9763 7
    endloop
  endfacet
  facet normal 0.0941094 0.995562 0
    outer loop
      vertex 84.1884 15.9941 7
      vertex 84.376 15.9763 2
      vertex 84.1884 15.9941 2
    endloop
  endfacet
  facet normal 0.0314142 0.999506 -0
    outer loop
      vertex 84.1884 15.9941 2
      vertex 84 16 7
      vertex 84.1884 15.9941 7
    endloop
  endfacet
  facet normal 0.0314142 0.999506 0
    outer loop
      vertex 84 16 7
      vertex 84.1884 15.9941 2
      vertex 84 16 2
    endloop
  endfacet
  facet normal 0.338742 0.940879 -0
    outer loop
      vertex 85.1044 15.7893 2
      vertex 84.927 15.8532 7
      vertex 85.1044 15.7893 7
    endloop
  endfacet
  facet normal 0.338742 0.940879 0
    outer loop
      vertex 84.927 15.8532 7
      vertex 85.1044 15.7893 2
      vertex 84.927 15.8532 2
    endloop
  endfacet
  facet normal 0.45399 0.891007 -0
    outer loop
      vertex 85.4453 15.6289 2
      vertex 85.2773 15.7145 7
      vertex 85.4453 15.6289 7
    endloop
  endfacet
  facet normal 0.45399 0.891007 0
    outer loop
      vertex 85.2773 15.7145 7
      vertex 85.4453 15.6289 2
      vertex 85.2773 15.7145 2
    endloop
  endfacet
  facet normal 0.509033 0.860747 -0
    outer loop
      vertex 85.6075 15.533 2
      vertex 85.4453 15.6289 7
      vertex 85.6075 15.533 7
    endloop
  endfacet
  facet normal 0.509033 0.860747 0
    outer loop
      vertex 85.4453 15.6289 7
      vertex 85.6075 15.533 2
      vertex 85.4453 15.6289 2
    endloop
  endfacet
  facet normal 0.562098 0.82707 -0
    outer loop
      vertex 85.7634 15.4271 2
      vertex 85.6075 15.533 7
      vertex 85.7634 15.4271 7
    endloop
  endfacet
  facet normal 0.562098 0.82707 0
    outer loop
      vertex 85.6075 15.533 7
      vertex 85.7634 15.4271 2
      vertex 85.6075 15.533 2
    endloop
  endfacet
  facet normal -0.940876 0.338751 0
    outer loop
      vertex 81.1468 13.9271 2
      vertex 81.2107 14.1044 7
      vertex 81.2107 14.1044 2
    endloop
  endfacet
  facet normal -0.940876 0.338751 0
    outer loop
      vertex 81.2107 14.1044 7
      vertex 81.1468 13.9271 2
      vertex 81.1468 13.9271 7
    endloop
  endfacet
  facet normal -0.917747 0.397165 0
    outer loop
      vertex 81.2107 14.1044 2
      vertex 81.2855 14.2773 7
      vertex 81.2855 14.2773 2
    endloop
  endfacet
  facet normal -0.917747 0.397165 0
    outer loop
      vertex 81.2855 14.2773 7
      vertex 81.2107 14.1044 2
      vertex 81.2107 14.1044 7
    endloop
  endfacet
  facet normal -0.975914 0.218156 0
    outer loop
      vertex 81.0531 13.5621 2
      vertex 81.0943 13.7461 7
      vertex 81.0943 13.7461 2
    endloop
  endfacet
  facet normal -0.975914 0.218156 0
    outer loop
      vertex 81.0943 13.7461 7
      vertex 81.0531 13.5621 2
      vertex 81.0531 13.5621 7
    endloop
  endfacet
  facet normal -0.999506 0.0314141 0
    outer loop
      vertex 81 13 2
      vertex 81.0059 13.1884 7
      vertex 81.0059 13.1884 2
    endloop
  endfacet
  facet normal -0.999506 0.0314141 0
    outer loop
      vertex 81.0059 13.1884 7
      vertex 81 13 2
      vertex 81 13 7
    endloop
  endfacet
  facet normal 0 0 1
    outer loop
      vertex 85.5 13 7
      vertex 87 13 7
      vertex 86.9941 13.1884 7
    endloop
  endfacet
  facet normal 0 0 1
    outer loop
      vertex 85.497 13.0942 7
      vertex 86.9941 13.1884 7
      vertex 86.9763 13.376 7
    endloop
  endfacet
  facet normal 0 0 1
    outer loop
      vertex 87 13 7
      vertex 85.5 13 7
      vertex 86.9941 12.8116 7
    endloop
  endfacet
  facet normal 0 0 1
    outer loop
      vertex 85.4882 13.188 7
      vertex 86.9763 13.376 7
      vertex 86.9469 13.5621 7
    endloop
  endfacet
  facet normal -0 0 1
    outer loop
      vertex 85.497 12.9058 7
      vertex 86.9941 12.8116 7
      vertex 85.5 13 7
    endloop
  endfacet
  facet normal 0 0 1
    outer loop
      vertex 85.4734 13.2811 7
      vertex 86.9469 13.5621 7
      vertex 86.9057 13.7461 7
    endloop
  endfacet
  facet normal 0 0 1
    outer loop
      vertex 86.9941 12.8116 7
      vertex 85.497 12.9058 7
      vertex 86.9763 12.624 7
    endloop
  endfacet
  facet normal 0 0 1
    outer loop
      vertex 85.4529 13.373 7
      vertex 86.9057 13.7461 7
      vertex 86.8532 13.9271 7
    endloop
  endfacet
  facet normal -0 0 1
    outer loop
      vertex 85.4882 12.812 7
      vertex 86.9763 12.624 7
      vertex 85.497 12.9058 7
    endloop
  endfacet
  facet normal 0 0 1
    outer loop
      vertex 85.4266 13.4635 7
      vertex 86.8532 13.9271 7
      vertex 86.7893 14.1044 7
    endloop
  endfacet
  facet normal 0 0 1
    outer loop
      vertex 86.9763 12.624 7
      vertex 85.4882 12.812 7
      vertex 86.9469 12.4379 7
    endloop
  endfacet
  facet normal 0 0 1
    outer loop
      vertex 85.3947 13.5522 7
      vertex 86.7893 14.1044 7
      vertex 86.7145 14.2773 7
    endloop
  endfacet
  facet normal -0 0 1
    outer loop
      vertex 85.4734 12.7189 7
      vertex 86.9469 12.4379 7
      vertex 85.4882 12.812 7
    endloop
  endfacet
  facet normal 0 0 1
    outer loop
      vertex 85.3572 13.6387 7
      vertex 86.7145 14.2773 7
      vertex 86.6289 14.4453 7
    endloop
  endfacet
  facet normal 0 0 1
    outer loop
      vertex 86.9469 12.4379 7
      vertex 85.4734 12.7189 7
      vertex 86.9057 12.2539 7
    endloop
  endfacet
  facet normal 0 0 1
    outer loop
      vertex 85.3145 13.7226 7
      vertex 86.6289 14.4453 7
      vertex 86.533 14.6075 7
    endloop
  endfacet
  facet normal -0 0 1
    outer loop
      vertex 85.4529 12.627 7
      vertex 86.9057 12.2539 7
      vertex 85.4734 12.7189 7
    endloop
  endfacet
  facet normal 0 0 1
    outer loop
      vertex 85.2665 13.8037 7
      vertex 86.533 14.6075 7
      vertex 86.427 14.7634 7
    endloop
  endfacet
  facet normal 0 0 1
    outer loop
      vertex 86.9057 12.2539 7
      vertex 85.4529 12.627 7
      vertex 86.8532 12.0729 7
    endloop
  endfacet
  facet normal 0 0 1
    outer loop
      vertex 85.2135 13.8817 7
      vertex 86.427 14.7634 7
      vertex 86.3115 14.9123 7
    endloop
  endfacet
  facet normal -0 0 1
    outer loop
      vertex 85.4266 12.5365 7
      vertex 86.8532 12.0729 7
      vertex 85.4529 12.627 7
    endloop
  endfacet
  facet normal 0 0 1
    outer loop
      vertex 85.1558 13.9561 7
      vertex 86.3115 14.9123 7
      vertex 86.1869 15.0536 7
    endloop
  endfacet
  facet normal 0 0 1
    outer loop
      vertex 86.8532 12.0729 7
      vertex 85.4266 12.5365 7
      vertex 86.7893 11.8956 7
    endloop
  endfacet
  facet normal 0 0 1
    outer loop
      vertex 85.0935 14.0268 7
      vertex 86.1869 15.0536 7
      vertex 86.0536 15.1869 7
    endloop
  endfacet
  facet normal -0 0 1
    outer loop
      vertex 85.3947 12.4478 7
      vertex 86.7893 11.8956 7
      vertex 85.4266 12.5365 7
    endloop
  endfacet
  facet normal 0 0 1
    outer loop
      vertex 85.0268 14.0935 7
      vertex 86.0536 15.1869 7
      vertex 85.9123 15.3115 7
    endloop
  endfacet
  facet normal 0 0 1
    outer loop
      vertex 86.7893 11.8956 7
      vertex 85.3947 12.4478 7
      vertex 86.7145 11.7227 7
    endloop
  endfacet
  facet normal 0 0 1
    outer loop
      vertex 84.9561 14.1558 7
      vertex 85.9123 15.3115 7
      vertex 85.7634 15.4271 7
    endloop
  endfacet
  facet normal -0 0 1
    outer loop
      vertex 85.3572 12.3613 7
      vertex 86.7145 11.7227 7
      vertex 85.3947 12.4478 7
    endloop
  endfacet
  facet normal 0 0 1
    outer loop
      vertex 84.8817 14.2135 7
      vertex 85.7634 15.4271 7
      vertex 85.6075 15.533 7
    endloop
  endfacet
  facet normal 0 0 1
    outer loop
      vertex 86.7145 11.7227 7
      vertex 85.3572 12.3613 7
      vertex 86.6289 11.5547 7
    endloop
  endfacet
  facet normal -0 0 1
    outer loop
      vertex 85.3145 12.2774 7
      vertex 86.6289 11.5547 7
      vertex 85.3572 12.3613 7
    endloop
  endfacet
  facet normal 0 0 1
    outer loop
      vertex 86.9941 13.1884 7
      vertex 85.497 13.0942 7
      vertex 85.5 13 7
    endloop
  endfacet
  facet normal 0 0 1
    outer loop
      vertex 86.9763 13.376 7
      vertex 85.4882 13.188 7
      vertex 85.497 13.0942 7
    endloop
  endfacet
  facet normal 0 0 1
    outer loop
      vertex 86.9469 13.5621 7
      vertex 85.4734 13.2811 7
      vertex 85.4882 13.188 7
    endloop
  endfacet
  facet normal 0 0 1
    outer loop
      vertex 86.9057 13.7461 7
      vertex 85.4529 13.373 7
      vertex 85.4734 13.2811 7
    endloop
  endfacet
  facet normal 0 0 1
    outer loop
      vertex 84.8037 14.2665 7
      vertex 85.6075 15.533 7
      vertex 85.4453 15.6289 7
    endloop
  endfacet
  facet normal 0 0 1
    outer loop
      vertex 86.8532 13.9271 7
      vertex 85.4266 13.4635 7
      vertex 85.4529 13.373 7
    endloop
  endfacet
  facet normal 0 0 1
    outer loop
      vertex 86.7893 14.1044 7
      vertex 85.3947 13.5522 7
      vertex 85.4266 13.4635 7
    endloop
  endfacet
  facet normal 0 0 1
    outer loop
      vertex 86.7145 14.2773 7
      vertex 85.3572 13.6387 7
      vertex 85.3947 13.5522 7
    endloop
  endfacet
  facet normal 0 0 1
    outer loop
      vertex 86.6289 14.4453 7
      vertex 85.3145 13.7226 7
      vertex 85.3572 13.6387 7
    endloop
  endfacet
  facet normal 0 0 1
    outer loop
      vertex 84.7226 14.3145 7
      vertex 85.4453 15.6289 7
      vertex 85.2773 15.7145 7
    endloop
  endfacet
  facet normal 0 0 1
    outer loop
      vertex 86.533 14.6075 7
      vertex 85.2665 13.8037 7
      vertex 85.3145 13.7226 7
    endloop
  endfacet
  facet normal 0 0 1
    outer loop
      vertex 86.427 14.7634 7
      vertex 85.2135 13.8817 7
      vertex 85.2665 13.8037 7
    endloop
  endfacet
  facet normal 0 0 1
    outer loop
      vertex 86.3115 14.9123 7
      vertex 85.1558 13.9561 7
      vertex 85.2135 13.8817 7
    endloop
  endfacet
  facet normal 0 0 1
    outer loop
      vertex 84.6387 14.3572 7
      vertex 85.2773 15.7145 7
      vertex 85.1044 15.7893 7
    endloop
  endfacet
  facet normal 0 0 1
    outer loop
      vertex 86.1869 15.0536 7
      vertex 85.0935 14.0268 7
      vertex 85.1558 13.9561 7
    endloop
  endfacet
  facet normal 0 0 1
    outer loop
      vertex 86.0536 15.1869 7
      vertex 85.0268 14.0935 7
      vertex 85.0935 14.0268 7
    endloop
  endfacet
  facet normal 0 0 1
    outer loop
      vertex 85.9123 15.3115 7
      vertex 84.9561 14.1558 7
      vertex 85.0268 14.0935 7
    endloop
  endfacet
  facet normal 0 0 1
    outer loop
      vertex 84.5522 14.3947 7
      vertex 85.1044 15.7893 7
      vertex 84.927 15.8532 7
    endloop
  endfacet
  facet normal 0 0 1
    outer loop
      vertex 85.7634 15.4271 7
      vertex 84.8817 14.2135 7
      vertex 84.9561 14.1558 7
    endloop
  endfacet
  facet normal 0 0 1
    outer loop
      vertex 85.6075 15.533 7
      vertex 84.8037 14.2665 7
      vertex 84.8817 14.2135 7
    endloop
  endfacet
  facet normal 0 0 1
    outer loop
      vertex 84.4635 14.4266 7
      vertex 84.927 15.8532 7
      vertex 84.7461 15.9057 7
    endloop
  endfacet
  facet normal 0 0 1
    outer loop
      vertex 85.4453 15.6289 7
      vertex 84.7226 14.3145 7
      vertex 84.8037 14.2665 7
    endloop
  endfacet
  facet normal 0 0 1
    outer loop
      vertex 85.2773 15.7145 7
      vertex 84.6387 14.3572 7
      vertex 84.7226 14.3145 7
    endloop
  endfacet
  facet normal 0 0 1
    outer loop
      vertex 84.373 14.4529 7
      vertex 84.7461 15.9057 7
      vertex 84.5621 15.9469 7
    endloop
  endfacet
  facet normal 0 0 1
    outer loop
      vertex 85.1044 15.7893 7
      vertex 84.5522 14.3947 7
      vertex 84.6387 14.3572 7
    endloop
  endfacet
  facet normal 0 0 1
    outer loop
      vertex 84.927 15.8532 7
      vertex 84.4635 14.4266 7
      vertex 84.5522 14.3947 7
    endloop
  endfacet
  facet normal 0 0 1
    outer loop
      vertex 84.2811 14.4734 7
      vertex 84.5621 15.9469 7
      vertex 84.376 15.9763 7
    endloop
  endfacet
  facet normal 0 0 1
    outer loop
      vertex 84.7461 15.9057 7
      vertex 84.373 14.4529 7
      vertex 84.4635 14.4266 7
    endloop
  endfacet
  facet normal 0 0 1
    outer loop
      vertex 84.5621 15.9469 7
      vertex 84.2811 14.4734 7
      vertex 84.373 14.4529 7
    endloop
  endfacet
  facet normal 0 0 1
    outer loop
      vertex 84.188 14.4882 7
      vertex 84.376 15.9763 7
      vertex 84.1884 15.9941 7
    endloop
  endfacet
  facet normal 0 0 1
    outer loop
      vertex 84.376 15.9763 7
      vertex 84.188 14.4882 7
      vertex 84.2811 14.4734 7
    endloop
  endfacet
  facet normal 0 0 1
    outer loop
      vertex 84.1884 15.9941 7
      vertex 84.0942 14.497 7
      vertex 84.188 14.4882 7
    endloop
  endfacet
  facet normal 0 0 1
    outer loop
      vertex 84 16 7
      vertex 84.0942 14.497 7
      vertex 84.1884 15.9941 7
    endloop
  endfacet
  facet normal 0 0 1
    outer loop
      vertex 84 16 7
      vertex 84 14.5 7
      vertex 84.0942 14.497 7
    endloop
  endfacet
  facet normal 0 0 1
    outer loop
      vertex 84 16 7
      vertex 83.9058 14.497 7
      vertex 84 14.5 7
    endloop
  endfacet
  facet normal -0 0 1
    outer loop
      vertex 83.8116 15.9941 7
      vertex 83.9058 14.497 7
      vertex 84 16 7
    endloop
  endfacet
  facet normal 0 0 1
    outer loop
      vertex 83.9058 14.497 7
      vertex 83.8116 15.9941 7
      vertex 83.812 14.4882 7
    endloop
  endfacet
  facet normal -0 0 1
    outer loop
      vertex 83.624 15.9763 7
      vertex 83.812 14.4882 7
      vertex 83.8116 15.9941 7
    endloop
  endfacet
  facet normal 0 0 1
    outer loop
      vertex 83.812 14.4882 7
      vertex 83.624 15.9763 7
      vertex 83.7189 14.4734 7
    endloop
  endfacet
  facet normal -0 0 1
    outer loop
      vertex 83.4379 15.9469 7
      vertex 83.7189 14.4734 7
      vertex 83.624 15.9763 7
    endloop
  endfacet
  facet normal 0 0 1
    outer loop
      vertex 83.7189 14.4734 7
      vertex 83.4379 15.9469 7
      vertex 83.627 14.4529 7
    endloop
  endfacet
  facet normal -0 0 1
    outer loop
      vertex 83.2539 15.9057 7
      vertex 83.627 14.4529 7
      vertex 83.4379 15.9469 7
    endloop
  endfacet
  facet normal 0 0 1
    outer loop
      vertex 83.627 14.4529 7
      vertex 83.2539 15.9057 7
      vertex 83.5365 14.4266 7
    endloop
  endfacet
  facet normal -0 0 1
    outer loop
      vertex 83.073 15.8532 7
      vertex 83.5365 14.4266 7
      vertex 83.2539 15.9057 7
    endloop
  endfacet
  facet normal 0 0 1
    outer loop
      vertex 83.5365 14.4266 7
      vertex 83.073 15.8532 7
      vertex 83.4478 14.3947 7
    endloop
  endfacet
  facet normal -0 0 1
    outer loop
      vertex 82.8956 15.7893 7
      vertex 83.4478 14.3947 7
      vertex 83.073 15.8532 7
    endloop
  endfacet
  facet normal 0 0 1
    outer loop
      vertex 83.4478 14.3947 7
      vertex 82.8956 15.7893 7
      vertex 83.3613 14.3572 7
    endloop
  endfacet
  facet normal -0 0 1
    outer loop
      vertex 82.7227 15.7145 7
      vertex 83.3613 14.3572 7
      vertex 82.8956 15.7893 7
    endloop
  endfacet
  facet normal 0 0 1
    outer loop
      vertex 83.3613 14.3572 7
      vertex 82.7227 15.7145 7
      vertex 83.2774 14.3145 7
    endloop
  endfacet
  facet normal -0 0 1
    outer loop
      vertex 82.5547 15.6289 7
      vertex 83.2774 14.3145 7
      vertex 82.7227 15.7145 7
    endloop
  endfacet
  facet normal 0 0 1
    outer loop
      vertex 83.2774 14.3145 7
      vertex 82.5547 15.6289 7
      vertex 83.1963 14.2665 7
    endloop
  endfacet
  facet normal -0 0 1
    outer loop
      vertex 82.3925 15.533 7
      vertex 83.1963 14.2665 7
      vertex 82.5547 15.6289 7
    endloop
  endfacet
  facet normal 0 0 1
    outer loop
      vertex 83.1963 14.2665 7
      vertex 82.3925 15.533 7
      vertex 83.1183 14.2135 7
    endloop
  endfacet
  facet normal -0 0 1
    outer loop
      vertex 82.2366 15.4271 7
      vertex 83.1183 14.2135 7
      vertex 82.3925 15.533 7
    endloop
  endfacet
  facet normal 0 0 1
    outer loop
      vertex 83.1183 14.2135 7
      vertex 82.2366 15.4271 7
      vertex 83.0439 14.1558 7
    endloop
  endfacet
  facet normal -0 0 1
    outer loop
      vertex 82.0877 15.3115 7
      vertex 83.0439 14.1558 7
      vertex 82.2366 15.4271 7
    endloop
  endfacet
  facet normal 0 0 1
    outer loop
      vertex 83.0439 14.1558 7
      vertex 82.0877 15.3115 7
      vertex 82.9732 14.0935 7
    endloop
  endfacet
  facet normal -0 0 1
    outer loop
      vertex 81.9464 15.1869 7
      vertex 82.9732 14.0935 7
      vertex 82.0877 15.3115 7
    endloop
  endfacet
  facet normal 0 0 1
    outer loop
      vertex 82.9732 14.0935 7
      vertex 81.9464 15.1869 7
      vertex 82.9065 14.0268 7
    endloop
  endfacet
  facet normal -0 0 1
    outer loop
      vertex 81.8131 15.0536 7
      vertex 82.9065 14.0268 7
      vertex 81.9464 15.1869 7
    endloop
  endfacet
  facet normal 0 0 1
    outer loop
      vertex 82.9065 14.0268 7
      vertex 81.8131 15.0536 7
      vertex 82.8442 13.9561 7
    endloop
  endfacet
  facet normal -0 0 1
    outer loop
      vertex 81.6885 14.9123 7
      vertex 82.8442 13.9561 7
      vertex 81.8131 15.0536 7
    endloop
  endfacet
  facet normal 0 0 1
    outer loop
      vertex 82.8442 13.9561 7
      vertex 81.6885 14.9123 7
      vertex 82.7865 13.8817 7
    endloop
  endfacet
  facet normal -0 0 1
    outer loop
      vertex 81.573 14.7634 7
      vertex 82.7865 13.8817 7
      vertex 81.6885 14.9123 7
    endloop
  endfacet
  facet normal 0 0 1
    outer loop
      vertex 82.7865 13.8817 7
      vertex 81.573 14.7634 7
      vertex 82.7335 13.8037 7
    endloop
  endfacet
  facet normal -0 0 1
    outer loop
      vertex 81.467 14.6075 7
      vertex 82.7335 13.8037 7
      vertex 81.573 14.7634 7
    endloop
  endfacet
  facet normal 0 0 1
    outer loop
      vertex 82.7335 13.8037 7
      vertex 81.467 14.6075 7
      vertex 82.6855 13.7226 7
    endloop
  endfacet
  facet normal -0 0 1
    outer loop
      vertex 81.3711 14.4453 7
      vertex 82.6855 13.7226 7
      vertex 81.467 14.6075 7
    endloop
  endfacet
  facet normal 0 0 1
    outer loop
      vertex 86.6289 11.5547 7
      vertex 85.3145 12.2774 7
      vertex 86.533 11.3925 7
    endloop
  endfacet
  facet normal -0 0 1
    outer loop
      vertex 85.2665 12.1963 7
      vertex 86.533 11.3925 7
      vertex 85.3145 12.2774 7
    endloop
  endfacet
  facet normal 0 0 1
    outer loop
      vertex 86.533 11.3925 7
      vertex 85.2665 12.1963 7
      vertex 86.427 11.2366 7
    endloop
  endfacet
  facet normal -0 0 1
    outer loop
      vertex 85.2135 12.1183 7
      vertex 86.427 11.2366 7
      vertex 85.2665 12.1963 7
    endloop
  endfacet
  facet normal 0 0 1
    outer loop
      vertex 86.427 11.2366 7
      vertex 85.2135 12.1183 7
      vertex 86.3115 11.0877 7
    endloop
  endfacet
  facet normal -0 0 1
    outer loop
      vertex 85.1558 12.0439 7
      vertex 86.3115 11.0877 7
      vertex 85.2135 12.1183 7
    endloop
  endfacet
  facet normal 0 0 1
    outer loop
      vertex 86.3115 11.0877 7
      vertex 85.1558 12.0439 7
      vertex 86.1869 10.9464 7
    endloop
  endfacet
  facet normal -0 0 1
    outer loop
      vertex 85.0935 11.9732 7
      vertex 86.1869 10.9464 7
      vertex 85.1558 12.0439 7
    endloop
  endfacet
  facet normal 0 0 1
    outer loop
      vertex 86.1869 10.9464 7
      vertex 85.0935 11.9732 7
      vertex 86.0536 10.8131 7
    endloop
  endfacet
  facet normal -0 0 1
    outer loop
      vertex 85.0268 11.9065 7
      vertex 86.0536 10.8131 7
      vertex 85.0935 11.9732 7
    endloop
  endfacet
  facet normal 0 0 1
    outer loop
      vertex 86.0536 10.8131 7
      vertex 85.0268 11.9065 7
      vertex 85.9123 10.6885 7
    endloop
  endfacet
  facet normal -0 0 1
    outer loop
      vertex 84.9561 11.8442 7
      vertex 85.9123 10.6885 7
      vertex 85.0268 11.9065 7
    endloop
  endfacet
  facet normal 0 0 1
    outer loop
      vertex 85.9123 10.6885 7
      vertex 84.9561 11.8442 7
      vertex 85.7634 10.5729 7
    endloop
  endfacet
  facet normal -0 0 1
    outer loop
      vertex 84.8817 11.7865 7
      vertex 85.7634 10.5729 7
      vertex 84.9561 11.8442 7
    endloop
  endfacet
  facet normal 0 0 1
    outer loop
      vertex 85.7634 10.5729 7
      vertex 84.8817 11.7865 7
      vertex 85.6075 10.467 7
    endloop
  endfacet
  facet normal -0 0 1
    outer loop
      vertex 84.8037 11.7335 7
      vertex 85.6075 10.467 7
      vertex 84.8817 11.7865 7
    endloop
  endfacet
  facet normal 0 0 1
    outer loop
      vertex 85.6075 10.467 7
      vertex 84.8037 11.7335 7
      vertex 85.4453 10.3711 7
    endloop
  endfacet
  facet normal -0 0 1
    outer loop
      vertex 84.7226 11.6855 7
      vertex 85.4453 10.3711 7
      vertex 84.8037 11.7335 7
    endloop
  endfacet
  facet normal 0 0 1
    outer loop
      vertex 85.4453 10.3711 7
      vertex 84.7226 11.6855 7
      vertex 85.2773 10.2855 7
    endloop
  endfacet
  facet normal -0 0 1
    outer loop
      vertex 84.6387 11.6428 7
      vertex 85.2773 10.2855 7
      vertex 84.7226 11.6855 7
    endloop
  endfacet
  facet normal 0 0 1
    outer loop
      vertex 85.2773 10.2855 7
      vertex 84.6387 11.6428 7
      vertex 85.1044 10.2107 7
    endloop
  endfacet
  facet normal -0 0 1
    outer loop
      vertex 84.5522 11.6053 7
      vertex 85.1044 10.2107 7
      vertex 84.6387 11.6428 7
    endloop
  endfacet
  facet normal 0 0 1
    outer loop
      vertex 85.1044 10.2107 7
      vertex 84.5522 11.6053 7
      vertex 84.927 10.1468 7
    endloop
  endfacet
  facet normal -0 0 1
    outer loop
      vertex 84.4635 11.5734 7
      vertex 84.927 10.1468 7
      vertex 84.5522 11.6053 7
    endloop
  endfacet
  facet normal 0 0 1
    outer loop
      vertex 84.927 10.1468 7
      vertex 84.4635 11.5734 7
      vertex 84.7461 10.0942 7
    endloop
  endfacet
  facet normal -0 0 1
    outer loop
      vertex 84.373 11.5471 7
      vertex 84.7461 10.0942 7
      vertex 84.4635 11.5734 7
    endloop
  endfacet
  facet normal 0 0 1
    outer loop
      vertex 84.7461 10.0942 7
      vertex 84.373 11.5471 7
      vertex 84.5621 10.0531 7
    endloop
  endfacet
  facet normal -0 0 1
    outer loop
      vertex 84.2811 11.5266 7
      vertex 84.5621 10.0531 7
      vertex 84.373 11.5471 7
    endloop
  endfacet
  facet normal 0 0 1
    outer loop
      vertex 84.5621 10.0531 7
      vertex 84.2811 11.5266 7
      vertex 84.376 10.0237 7
    endloop
  endfacet
  facet normal -0 0 1
    outer loop
      vertex 84.188 11.5118 7
      vertex 84.376 10.0237 7
      vertex 84.2811 11.5266 7
    endloop
  endfacet
  facet normal 0 0 1
    outer loop
      vertex 84.376 10.0237 7
      vertex 84.188 11.5118 7
      vertex 84.1884 10.0059 7
    endloop
  endfacet
  facet normal -0 0 1
    outer loop
      vertex 84.0942 11.503 7
      vertex 84.1884 10.0059 7
      vertex 84.188 11.5118 7
    endloop
  endfacet
  facet normal -0 0 1
    outer loop
      vertex 84 11.5 7
      vertex 84.1884 10.0059 7
      vertex 84.0942 11.503 7
    endloop
  endfacet
  facet normal 0 0 1
    outer loop
      vertex 84 11.5 7
      vertex 84 10 7
      vertex 84.1884 10.0059 7
    endloop
  endfacet
  facet normal 0 0 1
    outer loop
      vertex 83.9058 11.503 7
      vertex 84 10 7
      vertex 84 11.5 7
    endloop
  endfacet
  facet normal 0 0 1
    outer loop
      vertex 83.8116 10.0059 7
      vertex 83.9058 11.503 7
      vertex 83.812 11.5118 7
    endloop
  endfacet
  facet normal 0 0 1
    outer loop
      vertex 83.9058 11.503 7
      vertex 83.8116 10.0059 7
      vertex 84 10 7
    endloop
  endfacet
  facet normal 0 0 1
    outer loop
      vertex 83.624 10.0237 7
      vertex 83.812 11.5118 7
      vertex 83.7189 11.5266 7
    endloop
  endfacet
  facet normal 0 0 1
    outer loop
      vertex 83.4379 10.0531 7
      vertex 83.7189 11.5266 7
      vertex 83.627 11.5471 7
    endloop
  endfacet
  facet normal 0 0 1
    outer loop
      vertex 83.812 11.5118 7
      vertex 83.624 10.0237 7
      vertex 83.8116 10.0059 7
    endloop
  endfacet
  facet normal 0 0 1
    outer loop
      vertex 83.2539 10.0942 7
      vertex 83.627 11.5471 7
      vertex 83.5365 11.5734 7
    endloop
  endfacet
  facet normal 0 0 1
    outer loop
      vertex 83.073 10.1468 7
      vertex 83.5365 11.5734 7
      vertex 83.4478 11.6053 7
    endloop
  endfacet
  facet normal 0 0 1
    outer loop
      vertex 83.7189 11.5266 7
      vertex 83.4379 10.0531 7
      vertex 83.624 10.0237 7
    endloop
  endfacet
  facet normal 0 0 1
    outer loop
      vertex 82.8956 10.2107 7
      vertex 83.4478 11.6053 7
      vertex 83.3613 11.6428 7
    endloop
  endfacet
  facet normal 0 0 1
    outer loop
      vertex 82.7227 10.2855 7
      vertex 83.3613 11.6428 7
      vertex 83.2774 11.6855 7
    endloop
  endfacet
  facet normal 0 0 1
    outer loop
      vertex 83.627 11.5471 7
      vertex 83.2539 10.0942 7
      vertex 83.4379 10.0531 7
    endloop
  endfacet
  facet normal 0 0 1
    outer loop
      vertex 82.5547 10.3711 7
      vertex 83.2774 11.6855 7
      vertex 83.1963 11.7335 7
    endloop
  endfacet
  facet normal 0 0 1
    outer loop
      vertex 82.3925 10.467 7
      vertex 83.1963 11.7335 7
      vertex 83.1183 11.7865 7
    endloop
  endfacet
  facet normal 0 0 1
    outer loop
      vertex 83.5365 11.5734 7
      vertex 83.073 10.1468 7
      vertex 83.2539 10.0942 7
    endloop
  endfacet
  facet normal 0 0 1
    outer loop
      vertex 82.2366 10.5729 7
      vertex 83.1183 11.7865 7
      vertex 83.0439 11.8442 7
    endloop
  endfacet
  facet normal 0 0 1
    outer loop
      vertex 82.0877 10.6885 7
      vertex 83.0439 11.8442 7
      vertex 82.9732 11.9065 7
    endloop
  endfacet
  facet normal 0 0 1
    outer loop
      vertex 81.9464 10.8131 7
      vertex 82.9732 11.9065 7
      vertex 82.9065 11.9732 7
    endloop
  endfacet
  facet normal 0 0 1
    outer loop
      vertex 83.4478 11.6053 7
      vertex 82.8956 10.2107 7
      vertex 83.073 10.1468 7
    endloop
  endfacet
  facet normal 0 0 1
    outer loop
      vertex 81.8131 10.9464 7
      vertex 82.9065 11.9732 7
      vertex 82.8442 12.0439 7
    endloop
  endfacet
  facet normal 0 0 1
    outer loop
      vertex 81.6885 11.0877 7
      vertex 82.8442 12.0439 7
      vertex 82.7865 12.1183 7
    endloop
  endfacet
  facet normal 0 0 1
    outer loop
      vertex 81.573 11.2366 7
      vertex 82.7865 12.1183 7
      vertex 82.7335 12.1963 7
    endloop
  endfacet
  facet normal 0 0 1
    outer loop
      vertex 83.3613 11.6428 7
      vertex 82.7227 10.2855 7
      vertex 82.8956 10.2107 7
    endloop
  endfacet
  facet normal 0 0 1
    outer loop
      vertex 81.467 11.3925 7
      vertex 82.7335 12.1963 7
      vertex 82.6855 12.2774 7
    endloop
  endfacet
  facet normal 0 0 1
    outer loop
      vertex 81.3711 11.5547 7
      vertex 82.6855 12.2774 7
      vertex 82.6428 12.3613 7
    endloop
  endfacet
  facet normal 0 0 1
    outer loop
      vertex 81.2855 11.7227 7
      vertex 82.6428 12.3613 7
      vertex 82.6053 12.4478 7
    endloop
  endfacet
  facet normal 0 0 1
    outer loop
      vertex 81.2107 11.8956 7
      vertex 82.6053 12.4478 7
      vertex 82.5734 12.5365 7
    endloop
  endfacet
  facet normal 0 0 1
    outer loop
      vertex 83.2774 11.6855 7
      vertex 82.5547 10.3711 7
      vertex 82.7227 10.2855 7
    endloop
  endfacet
  facet normal 0 0 1
    outer loop
      vertex 81.1468 12.0729 7
      vertex 82.5734 12.5365 7
      vertex 82.5471 12.627 7
    endloop
  endfacet
  facet normal 0 0 1
    outer loop
      vertex 81.0943 12.2539 7
      vertex 82.5471 12.627 7
      vertex 82.5266 12.7189 7
    endloop
  endfacet
  facet normal 0 0 1
    outer loop
      vertex 81.0531 12.4379 7
      vertex 82.5266 12.7189 7
      vertex 82.5118 12.812 7
    endloop
  endfacet
  facet normal 0 0 1
    outer loop
      vertex 81.0237 12.624 7
      vertex 82.5118 12.812 7
      vertex 82.503 12.9058 7
    endloop
  endfacet
  facet normal 0 0 1
    outer loop
      vertex 81.0059 12.8116 7
      vertex 82.503 12.9058 7
      vertex 82.5 13 7
    endloop
  endfacet
  facet normal 0 0 1
    outer loop
      vertex 82.6855 13.7226 7
      vertex 81.3711 14.4453 7
      vertex 82.6428 13.6387 7
    endloop
  endfacet
  facet normal 0 0 1
    outer loop
      vertex 83.1963 11.7335 7
      vertex 82.3925 10.467 7
      vertex 82.5547 10.3711 7
    endloop
  endfacet
  facet normal -0 0 1
    outer loop
      vertex 81.2855 14.2773 7
      vertex 82.6428 13.6387 7
      vertex 81.3711 14.4453 7
    endloop
  endfacet
  facet normal 0 0 1
    outer loop
      vertex 83.1183 11.7865 7
      vertex 82.2366 10.5729 7
      vertex 82.3925 10.467 7
    endloop
  endfacet
  facet normal 0 0 1
    outer loop
      vertex 82.6428 13.6387 7
      vertex 81.2855 14.2773 7
      vertex 82.6053 13.5522 7
    endloop
  endfacet
  facet normal 0 0 1
    outer loop
      vertex 83.0439 11.8442 7
      vertex 82.0877 10.6885 7
      vertex 82.2366 10.5729 7
    endloop
  endfacet
  facet normal -0 0 1
    outer loop
      vertex 81.2107 14.1044 7
      vertex 82.6053 13.5522 7
      vertex 81.2855 14.2773 7
    endloop
  endfacet
  facet normal 0 0 1
    outer loop
      vertex 82.9732 11.9065 7
      vertex 81.9464 10.8131 7
      vertex 82.0877 10.6885 7
    endloop
  endfacet
  facet normal 0 0 1
    outer loop
      vertex 82.6053 13.5522 7
      vertex 81.2107 14.1044 7
      vertex 82.5734 13.4635 7
    endloop
  endfacet
  facet normal 0 0 1
    outer loop
      vertex 82.9065 11.9732 7
      vertex 81.8131 10.9464 7
      vertex 81.9464 10.8131 7
    endloop
  endfacet
  facet normal -0 0 1
    outer loop
      vertex 81.1468 13.9271 7
      vertex 82.5734 13.4635 7
      vertex 81.2107 14.1044 7
    endloop
  endfacet
  facet normal 0 0 1
    outer loop
      vertex 82.8442 12.0439 7
      vertex 81.6885 11.0877 7
      vertex 81.8131 10.9464 7
    endloop
  endfacet
  facet normal 0 0 1
    outer loop
      vertex 82.5734 13.4635 7
      vertex 81.1468 13.9271 7
      vertex 82.5471 13.373 7
    endloop
  endfacet
  facet normal 0 0 1
    outer loop
      vertex 82.7865 12.1183 7
      vertex 81.573 11.2366 7
      vertex 81.6885 11.0877 7
    endloop
  endfacet
  facet normal -0 0 1
    outer loop
      vertex 81.0943 13.7461 7
      vertex 82.5471 13.373 7
      vertex 81.1468 13.9271 7
    endloop
  endfacet
  facet normal 0 0 1
    outer loop
      vertex 82.7335 12.1963 7
      vertex 81.467 11.3925 7
      vertex 81.573 11.2366 7
    endloop
  endfacet
  facet normal 0 0 1
    outer loop
      vertex 82.5471 13.373 7
      vertex 81.0943 13.7461 7
      vertex 82.5266 13.2811 7
    endloop
  endfacet
  facet normal 0 0 1
    outer loop
      vertex 82.6855 12.2774 7
      vertex 81.3711 11.5547 7
      vertex 81.467 11.3925 7
    endloop
  endfacet
  facet normal -0 0 1
    outer loop
      vertex 81.0531 13.5621 7
      vertex 82.5266 13.2811 7
      vertex 81.0943 13.7461 7
    endloop
  endfacet
  facet normal 0 0 1
    outer loop
      vertex 82.6428 12.3613 7
      vertex 81.2855 11.7227 7
      vertex 81.3711 11.5547 7
    endloop
  endfacet
  facet normal 0 0 1
    outer loop
      vertex 82.5266 13.2811 7
      vertex 81.0531 13.5621 7
      vertex 82.5118 13.188 7
    endloop
  endfacet
  facet normal 0 0 1
    outer loop
      vertex 82.6053 12.4478 7
      vertex 81.2107 11.8956 7
      vertex 81.2855 11.7227 7
    endloop
  endfacet
  facet normal -0 0 1
    outer loop
      vertex 81.0237 13.376 7
      vertex 82.5118 13.188 7
      vertex 81.0531 13.5621 7
    endloop
  endfacet
  facet normal 0 0 1
    outer loop
      vertex 82.5734 12.5365 7
      vertex 81.1468 12.0729 7
      vertex 81.2107 11.8956 7
    endloop
  endfacet
  facet normal 0 0 1
    outer loop
      vertex 82.5118 13.188 7
      vertex 81.0237 13.376 7
      vertex 82.503 13.0942 7
    endloop
  endfacet
  facet normal 0 0 1
    outer loop
      vertex 82.5471 12.627 7
      vertex 81.0943 12.2539 7
      vertex 81.1468 12.0729 7
    endloop
  endfacet
  facet normal -0 0 1
    outer loop
      vertex 81.0059 13.1884 7
      vertex 82.503 13.0942 7
      vertex 81.0237 13.376 7
    endloop
  endfacet
  facet normal 0 0 1
    outer loop
      vertex 82.5266 12.7189 7
      vertex 81.0531 12.4379 7
      vertex 81.0943 12.2539 7
    endloop
  endfacet
  facet normal 0 0 1
    outer loop
      vertex 82.503 13.0942 7
      vertex 81.0059 13.1884 7
      vertex 82.5 13 7
    endloop
  endfacet
  facet normal 0 0 1
    outer loop
      vertex 82.5118 12.812 7
      vertex 81.0237 12.624 7
      vertex 81.0531 12.4379 7
    endloop
  endfacet
  facet normal 0 0 1
    outer loop
      vertex 81 13 7
      vertex 82.5 13 7
      vertex 81.0059 13.1884 7
    endloop
  endfacet
  facet normal 0 0 1
    outer loop
      vertex 82.503 12.9058 7
      vertex 81.0059 12.8116 7
      vertex 81.0237 12.624 7
    endloop
  endfacet
  facet normal 0 0 1
    outer loop
      vertex 82.5 13 7
      vertex 81 13 7
      vertex 81.0059 12.8116 7
    endloop
  endfacet
  facet normal -0.509033 0.860747 0
    outer loop
      vertex 82.5547 15.6289 2
      vertex 82.3925 15.533 7
      vertex 82.5547 15.6289 7
    endloop
  endfacet
  facet normal -0.509033 0.860747 0
    outer loop
      vertex 82.3925 15.533 7
      vertex 82.5547 15.6289 2
      vertex 82.3925 15.533 2
    endloop
  endfacet
  facet normal -0.562079 0.827083 0
    outer loop
      vertex 82.3925 15.533 2
      vertex 82.2366 15.4271 7
      vertex 82.3925 15.533 7
    endloop
  endfacet
  facet normal -0.562079 0.827083 0
    outer loop
      vertex 82.2366 15.4271 7
      vertex 82.3925 15.533 2
      vertex 82.2366 15.4271 2
    endloop
  endfacet
  facet normal -0.338742 0.940879 0
    outer loop
      vertex 83.073 15.8532 2
      vertex 82.8956 15.7893 7
      vertex 83.073 15.8532 7
    endloop
  endfacet
  facet normal -0.338742 0.940879 0
    outer loop
      vertex 82.8956 15.7893 7
      vertex 83.073 15.8532 2
      vertex 82.8956 15.7893 2
    endloop
  endfacet
  facet normal -0.397144 0.917756 0
    outer loop
      vertex 82.8956 15.7893 2
      vertex 82.7227 15.7145 7
      vertex 82.8956 15.7893 7
    endloop
  endfacet
  facet normal -0.397144 0.917756 0
    outer loop
      vertex 82.7227 15.7145 7
      vertex 82.8956 15.7893 2
      vertex 82.7227 15.7145 2
    endloop
  endfacet
  facet normal -0.278997 0.960292 0
    outer loop
      vertex 83.2539 15.9057 2
      vertex 83.073 15.8532 7
      vertex 83.2539 15.9057 7
    endloop
  endfacet
  facet normal -0.278997 0.960292 0
    outer loop
      vertex 83.073 15.8532 7
      vertex 83.2539 15.9057 2
      vertex 83.073 15.8532 2
    endloop
  endfacet
  facet normal -0.0941094 0.995562 0
    outer loop
      vertex 83.8116 15.9941 2
      vertex 83.624 15.9763 7
      vertex 83.8116 15.9941 7
    endloop
  endfacet
  facet normal -0.0941094 0.995562 0
    outer loop
      vertex 83.624 15.9763 7
      vertex 83.8116 15.9941 2
      vertex 83.624 15.9763 2
    endloop
  endfacet
  facet normal 0.0941094 -0.995562 0
    outer loop
      vertex 84.1884 10.0059 2
      vertex 84.376 10.0237 7
      vertex 84.1884 10.0059 7
    endloop
  endfacet
  facet normal 0.0941094 -0.995562 0
    outer loop
      vertex 84.376 10.0237 7
      vertex 84.1884 10.0059 2
      vertex 84.376 10.0237 2
    endloop
  endfacet
  facet normal 0.218137 -0.975918 0
    outer loop
      vertex 84.5621 10.0531 2
      vertex 84.7461 10.0942 7
      vertex 84.5621 10.0531 7
    endloop
  endfacet
  facet normal 0.218137 -0.975918 0
    outer loop
      vertex 84.7461 10.0942 7
      vertex 84.5621 10.0531 2
      vertex 84.7461 10.0942 2
    endloop
  endfacet
  facet normal 0.45399 -0.891007 0
    outer loop
      vertex 85.2773 10.2855 2
      vertex 85.4453 10.3711 7
      vertex 85.2773 10.2855 7
    endloop
  endfacet
  facet normal 0.45399 -0.891007 0
    outer loop
      vertex 85.4453 10.3711 7
      vertex 85.2773 10.2855 2
      vertex 85.4453 10.3711 2
    endloop
  endfacet
  facet normal 0.612901 -0.79016 0
    outer loop
      vertex 85.7634 10.5729 2
      vertex 85.9123 10.6885 7
      vertex 85.7634 10.5729 7
    endloop
  endfacet
  facet normal 0.612901 -0.79016 0
    outer loop
      vertex 85.9123 10.6885 7
      vertex 85.7634 10.5729 2
      vertex 85.9123 10.6885 2
    endloop
  endfacet
  facet normal 0.509033 -0.860747 0
    outer loop
      vertex 85.4453 10.3711 2
      vertex 85.6075 10.467 7
      vertex 85.4453 10.3711 7
    endloop
  endfacet
  facet normal 0.509033 -0.860747 0
    outer loop
      vertex 85.6075 10.467 7
      vertex 85.4453 10.3711 2
      vertex 85.6075 10.467 2
    endloop
  endfacet
  facet normal 0.827077 -0.562089 0
    outer loop
      vertex 86.427 11.2366 7
      vertex 86.533 11.3925 2
      vertex 86.533 11.3925 7
    endloop
  endfacet
  facet normal 0.827077 -0.562089 0
    outer loop
      vertex 86.533 11.3925 2
      vertex 86.427 11.2366 7
      vertex 86.427 11.2366 2
    endloop
  endfacet
  facet normal 0.917747 -0.397165 0
    outer loop
      vertex 86.7145 11.7227 7
      vertex 86.7893 11.8956 2
      vertex 86.7893 11.8956 7
    endloop
  endfacet
  facet normal 0.917747 -0.397165 0
    outer loop
      vertex 86.7893 11.8956 2
      vertex 86.7145 11.7227 7
      vertex 86.7145 11.7227 2
    endloop
  endfacet
  facet normal 0.975914 -0.218156 0
    outer loop
      vertex 86.9057 12.2539 7
      vertex 86.9469 12.4379 2
      vertex 86.9469 12.4379 7
    endloop
  endfacet
  facet normal 0.975914 -0.218156 0
    outer loop
      vertex 86.9469 12.4379 2
      vertex 86.9057 12.2539 7
      vertex 86.9057 12.2539 2
    endloop
  endfacet
  facet normal 0.995561 -0.0941199 0
    outer loop
      vertex 86.9763 12.624 7
      vertex 86.9941 12.8116 2
      vertex 86.9941 12.8116 7
    endloop
  endfacet
  facet normal 0.995561 -0.0941199 0
    outer loop
      vertex 86.9941 12.8116 2
      vertex 86.9763 12.624 7
      vertex 86.9763 12.624 2
    endloop
  endfacet
  facet normal -0.562079 -0.827083 0
    outer loop
      vertex 82.2366 10.5729 2
      vertex 82.3925 10.467 7
      vertex 82.2366 10.5729 7
    endloop
  endfacet
  facet normal -0.562079 -0.827083 -0
    outer loop
      vertex 82.3925 10.467 7
      vertex 82.2366 10.5729 2
      vertex 82.3925 10.467 2
    endloop
  endfacet
  facet normal -0.397144 -0.917756 0
    outer loop
      vertex 82.7227 10.2855 2
      vertex 82.8956 10.2107 7
      vertex 82.7227 10.2855 7
    endloop
  endfacet
  facet normal -0.397144 -0.917756 -0
    outer loop
      vertex 82.8956 10.2107 7
      vertex 82.7227 10.2855 2
      vertex 82.8956 10.2107 2
    endloop
  endfacet
  facet normal -0.218137 -0.975918 0
    outer loop
      vertex 83.2539 10.0942 2
      vertex 83.4379 10.0531 7
      vertex 83.2539 10.0942 7
    endloop
  endfacet
  facet normal -0.218137 -0.975918 -0
    outer loop
      vertex 83.4379 10.0531 7
      vertex 83.2539 10.0942 2
      vertex 83.4379 10.0531 2
    endloop
  endfacet
  facet normal -0.0314092 -0.999507 0
    outer loop
      vertex 83.8116 10.0059 2
      vertex 84 10 7
      vertex 83.8116 10.0059 7
    endloop
  endfacet
  facet normal -0.0314092 -0.999507 -0
    outer loop
      vertex 84 10 7
      vertex 83.8116 10.0059 2
      vertex 84 10 2
    endloop
  endfacet
  facet normal -0.707114 -0.707099 0
    outer loop
      vertex 81.9464 10.8131 2
      vertex 81.8131 10.9464 7
      vertex 81.8131 10.9464 2
    endloop
  endfacet
  facet normal -0.707114 -0.707099 0
    outer loop
      vertex 81.8131 10.9464 7
      vertex 81.9464 10.8131 2
      vertex 81.9464 10.8131 7
    endloop
  endfacet
  facet normal -0.790161 -0.6129 0
    outer loop
      vertex 81.6885 11.0877 2
      vertex 81.573 11.2366 7
      vertex 81.573 11.2366 2
    endloop
  endfacet
  facet normal -0.790161 -0.6129 0
    outer loop
      vertex 81.573 11.2366 7
      vertex 81.6885 11.0877 2
      vertex 81.6885 11.0877 7
    endloop
  endfacet
  facet normal -0.917747 -0.397165 0
    outer loop
      vertex 81.2855 11.7227 2
      vertex 81.2107 11.8956 7
      vertex 81.2107 11.8956 2
    endloop
  endfacet
  facet normal -0.917747 -0.397165 0
    outer loop
      vertex 81.2107 11.8956 7
      vertex 81.2855 11.7227 2
      vertex 81.2855 11.7227 7
    endloop
  endfacet
  facet normal -0.940876 -0.338751 0
    outer loop
      vertex 81.2107 11.8956 2
      vertex 81.1468 12.0729 7
      vertex 81.1468 12.0729 2
    endloop
  endfacet
  facet normal -0.940876 -0.338751 0
    outer loop
      vertex 81.1468 12.0729 7
      vertex 81.2107 11.8956 2
      vertex 81.2107 11.8956 7
    endloop
  endfacet
  facet normal -0.891018 -0.453967 0
    outer loop
      vertex 81.3711 11.5547 2
      vertex 81.2855 11.7227 7
      vertex 81.2855 11.7227 2
    endloop
  endfacet
  facet normal -0.891018 -0.453967 0
    outer loop
      vertex 81.2855 11.7227 7
      vertex 81.3711 11.5547 2
      vertex 81.3711 11.5547 7
    endloop
  endfacet
  facet normal -0.975914 -0.218156 0
    outer loop
      vertex 81.0943 12.2539 2
      vertex 81.0531 12.4379 7
      vertex 81.0531 12.4379 2
    endloop
  endfacet
  facet normal -0.975914 -0.218156 0
    outer loop
      vertex 81.0531 12.4379 7
      vertex 81.0943 12.2539 2
      vertex 81.0943 12.2539 7
    endloop
  endfacet
  facet normal -0.960302 -0.278962 0
    outer loop
      vertex 81.1468 12.0729 2
      vertex 81.0943 12.2539 7
      vertex 81.0943 12.2539 2
    endloop
  endfacet
  facet normal -0.960302 -0.278962 0
    outer loop
      vertex 81.0943 12.2539 7
      vertex 81.1468 12.0729 2
      vertex 81.1468 12.0729 7
    endloop
  endfacet
  facet normal -0.995561 -0.0941199 0
    outer loop
      vertex 81.0237 12.624 2
      vertex 81.0059 12.8116 7
      vertex 81.0059 12.8116 2
    endloop
  endfacet
  facet normal -0.995561 -0.0941199 0
    outer loop
      vertex 81.0059 12.8116 7
      vertex 81.0237 12.624 2
      vertex 81.0237 12.624 7
    endloop
  endfacet
  facet normal -0.860734 0.509055 0
    outer loop
      vertex 81.3711 14.4453 2
      vertex 81.467 14.6075 7
      vertex 81.467 14.6075 2
    endloop
  endfacet
  facet normal -0.860734 0.509055 0
    outer loop
      vertex 81.467 14.6075 7
      vertex 81.3711 14.4453 2
      vertex 81.3711 14.4453 7
    endloop
  endfacet
  facet normal -0.827077 0.562089 0
    outer loop
      vertex 81.467 14.6075 2
      vertex 81.573 14.7634 7
      vertex 81.573 14.7634 2
    endloop
  endfacet
  facet normal -0.827077 0.562089 0
    outer loop
      vertex 81.573 14.7634 7
      vertex 81.467 14.6075 2
      vertex 81.467 14.6075 7
    endloop
  endfacet
  facet normal -0.999506 -0.0314139 0
    outer loop
      vertex 81.0059 12.8116 2
      vertex 81 13 7
      vertex 81 13 2
    endloop
  endfacet
  facet normal -0.999506 -0.0314139 0
    outer loop
      vertex 81 13 7
      vertex 81.0059 12.8116 2
      vertex 81.0059 12.8116 7
    endloop
  endfacet
  facet normal 0.156434 -0.987688 0
    outer loop
      vertex 84.376 10.0237 2
      vertex 84.5621 10.0531 7
      vertex 84.376 10.0237 7
    endloop
  endfacet
  facet normal 0.156434 -0.987688 0
    outer loop
      vertex 84.5621 10.0531 7
      vertex 84.376 10.0237 2
      vertex 84.5621 10.0531 2
    endloop
  endfacet
  facet normal 0.278997 -0.960292 0
    outer loop
      vertex 84.7461 10.0942 2
      vertex 84.927 10.1468 7
      vertex 84.7461 10.0942 7
    endloop
  endfacet
  facet normal 0.278997 -0.960292 0
    outer loop
      vertex 84.927 10.1468 7
      vertex 84.7461 10.0942 2
      vertex 84.927 10.1468 2
    endloop
  endfacet
  facet normal 0.397144 -0.917756 0
    outer loop
      vertex 85.1044 10.2107 2
      vertex 85.2773 10.2855 7
      vertex 85.1044 10.2107 7
    endloop
  endfacet
  facet normal 0.397144 -0.917756 0
    outer loop
      vertex 85.2773 10.2855 7
      vertex 85.1044 10.2107 2
      vertex 85.2773 10.2855 2
    endloop
  endfacet
  facet normal 0.75011 -0.661313 0
    outer loop
      vertex 86.1869 10.9464 7
      vertex 86.3115 11.0877 2
      vertex 86.3115 11.0877 7
    endloop
  endfacet
  facet normal 0.75011 -0.661313 0
    outer loop
      vertex 86.3115 11.0877 2
      vertex 86.1869 10.9464 7
      vertex 86.1869 10.9464 2
    endloop
  endfacet
  facet normal 0.562098 -0.82707 0
    outer loop
      vertex 85.6075 10.467 2
      vertex 85.7634 10.5729 7
      vertex 85.6075 10.467 7
    endloop
  endfacet
  facet normal 0.562098 -0.82707 0
    outer loop
      vertex 85.7634 10.5729 7
      vertex 85.6075 10.467 2
      vertex 85.7634 10.5729 2
    endloop
  endfacet
  facet normal 0.860734 -0.509055 0
    outer loop
      vertex 86.533 11.3925 7
      vertex 86.6289 11.5547 2
      vertex 86.6289 11.5547 7
    endloop
  endfacet
  facet normal 0.860734 -0.509055 0
    outer loop
      vertex 86.6289 11.5547 2
      vertex 86.533 11.3925 7
      vertex 86.533 11.3925 2
    endloop
  endfacet
  facet normal 0.940876 -0.338751 0
    outer loop
      vertex 86.7893 11.8956 7
      vertex 86.8532 12.0729 2
      vertex 86.8532 12.0729 7
    endloop
  endfacet
  facet normal 0.940876 -0.338751 0
    outer loop
      vertex 86.8532 12.0729 2
      vertex 86.7893 11.8956 7
      vertex 86.7893 11.8956 2
    endloop
  endfacet
  facet normal 0.999506 -0.0314139 0
    outer loop
      vertex 86.9941 12.8116 7
      vertex 87 13 2
      vertex 87 13 7
    endloop
  endfacet
  facet normal 0.999506 -0.0314139 0
    outer loop
      vertex 87 13 2
      vertex 86.9941 12.8116 7
      vertex 86.9941 12.8116 2
    endloop
  endfacet
  facet normal -0.509033 -0.860747 0
    outer loop
      vertex 82.3925 10.467 2
      vertex 82.5547 10.3711 7
      vertex 82.3925 10.467 7
    endloop
  endfacet
  facet normal -0.509033 -0.860747 -0
    outer loop
      vertex 82.5547 10.3711 7
      vertex 82.3925 10.467 2
      vertex 82.5547 10.3711 2
    endloop
  endfacet
  facet normal -0.338742 -0.940879 0
    outer loop
      vertex 82.8956 10.2107 2
      vertex 83.073 10.1468 7
      vertex 82.8956 10.2107 7
    endloop
  endfacet
  facet normal -0.338742 -0.940879 -0
    outer loop
      vertex 83.073 10.1468 7
      vertex 82.8956 10.2107 2
      vertex 83.073 10.1468 2
    endloop
  endfacet
  facet normal -0.156434 -0.987688 0
    outer loop
      vertex 83.4379 10.0531 2
      vertex 83.624 10.0237 7
      vertex 83.4379 10.0531 7
    endloop
  endfacet
  facet normal -0.156434 -0.987688 -0
    outer loop
      vertex 83.624 10.0237 7
      vertex 83.4379 10.0531 2
      vertex 83.624 10.0237 2
    endloop
  endfacet
  facet normal -0.827077 -0.562089 0
    outer loop
      vertex 81.573 11.2366 2
      vertex 81.467 11.3925 7
      vertex 81.467 11.3925 2
    endloop
  endfacet
  facet normal -0.827077 -0.562089 0
    outer loop
      vertex 81.467 11.3925 7
      vertex 81.573 11.2366 2
      vertex 81.573 11.2366 7
    endloop
  endfacet
  facet normal -0.98769 -0.156422 0
    outer loop
      vertex 81.0531 12.4379 2
      vertex 81.0237 12.624 7
      vertex 81.0237 12.624 2
    endloop
  endfacet
  facet normal -0.98769 -0.156422 0
    outer loop
      vertex 81.0237 12.624 7
      vertex 81.0531 12.4379 2
      vertex 81.0531 12.4379 7
    endloop
  endfacet
  facet normal 0.98769 -0.156422 0
    outer loop
      vertex 86.9469 12.4379 7
      vertex 86.9763 12.624 2
      vertex 86.9763 12.624 7
    endloop
  endfacet
  facet normal 0.98769 -0.156422 0
    outer loop
      vertex 86.9763 12.624 2
      vertex 86.9469 12.4379 7
      vertex 86.9469 12.4379 2
    endloop
  endfacet
  facet normal 0.999506 0.0314142 0
    outer loop
      vertex 87 44 7
      vertex 86.9941 44.1884 2
      vertex 86.9941 44.1884 7
    endloop
  endfacet
  facet normal 0.999506 0.0314142 0
    outer loop
      vertex 86.9941 44.1884 2
      vertex 87 44 7
      vertex 87 44 2
    endloop
  endfacet
  facet normal -0.0314142 0.999506 0
    outer loop
      vertex 84 47 2
      vertex 83.8116 46.9941 7
      vertex 84 47 7
    endloop
  endfacet
  facet normal -0.0314142 0.999506 0
    outer loop
      vertex 83.8116 46.9941 7
      vertex 84 47 2
      vertex 83.8116 46.9941 2
    endloop
  endfacet
  facet normal 0.0314142 -0.999506 0
    outer loop
      vertex 84 41 2
      vertex 84.1884 41.0059 7
      vertex 84 41 7
    endloop
  endfacet
  facet normal 0.0314142 -0.999506 0
    outer loop
      vertex 84.1884 41.0059 7
      vertex 84 41 2
      vertex 84.1884 41.0059 2
    endloop
  endfacet
  facet normal 0.661303 0.750119 -0
    outer loop
      vertex 86.0536 46.1869 2
      vertex 85.9123 46.3115 7
      vertex 86.0536 46.1869 7
    endloop
  endfacet
  facet normal 0.661303 0.750119 0
    outer loop
      vertex 85.9123 46.3115 7
      vertex 86.0536 46.1869 2
      vertex 85.9123 46.3115 2
    endloop
  endfacet
  facet normal -0.750119 0.661303 0
    outer loop
      vertex 81.6885 45.9123 2
      vertex 81.8131 46.0536 7
      vertex 81.8131 46.0536 2
    endloop
  endfacet
  facet normal -0.750119 0.661303 0
    outer loop
      vertex 81.8131 46.0536 7
      vertex 81.6885 45.9123 2
      vertex 81.6885 45.9123 7
    endloop
  endfacet
  facet normal -0.453986 0.891009 0
    outer loop
      vertex 82.7227 46.7145 2
      vertex 82.5547 46.6289 7
      vertex 82.7227 46.7145 7
    endloop
  endfacet
  facet normal -0.453986 0.891009 0
    outer loop
      vertex 82.5547 46.6289 7
      vertex 82.7227 46.7145 2
      vertex 82.5547 46.6289 2
    endloop
  endfacet
  facet normal 0.891017 0.453969 0
    outer loop
      vertex 86.7145 45.2773 7
      vertex 86.6289 45.4453 2
      vertex 86.6289 45.4453 7
    endloop
  endfacet
  facet normal 0.891017 0.453969 0
    outer loop
      vertex 86.6289 45.4453 2
      vertex 86.7145 45.2773 7
      vertex 86.7145 45.2773 2
    endloop
  endfacet
  facet normal -0.891017 0.453969 0
    outer loop
      vertex 81.2855 45.2773 2
      vertex 81.3711 45.4453 7
      vertex 81.3711 45.4453 2
    endloop
  endfacet
  facet normal -0.891017 0.453969 0
    outer loop
      vertex 81.3711 45.4453 7
      vertex 81.2855 45.2773 2
      vertex 81.2855 45.2773 7
    endloop
  endfacet
  facet normal -0.218133 0.975919 0
    outer loop
      vertex 83.4379 46.9469 2
      vertex 83.2539 46.9058 7
      vertex 83.4379 46.9469 7
    endloop
  endfacet
  facet normal -0.218133 0.975919 0
    outer loop
      vertex 83.2539 46.9058 7
      vertex 83.4379 46.9469 2
      vertex 83.2539 46.9058 2
    endloop
  endfacet
  facet normal 0.891021 -0.453961 0
    outer loop
      vertex 86.6289 42.5547 7
      vertex 86.7145 42.7227 2
      vertex 86.7145 42.7227 7
    endloop
  endfacet
  facet normal 0.891021 -0.453961 0
    outer loop
      vertex 86.7145 42.7227 2
      vertex 86.6289 42.5547 7
      vertex 86.6289 42.5547 2
    endloop
  endfacet
  facet normal 0.338751 -0.940876 0
    outer loop
      vertex 84.927 41.1468 2
      vertex 85.1044 41.2107 7
      vertex 84.927 41.1468 7
    endloop
  endfacet
  facet normal 0.338751 -0.940876 0
    outer loop
      vertex 85.1044 41.2107 7
      vertex 84.927 41.1468 2
      vertex 85.1044 41.2107 2
    endloop
  endfacet
  facet normal 0.707107 -0.707107 0
    outer loop
      vertex 86.0536 41.8131 7
      vertex 86.1869 41.9464 2
      vertex 86.1869 41.9464 7
    endloop
  endfacet
  facet normal 0.707107 -0.707107 0
    outer loop
      vertex 86.1869 41.9464 2
      vertex 86.0536 41.8131 7
      vertex 86.0536 41.8131 2
    endloop
  endfacet
  facet normal 0.960302 -0.278964 0
    outer loop
      vertex 86.8532 43.0729 7
      vertex 86.9057 43.2539 2
      vertex 86.9057 43.2539 7
    endloop
  endfacet
  facet normal 0.960302 -0.278964 0
    outer loop
      vertex 86.9057 43.2539 2
      vertex 86.8532 43.0729 7
      vertex 86.8532 43.0729 2
    endloop
  endfacet
  facet normal -0.278988 -0.960295 0
    outer loop
      vertex 83.073 41.1468 2
      vertex 83.2539 41.0942 7
      vertex 83.073 41.1468 7
    endloop
  endfacet
  facet normal -0.278988 -0.960295 -0
    outer loop
      vertex 83.2539 41.0942 7
      vertex 83.073 41.1468 2
      vertex 83.2539 41.0942 2
    endloop
  endfacet
  facet normal -0.707107 -0.707107 0
    outer loop
      vertex 81.9464 41.8131 2
      vertex 81.8131 41.9464 7
      vertex 81.8131 41.9464 2
    endloop
  endfacet
  facet normal -0.707107 -0.707107 0
    outer loop
      vertex 81.8131 41.9464 7
      vertex 81.9464 41.8131 2
      vertex 81.9464 41.8131 7
    endloop
  endfacet
  facet normal -0.75011 -0.661313 0
    outer loop
      vertex 81.8131 41.9464 2
      vertex 81.6885 42.0877 7
      vertex 81.6885 42.0877 2
    endloop
  endfacet
  facet normal -0.75011 -0.661313 0
    outer loop
      vertex 81.6885 42.0877 7
      vertex 81.8131 41.9464 2
      vertex 81.8131 41.9464 7
    endloop
  endfacet
  facet normal -0.960302 -0.278964 0
    outer loop
      vertex 81.1468 43.0729 2
      vertex 81.0943 43.2539 7
      vertex 81.0943 43.2539 2
    endloop
  endfacet
  facet normal -0.960302 -0.278964 0
    outer loop
      vertex 81.0943 43.2539 7
      vertex 81.1468 43.0729 2
      vertex 81.1468 43.0729 7
    endloop
  endfacet
  facet normal 0.940876 0.338751 0
    outer loop
      vertex 86.8532 44.9271 7
      vertex 86.7893 45.1044 2
      vertex 86.7893 45.1044 7
    endloop
  endfacet
  facet normal 0.940876 0.338751 0
    outer loop
      vertex 86.7893 45.1044 2
      vertex 86.8532 44.9271 7
      vertex 86.8532 44.9271 2
    endloop
  endfacet
  facet normal 0.790157 0.612905 0
    outer loop
      vertex 86.427 45.7634 7
      vertex 86.3115 45.9123 2
      vertex 86.3115 45.9123 7
    endloop
  endfacet
  facet normal 0.790157 0.612905 0
    outer loop
      vertex 86.3115 45.9123 2
      vertex 86.427 45.7634 7
      vertex 86.427 45.7634 2
    endloop
  endfacet
  facet normal 0.750119 0.661303 0
    outer loop
      vertex 86.3115 45.9123 7
      vertex 86.1869 46.0536 2
      vertex 86.1869 46.0536 7
    endloop
  endfacet
  facet normal 0.750119 0.661303 0
    outer loop
      vertex 86.1869 46.0536 2
      vertex 86.3115 45.9123 7
      vertex 86.3115 45.9123 2
    endloop
  endfacet
  facet normal 0.156424 0.98769 -0
    outer loop
      vertex 84.5621 46.9469 2
      vertex 84.376 46.9763 7
      vertex 84.5621 46.9469 7
    endloop
  endfacet
  facet normal 0.156424 0.98769 0
    outer loop
      vertex 84.376 46.9763 7
      vertex 84.5621 46.9469 2
      vertex 84.376 46.9763 2
    endloop
  endfacet
  facet normal 0.279007 0.960289 -0
    outer loop
      vertex 84.927 46.8532 2
      vertex 84.7461 46.9058 7
      vertex 84.927 46.8532 7
    endloop
  endfacet
  facet normal 0.279007 0.960289 0
    outer loop
      vertex 84.7461 46.9058 7
      vertex 84.927 46.8532 2
      vertex 84.7461 46.9058 2
    endloop
  endfacet
  facet normal 0.612907 0.790155 -0
    outer loop
      vertex 85.9123 46.3115 2
      vertex 85.7634 46.4271 7
      vertex 85.9123 46.3115 7
    endloop
  endfacet
  facet normal 0.612907 0.790155 0
    outer loop
      vertex 85.7634 46.4271 7
      vertex 85.9123 46.3115 2
      vertex 85.7634 46.4271 2
    endloop
  endfacet
  facet normal -0.790157 0.612905 0
    outer loop
      vertex 81.573 45.7634 2
      vertex 81.6885 45.9123 7
      vertex 81.6885 45.9123 2
    endloop
  endfacet
  facet normal -0.790157 0.612905 0
    outer loop
      vertex 81.6885 45.9123 7
      vertex 81.573 45.7634 2
      vertex 81.573 45.7634 7
    endloop
  endfacet
  facet normal -0.98769 0.156424 0
    outer loop
      vertex 81.0237 44.376 2
      vertex 81.0531 44.5621 7
      vertex 81.0531 44.5621 2
    endloop
  endfacet
  facet normal -0.98769 0.156424 0
    outer loop
      vertex 81.0531 44.5621 7
      vertex 81.0237 44.376 2
      vertex 81.0237 44.376 7
    endloop
  endfacet
  facet normal -0.960302 0.278964 0
    outer loop
      vertex 81.0943 44.7461 2
      vertex 81.1468 44.9271 7
      vertex 81.1468 44.9271 2
    endloop
  endfacet
  facet normal -0.960302 0.278964 0
    outer loop
      vertex 81.1468 44.9271 7
      vertex 81.0943 44.7461 2
      vertex 81.0943 44.7461 7
    endloop
  endfacet
  facet normal -0.995561 0.0941194 0
    outer loop
      vertex 81.0059 44.1884 2
      vertex 81.0237 44.376 7
      vertex 81.0237 44.376 2
    endloop
  endfacet
  facet normal -0.995561 0.0941194 0
    outer loop
      vertex 81.0237 44.376 7
      vertex 81.0059 44.1884 2
      vertex 81.0059 44.1884 7
    endloop
  endfacet
  facet normal -0.612927 0.79014 0
    outer loop
      vertex 82.2366 46.4271 2
      vertex 82.0877 46.3115 7
      vertex 82.2366 46.4271 7
    endloop
  endfacet
  facet normal -0.612927 0.79014 0
    outer loop
      vertex 82.0877 46.3115 7
      vertex 82.2366 46.4271 2
      vertex 82.0877 46.3115 2
    endloop
  endfacet
  facet normal -0.156424 0.98769 0
    outer loop
      vertex 83.624 46.9763 2
      vertex 83.4379 46.9469 7
      vertex 83.624 46.9763 7
    endloop
  endfacet
  facet normal -0.156424 0.98769 0
    outer loop
      vertex 83.4379 46.9469 7
      vertex 83.624 46.9763 2
      vertex 83.4379 46.9469 2
    endloop
  endfacet
  facet normal 0.562091 -0.827075 0
    outer loop
      vertex 85.6075 41.467 2
      vertex 85.7634 41.5729 7
      vertex 85.6075 41.467 7
    endloop
  endfacet
  facet normal 0.562091 -0.827075 0
    outer loop
      vertex 85.7634 41.5729 7
      vertex 85.6075 41.467 2
      vertex 85.7634 41.5729 2
    endloop
  endfacet
  facet normal 0.661303 -0.750119 0
    outer loop
      vertex 85.9123 41.6885 2
      vertex 86.0536 41.8131 7
      vertex 85.9123 41.6885 7
    endloop
  endfacet
  facet normal 0.661303 -0.750119 0
    outer loop
      vertex 86.0536 41.8131 7
      vertex 85.9123 41.6885 2
      vertex 86.0536 41.8131 2
    endloop
  endfacet
  facet normal 0.612907 -0.790155 0
    outer loop
      vertex 85.7634 41.5729 2
      vertex 85.9123 41.6885 7
      vertex 85.7634 41.5729 7
    endloop
  endfacet
  facet normal 0.612907 -0.790155 0
    outer loop
      vertex 85.9123 41.6885 7
      vertex 85.7634 41.5729 2
      vertex 85.9123 41.6885 2
    endloop
  endfacet
  facet normal 0.790165 -0.612895 0
    outer loop
      vertex 86.3115 42.0877 7
      vertex 86.427 42.2366 2
      vertex 86.427 42.2366 7
    endloop
  endfacet
  facet normal 0.790165 -0.612895 0
    outer loop
      vertex 86.427 42.2366 2
      vertex 86.3115 42.0877 7
      vertex 86.3115 42.0877 2
    endloop
  endfacet
  facet normal -0.612927 -0.79014 0
    outer loop
      vertex 82.0877 41.6885 2
      vertex 82.2366 41.5729 7
      vertex 82.0877 41.6885 7
    endloop
  endfacet
  facet normal -0.612927 -0.79014 -0
    outer loop
      vertex 82.2366 41.5729 7
      vertex 82.0877 41.6885 2
      vertex 82.2366 41.5729 2
    endloop
  endfacet
  facet normal -0.509044 -0.86074 0
    outer loop
      vertex 82.3925 41.467 2
      vertex 82.5547 41.3711 7
      vertex 82.3925 41.467 7
    endloop
  endfacet
  facet normal -0.509044 -0.86074 -0
    outer loop
      vertex 82.5547 41.3711 7
      vertex 82.3925 41.467 2
      vertex 82.5547 41.3711 2
    endloop
  endfacet
  facet normal -0.453986 -0.891009 0
    outer loop
      vertex 82.5547 41.3711 2
      vertex 82.7227 41.2855 7
      vertex 82.5547 41.3711 7
    endloop
  endfacet
  facet normal -0.453986 -0.891009 -0
    outer loop
      vertex 82.7227 41.2855 7
      vertex 82.5547 41.3711 2
      vertex 82.7227 41.2855 2
    endloop
  endfacet
  facet normal -0.0940994 -0.995563 0
    outer loop
      vertex 83.624 41.0237 2
      vertex 83.8116 41.0059 7
      vertex 83.624 41.0237 7
    endloop
  endfacet
  facet normal -0.0940994 -0.995563 -0
    outer loop
      vertex 83.8116 41.0059 7
      vertex 83.624 41.0237 2
      vertex 83.8116 41.0059 2
    endloop
  endfacet
  facet normal -0.860735 -0.509053 0
    outer loop
      vertex 81.467 42.3925 2
      vertex 81.3711 42.5547 7
      vertex 81.3711 42.5547 2
    endloop
  endfacet
  facet normal -0.860735 -0.509053 0
    outer loop
      vertex 81.3711 42.5547 7
      vertex 81.467 42.3925 2
      vertex 81.467 42.3925 7
    endloop
  endfacet
  facet normal 0.98769 0.156424 0
    outer loop
      vertex 86.9763 44.376 7
      vertex 86.9469 44.5621 2
      vertex 86.9469 44.5621 7
    endloop
  endfacet
  facet normal 0.98769 0.156424 0
    outer loop
      vertex 86.9469 44.5621 2
      vertex 86.9763 44.376 7
      vertex 86.9763 44.376 2
    endloop
  endfacet
  facet normal 0.995561 0.0941194 0
    outer loop
      vertex 86.9941 44.1884 7
      vertex 86.9763 44.376 2
      vertex 86.9763 44.376 7
    endloop
  endfacet
  facet normal 0.995561 0.0941194 0
    outer loop
      vertex 86.9763 44.376 2
      vertex 86.9941 44.1884 7
      vertex 86.9941 44.1884 2
    endloop
  endfacet
  facet normal 0.960302 0.278964 0
    outer loop
      vertex 86.9057 44.7461 7
      vertex 86.8532 44.9271 2
      vertex 86.8532 44.9271 7
    endloop
  endfacet
  facet normal 0.960302 0.278964 0
    outer loop
      vertex 86.8532 44.9271 2
      vertex 86.9057 44.7461 7
      vertex 86.9057 44.7461 2
    endloop
  endfacet
  facet normal 0.975915 0.218152 0
    outer loop
      vertex 86.9469 44.5621 7
      vertex 86.9057 44.7461 2
      vertex 86.9057 44.7461 7
    endloop
  endfacet
  facet normal 0.975915 0.218152 0
    outer loop
      vertex 86.9057 44.7461 2
      vertex 86.9469 44.5621 7
      vertex 86.9469 44.5621 2
    endloop
  endfacet
  facet normal 0.917746 0.397168 0
    outer loop
      vertex 86.7893 45.1044 7
      vertex 86.7145 45.2773 2
      vertex 86.7145 45.2773 7
    endloop
  endfacet
  facet normal 0.917746 0.397168 0
    outer loop
      vertex 86.7145 45.2773 2
      vertex 86.7893 45.1044 7
      vertex 86.7893 45.1044 2
    endloop
  endfacet
  facet normal 0.827079 0.562086 0
    outer loop
      vertex 86.533 45.6075 7
      vertex 86.427 45.7634 2
      vertex 86.427 45.7634 7
    endloop
  endfacet
  facet normal 0.827079 0.562086 0
    outer loop
      vertex 86.427 45.7634 2
      vertex 86.533 45.6075 7
      vertex 86.533 45.6075 2
    endloop
  endfacet
  facet normal 0.860735 0.509053 0
    outer loop
      vertex 86.6289 45.4453 7
      vertex 86.533 45.6075 2
      vertex 86.533 45.6075 7
    endloop
  endfacet
  facet normal 0.860735 0.509053 0
    outer loop
      vertex 86.533 45.6075 2
      vertex 86.6289 45.4453 7
      vertex 86.6289 45.4453 2
    endloop
  endfacet
  facet normal 0.218133 0.975919 -0
    outer loop
      vertex 84.7461 46.9058 2
      vertex 84.5621 46.9469 7
      vertex 84.7461 46.9058 7
    endloop
  endfacet
  facet normal 0.218133 0.975919 0
    outer loop
      vertex 84.5621 46.9469 7
      vertex 84.7461 46.9058 2
      vertex 84.5621 46.9469 2
    endloop
  endfacet
  facet normal 0.0941194 0.995561 -0
    outer loop
      vertex 84.376 46.9763 2
      vertex 84.1884 46.9941 7
      vertex 84.376 46.9763 7
    endloop
  endfacet
  facet normal 0.0941194 0.995561 0
    outer loop
      vertex 84.1884 46.9941 7
      vertex 84.376 46.9763 2
      vertex 84.1884 46.9941 2
    endloop
  endfacet
  facet normal 0.0314142 0.999506 -0
    outer loop
      vertex 84.1884 46.9941 2
      vertex 84 47 7
      vertex 84.1884 46.9941 7
    endloop
  endfacet
  facet normal 0.0314142 0.999506 0
    outer loop
      vertex 84 47 7
      vertex 84.1884 46.9941 2
      vertex 84 47 2
    endloop
  endfacet
  facet normal 0.338733 0.940883 -0
    outer loop
      vertex 85.1044 46.7893 2
      vertex 84.927 46.8532 7
      vertex 85.1044 46.7893 7
    endloop
  endfacet
  facet normal 0.338733 0.940883 0
    outer loop
      vertex 84.927 46.8532 7
      vertex 85.1044 46.7893 2
      vertex 84.927 46.8532 2
    endloop
  endfacet
  facet normal 0.453986 0.891009 -0
    outer loop
      vertex 85.4453 46.6289 2
      vertex 85.2773 46.7145 7
      vertex 85.4453 46.6289 7
    endloop
  endfacet
  facet normal 0.453986 0.891009 0
    outer loop
      vertex 85.2773 46.7145 7
      vertex 85.4453 46.6289 2
      vertex 85.2773 46.7145 2
    endloop
  endfacet
  facet normal 0.509044 0.86074 -0
    outer loop
      vertex 85.6075 46.533 2
      vertex 85.4453 46.6289 7
      vertex 85.6075 46.533 7
    endloop
  endfacet
  facet normal 0.509044 0.86074 0
    outer loop
      vertex 85.4453 46.6289 7
      vertex 85.6075 46.533 2
      vertex 85.4453 46.6289 2
    endloop
  endfacet
  facet normal 0.562091 0.827075 -0
    outer loop
      vertex 85.7634 46.4271 2
      vertex 85.6075 46.533 7
      vertex 85.7634 46.4271 7
    endloop
  endfacet
  facet normal 0.562091 0.827075 0
    outer loop
      vertex 85.6075 46.533 7
      vertex 85.7634 46.4271 2
      vertex 85.6075 46.533 2
    endloop
  endfacet
  facet normal -0.940876 0.338751 0
    outer loop
      vertex 81.1468 44.9271 2
      vertex 81.2107 45.1044 7
      vertex 81.2107 45.1044 2
    endloop
  endfacet
  facet normal -0.940876 0.338751 0
    outer loop
      vertex 81.2107 45.1044 7
      vertex 81.1468 44.9271 2
      vertex 81.1468 44.9271 7
    endloop
  endfacet
  facet normal -0.917746 0.397168 0
    outer loop
      vertex 81.2107 45.1044 2
      vertex 81.2855 45.2773 7
      vertex 81.2855 45.2773 2
    endloop
  endfacet
  facet normal -0.917746 0.397168 0
    outer loop
      vertex 81.2855 45.2773 7
      vertex 81.2107 45.1044 2
      vertex 81.2107 45.1044 7
    endloop
  endfacet
  facet normal -0.975915 0.218152 0
    outer loop
      vertex 81.0531 44.5621 2
      vertex 81.0943 44.7461 7
      vertex 81.0943 44.7461 2
    endloop
  endfacet
  facet normal -0.975915 0.218152 0
    outer loop
      vertex 81.0943 44.7461 7
      vertex 81.0531 44.5621 2
      vertex 81.0531 44.5621 7
    endloop
  endfacet
  facet normal -0.999506 0.0314142 0
    outer loop
      vertex 81 44 2
      vertex 81.0059 44.1884 7
      vertex 81.0059 44.1884 2
    endloop
  endfacet
  facet normal -0.999506 0.0314142 0
    outer loop
      vertex 81.0059 44.1884 7
      vertex 81 44 2
      vertex 81 44 7
    endloop
  endfacet
  facet normal 0 0 1
    outer loop
      vertex 85.5 44 7
      vertex 87 44 7
      vertex 86.9941 44.1884 7
    endloop
  endfacet
  facet normal 0 0 1
    outer loop
      vertex 85.497 44.0942 7
      vertex 86.9941 44.1884 7
      vertex 86.9763 44.376 7
    endloop
  endfacet
  facet normal 0 0 1
    outer loop
      vertex 87 44 7
      vertex 85.5 44 7
      vertex 86.9941 43.8116 7
    endloop
  endfacet
  facet normal 0 0 1
    outer loop
      vertex 85.4882 44.188 7
      vertex 86.9763 44.376 7
      vertex 86.9469 44.5621 7
    endloop
  endfacet
  facet normal -0 0 1
    outer loop
      vertex 85.497 43.9058 7
      vertex 86.9941 43.8116 7
      vertex 85.5 44 7
    endloop
  endfacet
  facet normal 0 0 1
    outer loop
      vertex 85.4734 44.2811 7
      vertex 86.9469 44.5621 7
      vertex 86.9057 44.7461 7
    endloop
  endfacet
  facet normal 0 0 1
    outer loop
      vertex 86.9941 43.8116 7
      vertex 85.497 43.9058 7
      vertex 86.9763 43.624 7
    endloop
  endfacet
  facet normal 0 0 1
    outer loop
      vertex 85.4529 44.373 7
      vertex 86.9057 44.7461 7
      vertex 86.8532 44.9271 7
    endloop
  endfacet
  facet normal -0 0 1
    outer loop
      vertex 85.4882 43.812 7
      vertex 86.9763 43.624 7
      vertex 85.497 43.9058 7
    endloop
  endfacet
  facet normal 0 0 1
    outer loop
      vertex 85.4266 44.4635 7
      vertex 86.8532 44.9271 7
      vertex 86.7893 45.1044 7
    endloop
  endfacet
  facet normal 0 0 1
    outer loop
      vertex 86.9763 43.624 7
      vertex 85.4882 43.812 7
      vertex 86.9469 43.4379 7
    endloop
  endfacet
  facet normal 0 0 1
    outer loop
      vertex 85.3947 44.5522 7
      vertex 86.7893 45.1044 7
      vertex 86.7145 45.2773 7
    endloop
  endfacet
  facet normal -0 0 1
    outer loop
      vertex 85.4734 43.7189 7
      vertex 86.9469 43.4379 7
      vertex 85.4882 43.812 7
    endloop
  endfacet
  facet normal 0 0 1
    outer loop
      vertex 85.3572 44.6387 7
      vertex 86.7145 45.2773 7
      vertex 86.6289 45.4453 7
    endloop
  endfacet
  facet normal 0 0 1
    outer loop
      vertex 86.9469 43.4379 7
      vertex 85.4734 43.7189 7
      vertex 86.9057 43.2539 7
    endloop
  endfacet
  facet normal 0 0 1
    outer loop
      vertex 85.3145 44.7226 7
      vertex 86.6289 45.4453 7
      vertex 86.533 45.6075 7
    endloop
  endfacet
  facet normal -0 0 1
    outer loop
      vertex 85.4529 43.627 7
      vertex 86.9057 43.2539 7
      vertex 85.4734 43.7189 7
    endloop
  endfacet
  facet normal 0 0 1
    outer loop
      vertex 85.2665 44.8037 7
      vertex 86.533 45.6075 7
      vertex 86.427 45.7634 7
    endloop
  endfacet
  facet normal 0 0 1
    outer loop
      vertex 86.9057 43.2539 7
      vertex 85.4529 43.627 7
      vertex 86.8532 43.0729 7
    endloop
  endfacet
  facet normal 0 0 1
    outer loop
      vertex 85.2135 44.8817 7
      vertex 86.427 45.7634 7
      vertex 86.3115 45.9123 7
    endloop
  endfacet
  facet normal -0 0 1
    outer loop
      vertex 85.4266 43.5365 7
      vertex 86.8532 43.0729 7
      vertex 85.4529 43.627 7
    endloop
  endfacet
  facet normal 0 0 1
    outer loop
      vertex 85.1558 44.9561 7
      vertex 86.3115 45.9123 7
      vertex 86.1869 46.0536 7
    endloop
  endfacet
  facet normal 0 0 1
    outer loop
      vertex 86.8532 43.0729 7
      vertex 85.4266 43.5365 7
      vertex 86.7893 42.8956 7
    endloop
  endfacet
  facet normal 0 0 1
    outer loop
      vertex 85.0935 45.0268 7
      vertex 86.1869 46.0536 7
      vertex 86.0536 46.1869 7
    endloop
  endfacet
  facet normal -0 0 1
    outer loop
      vertex 85.3947 43.4478 7
      vertex 86.7893 42.8956 7
      vertex 85.4266 43.5365 7
    endloop
  endfacet
  facet normal 0 0 1
    outer loop
      vertex 85.0268 45.0935 7
      vertex 86.0536 46.1869 7
      vertex 85.9123 46.3115 7
    endloop
  endfacet
  facet normal 0 0 1
    outer loop
      vertex 86.7893 42.8956 7
      vertex 85.3947 43.4478 7
      vertex 86.7145 42.7227 7
    endloop
  endfacet
  facet normal 0 0 1
    outer loop
      vertex 84.9561 45.1558 7
      vertex 85.9123 46.3115 7
      vertex 85.7634 46.4271 7
    endloop
  endfacet
  facet normal -0 0 1
    outer loop
      vertex 85.3572 43.3613 7
      vertex 86.7145 42.7227 7
      vertex 85.3947 43.4478 7
    endloop
  endfacet
  facet normal 0 0 1
    outer loop
      vertex 84.8817 45.2135 7
      vertex 85.7634 46.4271 7
      vertex 85.6075 46.533 7
    endloop
  endfacet
  facet normal 0 0 1
    outer loop
      vertex 86.7145 42.7227 7
      vertex 85.3572 43.3613 7
      vertex 86.6289 42.5547 7
    endloop
  endfacet
  facet normal -0 0 1
    outer loop
      vertex 85.3145 43.2774 7
      vertex 86.6289 42.5547 7
      vertex 85.3572 43.3613 7
    endloop
  endfacet
  facet normal 0 0 1
    outer loop
      vertex 86.9941 44.1884 7
      vertex 85.497 44.0942 7
      vertex 85.5 44 7
    endloop
  endfacet
  facet normal 0 0 1
    outer loop
      vertex 86.9763 44.376 7
      vertex 85.4882 44.188 7
      vertex 85.497 44.0942 7
    endloop
  endfacet
  facet normal 0 0 1
    outer loop
      vertex 86.9469 44.5621 7
      vertex 85.4734 44.2811 7
      vertex 85.4882 44.188 7
    endloop
  endfacet
  facet normal 0 0 1
    outer loop
      vertex 86.9057 44.7461 7
      vertex 85.4529 44.373 7
      vertex 85.4734 44.2811 7
    endloop
  endfacet
  facet normal 0 0 1
    outer loop
      vertex 84.8037 45.2665 7
      vertex 85.6075 46.533 7
      vertex 85.4453 46.6289 7
    endloop
  endfacet
  facet normal 0 0 1
    outer loop
      vertex 86.8532 44.9271 7
      vertex 85.4266 44.4635 7
      vertex 85.4529 44.373 7
    endloop
  endfacet
  facet normal 0 0 1
    outer loop
      vertex 86.7893 45.1044 7
      vertex 85.3947 44.5522 7
      vertex 85.4266 44.4635 7
    endloop
  endfacet
  facet normal 0 0 1
    outer loop
      vertex 86.7145 45.2773 7
      vertex 85.3572 44.6387 7
      vertex 85.3947 44.5522 7
    endloop
  endfacet
  facet normal 0 0 1
    outer loop
      vertex 86.6289 45.4453 7
      vertex 85.3145 44.7226 7
      vertex 85.3572 44.6387 7
    endloop
  endfacet
  facet normal 0 0 1
    outer loop
      vertex 84.7226 45.3145 7
      vertex 85.4453 46.6289 7
      vertex 85.2773 46.7145 7
    endloop
  endfacet
  facet normal 0 0 1
    outer loop
      vertex 86.533 45.6075 7
      vertex 85.2665 44.8037 7
      vertex 85.3145 44.7226 7
    endloop
  endfacet
  facet normal 0 0 1
    outer loop
      vertex 86.427 45.7634 7
      vertex 85.2135 44.8817 7
      vertex 85.2665 44.8037 7
    endloop
  endfacet
  facet normal 0 0 1
    outer loop
      vertex 86.3115 45.9123 7
      vertex 85.1558 44.9561 7
      vertex 85.2135 44.8817 7
    endloop
  endfacet
  facet normal 0 0 1
    outer loop
      vertex 84.6387 45.3572 7
      vertex 85.2773 46.7145 7
      vertex 85.1044 46.7893 7
    endloop
  endfacet
  facet normal 0 0 1
    outer loop
      vertex 86.1869 46.0536 7
      vertex 85.0935 45.0268 7
      vertex 85.1558 44.9561 7
    endloop
  endfacet
  facet normal 0 0 1
    outer loop
      vertex 86.0536 46.1869 7
      vertex 85.0268 45.0935 7
      vertex 85.0935 45.0268 7
    endloop
  endfacet
  facet normal 0 0 1
    outer loop
      vertex 85.9123 46.3115 7
      vertex 84.9561 45.1558 7
      vertex 85.0268 45.0935 7
    endloop
  endfacet
  facet normal 0 0 1
    outer loop
      vertex 84.5522 45.3947 7
      vertex 85.1044 46.7893 7
      vertex 84.927 46.8532 7
    endloop
  endfacet
  facet normal 0 0 1
    outer loop
      vertex 85.7634 46.4271 7
      vertex 84.8817 45.2135 7
      vertex 84.9561 45.1558 7
    endloop
  endfacet
  facet normal 0 0 1
    outer loop
      vertex 85.6075 46.533 7
      vertex 84.8037 45.2665 7
      vertex 84.8817 45.2135 7
    endloop
  endfacet
  facet normal 0 0 1
    outer loop
      vertex 84.4635 45.4266 7
      vertex 84.927 46.8532 7
      vertex 84.7461 46.9058 7
    endloop
  endfacet
  facet normal 0 0 1
    outer loop
      vertex 85.4453 46.6289 7
      vertex 84.7226 45.3145 7
      vertex 84.8037 45.2665 7
    endloop
  endfacet
  facet normal 0 0 1
    outer loop
      vertex 85.2773 46.7145 7
      vertex 84.6387 45.3572 7
      vertex 84.7226 45.3145 7
    endloop
  endfacet
  facet normal 0 0 1
    outer loop
      vertex 84.373 45.4529 7
      vertex 84.7461 46.9058 7
      vertex 84.5621 46.9469 7
    endloop
  endfacet
  facet normal 0 0 1
    outer loop
      vertex 85.1044 46.7893 7
      vertex 84.5522 45.3947 7
      vertex 84.6387 45.3572 7
    endloop
  endfacet
  facet normal 0 0 1
    outer loop
      vertex 84.927 46.8532 7
      vertex 84.4635 45.4266 7
      vertex 84.5522 45.3947 7
    endloop
  endfacet
  facet normal 0 0 1
    outer loop
      vertex 84.2811 45.4734 7
      vertex 84.5621 46.9469 7
      vertex 84.376 46.9763 7
    endloop
  endfacet
  facet normal 0 0 1
    outer loop
      vertex 84.7461 46.9058 7
      vertex 84.373 45.4529 7
      vertex 84.4635 45.4266 7
    endloop
  endfacet
  facet normal 0 0 1
    outer loop
      vertex 84.5621 46.9469 7
      vertex 84.2811 45.4734 7
      vertex 84.373 45.4529 7
    endloop
  endfacet
  facet normal 0 0 1
    outer loop
      vertex 84.188 45.4882 7
      vertex 84.376 46.9763 7
      vertex 84.1884 46.9941 7
    endloop
  endfacet
  facet normal 0 0 1
    outer loop
      vertex 84.376 46.9763 7
      vertex 84.188 45.4882 7
      vertex 84.2811 45.4734 7
    endloop
  endfacet
  facet normal 0 0 1
    outer loop
      vertex 84.1884 46.9941 7
      vertex 84.0942 45.497 7
      vertex 84.188 45.4882 7
    endloop
  endfacet
  facet normal 0 0 1
    outer loop
      vertex 84 47 7
      vertex 84.0942 45.497 7
      vertex 84.1884 46.9941 7
    endloop
  endfacet
  facet normal 0 0 1
    outer loop
      vertex 84 47 7
      vertex 84 45.5 7
      vertex 84.0942 45.497 7
    endloop
  endfacet
  facet normal 0 0 1
    outer loop
      vertex 84 47 7
      vertex 83.9058 45.497 7
      vertex 84 45.5 7
    endloop
  endfacet
  facet normal -0 0 1
    outer loop
      vertex 83.8116 46.9941 7
      vertex 83.9058 45.497 7
      vertex 84 47 7
    endloop
  endfacet
  facet normal 0 0 1
    outer loop
      vertex 83.9058 45.497 7
      vertex 83.8116 46.9941 7
      vertex 83.812 45.4882 7
    endloop
  endfacet
  facet normal -0 0 1
    outer loop
      vertex 83.624 46.9763 7
      vertex 83.812 45.4882 7
      vertex 83.8116 46.9941 7
    endloop
  endfacet
  facet normal 0 0 1
    outer loop
      vertex 83.812 45.4882 7
      vertex 83.624 46.9763 7
      vertex 83.7189 45.4734 7
    endloop
  endfacet
  facet normal -0 0 1
    outer loop
      vertex 83.4379 46.9469 7
      vertex 83.7189 45.4734 7
      vertex 83.624 46.9763 7
    endloop
  endfacet
  facet normal 0 0 1
    outer loop
      vertex 83.7189 45.4734 7
      vertex 83.4379 46.9469 7
      vertex 83.627 45.4529 7
    endloop
  endfacet
  facet normal -0 0 1
    outer loop
      vertex 83.2539 46.9058 7
      vertex 83.627 45.4529 7
      vertex 83.4379 46.9469 7
    endloop
  endfacet
  facet normal 0 0 1
    outer loop
      vertex 83.627 45.4529 7
      vertex 83.2539 46.9058 7
      vertex 83.5365 45.4266 7
    endloop
  endfacet
  facet normal -0 0 1
    outer loop
      vertex 83.073 46.8532 7
      vertex 83.5365 45.4266 7
      vertex 83.2539 46.9058 7
    endloop
  endfacet
  facet normal 0 0 1
    outer loop
      vertex 83.5365 45.4266 7
      vertex 83.073 46.8532 7
      vertex 83.4478 45.3947 7
    endloop
  endfacet
  facet normal -0 0 1
    outer loop
      vertex 82.8956 46.7893 7
      vertex 83.4478 45.3947 7
      vertex 83.073 46.8532 7
    endloop
  endfacet
  facet normal 0 0 1
    outer loop
      vertex 83.4478 45.3947 7
      vertex 82.8956 46.7893 7
      vertex 83.3613 45.3572 7
    endloop
  endfacet
  facet normal -0 0 1
    outer loop
      vertex 82.7227 46.7145 7
      vertex 83.3613 45.3572 7
      vertex 82.8956 46.7893 7
    endloop
  endfacet
  facet normal 0 0 1
    outer loop
      vertex 83.3613 45.3572 7
      vertex 82.7227 46.7145 7
      vertex 83.2774 45.3145 7
    endloop
  endfacet
  facet normal -0 0 1
    outer loop
      vertex 82.5547 46.6289 7
      vertex 83.2774 45.3145 7
      vertex 82.7227 46.7145 7
    endloop
  endfacet
  facet normal 0 0 1
    outer loop
      vertex 83.2774 45.3145 7
      vertex 82.5547 46.6289 7
      vertex 83.1963 45.2665 7
    endloop
  endfacet
  facet normal -0 0 1
    outer loop
      vertex 82.3925 46.533 7
      vertex 83.1963 45.2665 7
      vertex 82.5547 46.6289 7
    endloop
  endfacet
  facet normal 0 0 1
    outer loop
      vertex 83.1963 45.2665 7
      vertex 82.3925 46.533 7
      vertex 83.1183 45.2135 7
    endloop
  endfacet
  facet normal -0 0 1
    outer loop
      vertex 82.2366 46.4271 7
      vertex 83.1183 45.2135 7
      vertex 82.3925 46.533 7
    endloop
  endfacet
  facet normal 0 0 1
    outer loop
      vertex 83.1183 45.2135 7
      vertex 82.2366 46.4271 7
      vertex 83.0439 45.1558 7
    endloop
  endfacet
  facet normal -0 0 1
    outer loop
      vertex 82.0877 46.3115 7
      vertex 83.0439 45.1558 7
      vertex 82.2366 46.4271 7
    endloop
  endfacet
  facet normal 0 0 1
    outer loop
      vertex 83.0439 45.1558 7
      vertex 82.0877 46.3115 7
      vertex 82.9732 45.0935 7
    endloop
  endfacet
  facet normal -0 0 1
    outer loop
      vertex 81.9464 46.1869 7
      vertex 82.9732 45.0935 7
      vertex 82.0877 46.3115 7
    endloop
  endfacet
  facet normal 0 0 1
    outer loop
      vertex 82.9732 45.0935 7
      vertex 81.9464 46.1869 7
      vertex 82.9065 45.0268 7
    endloop
  endfacet
  facet normal -0 0 1
    outer loop
      vertex 81.8131 46.0536 7
      vertex 82.9065 45.0268 7
      vertex 81.9464 46.1869 7
    endloop
  endfacet
  facet normal 0 0 1
    outer loop
      vertex 82.9065 45.0268 7
      vertex 81.8131 46.0536 7
      vertex 82.8442 44.9561 7
    endloop
  endfacet
  facet normal -0 0 1
    outer loop
      vertex 81.6885 45.9123 7
      vertex 82.8442 44.9561 7
      vertex 81.8131 46.0536 7
    endloop
  endfacet
  facet normal 0 0 1
    outer loop
      vertex 82.8442 44.9561 7
      vertex 81.6885 45.9123 7
      vertex 82.7865 44.8817 7
    endloop
  endfacet
  facet normal -0 0 1
    outer loop
      vertex 81.573 45.7634 7
      vertex 82.7865 44.8817 7
      vertex 81.6885 45.9123 7
    endloop
  endfacet
  facet normal 0 0 1
    outer loop
      vertex 82.7865 44.8817 7
      vertex 81.573 45.7634 7
      vertex 82.7335 44.8037 7
    endloop
  endfacet
  facet normal -0 0 1
    outer loop
      vertex 81.467 45.6075 7
      vertex 82.7335 44.8037 7
      vertex 81.573 45.7634 7
    endloop
  endfacet
  facet normal 0 0 1
    outer loop
      vertex 82.7335 44.8037 7
      vertex 81.467 45.6075 7
      vertex 82.6855 44.7226 7
    endloop
  endfacet
  facet normal -0 0 1
    outer loop
      vertex 81.3711 45.4453 7
      vertex 82.6855 44.7226 7
      vertex 81.467 45.6075 7
    endloop
  endfacet
  facet normal 0 0 1
    outer loop
      vertex 86.6289 42.5547 7
      vertex 85.3145 43.2774 7
      vertex 86.533 42.3925 7
    endloop
  endfacet
  facet normal -0 0 1
    outer loop
      vertex 85.2665 43.1963 7
      vertex 86.533 42.3925 7
      vertex 85.3145 43.2774 7
    endloop
  endfacet
  facet normal 0 0 1
    outer loop
      vertex 86.533 42.3925 7
      vertex 85.2665 43.1963 7
      vertex 86.427 42.2366 7
    endloop
  endfacet
  facet normal -0 0 1
    outer loop
      vertex 85.2135 43.1183 7
      vertex 86.427 42.2366 7
      vertex 85.2665 43.1963 7
    endloop
  endfacet
  facet normal 0 0 1
    outer loop
      vertex 86.427 42.2366 7
      vertex 85.2135 43.1183 7
      vertex 86.3115 42.0877 7
    endloop
  endfacet
  facet normal -0 0 1
    outer loop
      vertex 85.1558 43.0439 7
      vertex 86.3115 42.0877 7
      vertex 85.2135 43.1183 7
    endloop
  endfacet
  facet normal 0 0 1
    outer loop
      vertex 86.3115 42.0877 7
      vertex 85.1558 43.0439 7
      vertex 86.1869 41.9464 7
    endloop
  endfacet
  facet normal -0 0 1
    outer loop
      vertex 85.0935 42.9732 7
      vertex 86.1869 41.9464 7
      vertex 85.1558 43.0439 7
    endloop
  endfacet
  facet normal 0 0 1
    outer loop
      vertex 86.1869 41.9464 7
      vertex 85.0935 42.9732 7
      vertex 86.0536 41.8131 7
    endloop
  endfacet
  facet normal -0 0 1
    outer loop
      vertex 85.0268 42.9065 7
      vertex 86.0536 41.8131 7
      vertex 85.0935 42.9732 7
    endloop
  endfacet
  facet normal 0 0 1
    outer loop
      vertex 86.0536 41.8131 7
      vertex 85.0268 42.9065 7
      vertex 85.9123 41.6885 7
    endloop
  endfacet
  facet normal -0 0 1
    outer loop
      vertex 84.9561 42.8442 7
      vertex 85.9123 41.6885 7
      vertex 85.0268 42.9065 7
    endloop
  endfacet
  facet normal 0 0 1
    outer loop
      vertex 85.9123 41.6885 7
      vertex 84.9561 42.8442 7
      vertex 85.7634 41.5729 7
    endloop
  endfacet
  facet normal -0 0 1
    outer loop
      vertex 84.8817 42.7865 7
      vertex 85.7634 41.5729 7
      vertex 84.9561 42.8442 7
    endloop
  endfacet
  facet normal 0 0 1
    outer loop
      vertex 85.7634 41.5729 7
      vertex 84.8817 42.7865 7
      vertex 85.6075 41.467 7
    endloop
  endfacet
  facet normal -0 0 1
    outer loop
      vertex 84.8037 42.7335 7
      vertex 85.6075 41.467 7
      vertex 84.8817 42.7865 7
    endloop
  endfacet
  facet normal 0 0 1
    outer loop
      vertex 85.6075 41.467 7
      vertex 84.8037 42.7335 7
      vertex 85.4453 41.3711 7
    endloop
  endfacet
  facet normal -0 0 1
    outer loop
      vertex 84.7226 42.6855 7
      vertex 85.4453 41.3711 7
      vertex 84.8037 42.7335 7
    endloop
  endfacet
  facet normal 0 0 1
    outer loop
      vertex 85.4453 41.3711 7
      vertex 84.7226 42.6855 7
      vertex 85.2773 41.2855 7
    endloop
  endfacet
  facet normal -0 0 1
    outer loop
      vertex 84.6387 42.6428 7
      vertex 85.2773 41.2855 7
      vertex 84.7226 42.6855 7
    endloop
  endfacet
  facet normal 0 0 1
    outer loop
      vertex 85.2773 41.2855 7
      vertex 84.6387 42.6428 7
      vertex 85.1044 41.2107 7
    endloop
  endfacet
  facet normal -0 0 1
    outer loop
      vertex 84.5522 42.6053 7
      vertex 85.1044 41.2107 7
      vertex 84.6387 42.6428 7
    endloop
  endfacet
  facet normal 0 0 1
    outer loop
      vertex 85.1044 41.2107 7
      vertex 84.5522 42.6053 7
      vertex 84.927 41.1468 7
    endloop
  endfacet
  facet normal -0 0 1
    outer loop
      vertex 84.4635 42.5734 7
      vertex 84.927 41.1468 7
      vertex 84.5522 42.6053 7
    endloop
  endfacet
  facet normal 0 0 1
    outer loop
      vertex 84.927 41.1468 7
      vertex 84.4635 42.5734 7
      vertex 84.7461 41.0942 7
    endloop
  endfacet
  facet normal -0 0 1
    outer loop
      vertex 84.373 42.5471 7
      vertex 84.7461 41.0942 7
      vertex 84.4635 42.5734 7
    endloop
  endfacet
  facet normal 0 0 1
    outer loop
      vertex 84.7461 41.0942 7
      vertex 84.373 42.5471 7
      vertex 84.5621 41.0531 7
    endloop
  endfacet
  facet normal -0 0 1
    outer loop
      vertex 84.2811 42.5266 7
      vertex 84.5621 41.0531 7
      vertex 84.373 42.5471 7
    endloop
  endfacet
  facet normal 0 0 1
    outer loop
      vertex 84.5621 41.0531 7
      vertex 84.2811 42.5266 7
      vertex 84.376 41.0237 7
    endloop
  endfacet
  facet normal -0 0 1
    outer loop
      vertex 84.188 42.5118 7
      vertex 84.376 41.0237 7
      vertex 84.2811 42.5266 7
    endloop
  endfacet
  facet normal 0 0 1
    outer loop
      vertex 84.376 41.0237 7
      vertex 84.188 42.5118 7
      vertex 84.1884 41.0059 7
    endloop
  endfacet
  facet normal -0 0 1
    outer loop
      vertex 84.0942 42.503 7
      vertex 84.1884 41.0059 7
      vertex 84.188 42.5118 7
    endloop
  endfacet
  facet normal -0 0 1
    outer loop
      vertex 84 42.5 7
      vertex 84.1884 41.0059 7
      vertex 84.0942 42.503 7
    endloop
  endfacet
  facet normal 0 0 1
    outer loop
      vertex 84 42.5 7
      vertex 84 41 7
      vertex 84.1884 41.0059 7
    endloop
  endfacet
  facet normal 0 0 1
    outer loop
      vertex 83.9058 42.503 7
      vertex 84 41 7
      vertex 84 42.5 7
    endloop
  endfacet
  facet normal 0 0 1
    outer loop
      vertex 83.8116 41.0059 7
      vertex 83.9058 42.503 7
      vertex 83.812 42.5118 7
    endloop
  endfacet
  facet normal 0 0 1
    outer loop
      vertex 83.9058 42.503 7
      vertex 83.8116 41.0059 7
      vertex 84 41 7
    endloop
  endfacet
  facet normal 0 0 1
    outer loop
      vertex 83.624 41.0237 7
      vertex 83.812 42.5118 7
      vertex 83.7189 42.5266 7
    endloop
  endfacet
  facet normal 0 0 1
    outer loop
      vertex 83.4379 41.0531 7
      vertex 83.7189 42.5266 7
      vertex 83.627 42.5471 7
    endloop
  endfacet
  facet normal 0 0 1
    outer loop
      vertex 83.812 42.5118 7
      vertex 83.624 41.0237 7
      vertex 83.8116 41.0059 7
    endloop
  endfacet
  facet normal 0 0 1
    outer loop
      vertex 83.2539 41.0942 7
      vertex 83.627 42.5471 7
      vertex 83.5365 42.5734 7
    endloop
  endfacet
  facet normal 0 0 1
    outer loop
      vertex 83.073 41.1468 7
      vertex 83.5365 42.5734 7
      vertex 83.4478 42.6053 7
    endloop
  endfacet
  facet normal 0 0 1
    outer loop
      vertex 83.7189 42.5266 7
      vertex 83.4379 41.0531 7
      vertex 83.624 41.0237 7
    endloop
  endfacet
  facet normal 0 0 1
    outer loop
      vertex 82.8956 41.2107 7
      vertex 83.4478 42.6053 7
      vertex 83.3613 42.6428 7
    endloop
  endfacet
  facet normal 0 0 1
    outer loop
      vertex 82.7227 41.2855 7
      vertex 83.3613 42.6428 7
      vertex 83.2774 42.6855 7
    endloop
  endfacet
  facet normal 0 0 1
    outer loop
      vertex 83.627 42.5471 7
      vertex 83.2539 41.0942 7
      vertex 83.4379 41.0531 7
    endloop
  endfacet
  facet normal 0 0 1
    outer loop
      vertex 82.5547 41.3711 7
      vertex 83.2774 42.6855 7
      vertex 83.1963 42.7335 7
    endloop
  endfacet
  facet normal 0 0 1
    outer loop
      vertex 82.3925 41.467 7
      vertex 83.1963 42.7335 7
      vertex 83.1183 42.7865 7
    endloop
  endfacet
  facet normal 0 0 1
    outer loop
      vertex 83.5365 42.5734 7
      vertex 83.073 41.1468 7
      vertex 83.2539 41.0942 7
    endloop
  endfacet
  facet normal 0 0 1
    outer loop
      vertex 82.2366 41.5729 7
      vertex 83.1183 42.7865 7
      vertex 83.0439 42.8442 7
    endloop
  endfacet
  facet normal 0 0 1
    outer loop
      vertex 82.0877 41.6885 7
      vertex 83.0439 42.8442 7
      vertex 82.9732 42.9065 7
    endloop
  endfacet
  facet normal 0 0 1
    outer loop
      vertex 81.9464 41.8131 7
      vertex 82.9732 42.9065 7
      vertex 82.9065 42.9732 7
    endloop
  endfacet
  facet normal 0 0 1
    outer loop
      vertex 83.4478 42.6053 7
      vertex 82.8956 41.2107 7
      vertex 83.073 41.1468 7
    endloop
  endfacet
  facet normal 0 0 1
    outer loop
      vertex 81.8131 41.9464 7
      vertex 82.9065 42.9732 7
      vertex 82.8442 43.0439 7
    endloop
  endfacet
  facet normal 0 0 1
    outer loop
      vertex 81.6885 42.0877 7
      vertex 82.8442 43.0439 7
      vertex 82.7865 43.1183 7
    endloop
  endfacet
  facet normal 0 0 1
    outer loop
      vertex 81.573 42.2366 7
      vertex 82.7865 43.1183 7
      vertex 82.7335 43.1963 7
    endloop
  endfacet
  facet normal 0 0 1
    outer loop
      vertex 83.3613 42.6428 7
      vertex 82.7227 41.2855 7
      vertex 82.8956 41.2107 7
    endloop
  endfacet
  facet normal 0 0 1
    outer loop
      vertex 81.467 42.3925 7
      vertex 82.7335 43.1963 7
      vertex 82.6855 43.2774 7
    endloop
  endfacet
  facet normal 0 0 1
    outer loop
      vertex 81.3711 42.5547 7
      vertex 82.6855 43.2774 7
      vertex 82.6428 43.3613 7
    endloop
  endfacet
  facet normal 0 0 1
    outer loop
      vertex 81.2855 42.7227 7
      vertex 82.6428 43.3613 7
      vertex 82.6053 43.4478 7
    endloop
  endfacet
  facet normal 0 0 1
    outer loop
      vertex 81.2107 42.8956 7
      vertex 82.6053 43.4478 7
      vertex 82.5734 43.5365 7
    endloop
  endfacet
  facet normal 0 0 1
    outer loop
      vertex 83.2774 42.6855 7
      vertex 82.5547 41.3711 7
      vertex 82.7227 41.2855 7
    endloop
  endfacet
  facet normal 0 0 1
    outer loop
      vertex 81.1468 43.0729 7
      vertex 82.5734 43.5365 7
      vertex 82.5471 43.627 7
    endloop
  endfacet
  facet normal 0 0 1
    outer loop
      vertex 81.0943 43.2539 7
      vertex 82.5471 43.627 7
      vertex 82.5266 43.7189 7
    endloop
  endfacet
  facet normal 0 0 1
    outer loop
      vertex 81.0531 43.4379 7
      vertex 82.5266 43.7189 7
      vertex 82.5118 43.812 7
    endloop
  endfacet
  facet normal 0 0 1
    outer loop
      vertex 81.0237 43.624 7
      vertex 82.5118 43.812 7
      vertex 82.503 43.9058 7
    endloop
  endfacet
  facet normal 0 0 1
    outer loop
      vertex 81.0059 43.8116 7
      vertex 82.503 43.9058 7
      vertex 82.5 44 7
    endloop
  endfacet
  facet normal 0 0 1
    outer loop
      vertex 82.6855 44.7226 7
      vertex 81.3711 45.4453 7
      vertex 82.6428 44.6387 7
    endloop
  endfacet
  facet normal 0 0 1
    outer loop
      vertex 83.1963 42.7335 7
      vertex 82.3925 41.467 7
      vertex 82.5547 41.3711 7
    endloop
  endfacet
  facet normal -0 0 1
    outer loop
      vertex 81.2855 45.2773 7
      vertex 82.6428 44.6387 7
      vertex 81.3711 45.4453 7
    endloop
  endfacet
  facet normal 0 0 1
    outer loop
      vertex 83.1183 42.7865 7
      vertex 82.2366 41.5729 7
      vertex 82.3925 41.467 7
    endloop
  endfacet
  facet normal 0 0 1
    outer loop
      vertex 82.6428 44.6387 7
      vertex 81.2855 45.2773 7
      vertex 82.6053 44.5522 7
    endloop
  endfacet
  facet normal 0 0 1
    outer loop
      vertex 83.0439 42.8442 7
      vertex 82.0877 41.6885 7
      vertex 82.2366 41.5729 7
    endloop
  endfacet
  facet normal -0 0 1
    outer loop
      vertex 81.2107 45.1044 7
      vertex 82.6053 44.5522 7
      vertex 81.2855 45.2773 7
    endloop
  endfacet
  facet normal 0 0 1
    outer loop
      vertex 82.9732 42.9065 7
      vertex 81.9464 41.8131 7
      vertex 82.0877 41.6885 7
    endloop
  endfacet
  facet normal 0 0 1
    outer loop
      vertex 82.6053 44.5522 7
      vertex 81.2107 45.1044 7
      vertex 82.5734 44.4635 7
    endloop
  endfacet
  facet normal 0 0 1
    outer loop
      vertex 82.9065 42.9732 7
      vertex 81.8131 41.9464 7
      vertex 81.9464 41.8131 7
    endloop
  endfacet
  facet normal -0 0 1
    outer loop
      vertex 81.1468 44.9271 7
      vertex 82.5734 44.4635 7
      vertex 81.2107 45.1044 7
    endloop
  endfacet
  facet normal 0 0 1
    outer loop
      vertex 82.8442 43.0439 7
      vertex 81.6885 42.0877 7
      vertex 81.8131 41.9464 7
    endloop
  endfacet
  facet normal 0 0 1
    outer loop
      vertex 82.5734 44.4635 7
      vertex 81.1468 44.9271 7
      vertex 82.5471 44.373 7
    endloop
  endfacet
  facet normal 0 0 1
    outer loop
      vertex 82.7865 43.1183 7
      vertex 81.573 42.2366 7
      vertex 81.6885 42.0877 7
    endloop
  endfacet
  facet normal -0 0 1
    outer loop
      vertex 81.0943 44.7461 7
      vertex 82.5471 44.373 7
      vertex 81.1468 44.9271 7
    endloop
  endfacet
  facet normal 0 0 1
    outer loop
      vertex 82.7335 43.1963 7
      vertex 81.467 42.3925 7
      vertex 81.573 42.2366 7
    endloop
  endfacet
  facet normal 0 0 1
    outer loop
      vertex 82.5471 44.373 7
      vertex 81.0943 44.7461 7
      vertex 82.5266 44.2811 7
    endloop
  endfacet
  facet normal 0 0 1
    outer loop
      vertex 82.6855 43.2774 7
      vertex 81.3711 42.5547 7
      vertex 81.467 42.3925 7
    endloop
  endfacet
  facet normal -0 0 1
    outer loop
      vertex 81.0531 44.5621 7
      vertex 82.5266 44.2811 7
      vertex 81.0943 44.7461 7
    endloop
  endfacet
  facet normal 0 0 1
    outer loop
      vertex 82.6428 43.3613 7
      vertex 81.2855 42.7227 7
      vertex 81.3711 42.5547 7
    endloop
  endfacet
  facet normal 0 0 1
    outer loop
      vertex 82.5266 44.2811 7
      vertex 81.0531 44.5621 7
      vertex 82.5118 44.188 7
    endloop
  endfacet
  facet normal 0 0 1
    outer loop
      vertex 82.6053 43.4478 7
      vertex 81.2107 42.8956 7
      vertex 81.2855 42.7227 7
    endloop
  endfacet
  facet normal -0 0 1
    outer loop
      vertex 81.0237 44.376 7
      vertex 82.5118 44.188 7
      vertex 81.0531 44.5621 7
    endloop
  endfacet
  facet normal 0 0 1
    outer loop
      vertex 82.5734 43.5365 7
      vertex 81.1468 43.0729 7
      vertex 81.2107 42.8956 7
    endloop
  endfacet
  facet normal 0 0 1
    outer loop
      vertex 82.5118 44.188 7
      vertex 81.0237 44.376 7
      vertex 82.503 44.0942 7
    endloop
  endfacet
  facet normal 0 0 1
    outer loop
      vertex 82.5471 43.627 7
      vertex 81.0943 43.2539 7
      vertex 81.1468 43.0729 7
    endloop
  endfacet
  facet normal -0 0 1
    outer loop
      vertex 81.0059 44.1884 7
      vertex 82.503 44.0942 7
      vertex 81.0237 44.376 7
    endloop
  endfacet
  facet normal 0 0 1
    outer loop
      vertex 82.5266 43.7189 7
      vertex 81.0531 43.4379 7
      vertex 81.0943 43.2539 7
    endloop
  endfacet
  facet normal 0 0 1
    outer loop
      vertex 82.503 44.0942 7
      vertex 81.0059 44.1884 7
      vertex 82.5 44 7
    endloop
  endfacet
  facet normal 0 0 1
    outer loop
      vertex 82.5118 43.812 7
      vertex 81.0237 43.624 7
      vertex 81.0531 43.4379 7
    endloop
  endfacet
  facet normal 0 0 1
    outer loop
      vertex 81 44 7
      vertex 82.5 44 7
      vertex 81.0059 44.1884 7
    endloop
  endfacet
  facet normal 0 0 1
    outer loop
      vertex 82.503 43.9058 7
      vertex 81.0059 43.8116 7
      vertex 81.0237 43.624 7
    endloop
  endfacet
  facet normal 0 0 1
    outer loop
      vertex 82.5 44 7
      vertex 81 44 7
      vertex 81.0059 43.8116 7
    endloop
  endfacet
  facet normal -0.509044 0.86074 0
    outer loop
      vertex 82.5547 46.6289 2
      vertex 82.3925 46.533 7
      vertex 82.5547 46.6289 7
    endloop
  endfacet
  facet normal -0.509044 0.86074 0
    outer loop
      vertex 82.3925 46.533 7
      vertex 82.5547 46.6289 2
      vertex 82.3925 46.533 2
    endloop
  endfacet
  facet normal -0.661303 0.750119 0
    outer loop
      vertex 82.0877 46.3115 2
      vertex 81.9464 46.1869 7
      vertex 82.0877 46.3115 7
    endloop
  endfacet
  facet normal -0.661303 0.750119 0
    outer loop
      vertex 81.9464 46.1869 7
      vertex 82.0877 46.3115 2
      vertex 81.9464 46.1869 2
    endloop
  endfacet
  facet normal -0.562072 0.827088 0
    outer loop
      vertex 82.3925 46.533 2
      vertex 82.2366 46.4271 7
      vertex 82.3925 46.533 7
    endloop
  endfacet
  facet normal -0.562072 0.827088 0
    outer loop
      vertex 82.2366 46.4271 7
      vertex 82.3925 46.533 2
      vertex 82.2366 46.4271 2
    endloop
  endfacet
  facet normal -0.338733 0.940883 0
    outer loop
      vertex 83.073 46.8532 2
      vertex 82.8956 46.7893 7
      vertex 83.073 46.8532 7
    endloop
  endfacet
  facet normal -0.338733 0.940883 0
    outer loop
      vertex 82.8956 46.7893 7
      vertex 83.073 46.8532 2
      vertex 82.8956 46.7893 2
    endloop
  endfacet
  facet normal -0.397144 0.917756 0
    outer loop
      vertex 82.8956 46.7893 2
      vertex 82.7227 46.7145 7
      vertex 82.8956 46.7893 7
    endloop
  endfacet
  facet normal -0.397144 0.917756 0
    outer loop
      vertex 82.7227 46.7145 7
      vertex 82.8956 46.7893 2
      vertex 82.7227 46.7145 2
    endloop
  endfacet
  facet normal -0.279007 0.960289 0
    outer loop
      vertex 83.2539 46.9058 2
      vertex 83.073 46.8532 7
      vertex 83.2539 46.9058 7
    endloop
  endfacet
  facet normal -0.279007 0.960289 0
    outer loop
      vertex 83.073 46.8532 7
      vertex 83.2539 46.9058 2
      vertex 83.073 46.8532 2
    endloop
  endfacet
  facet normal -0.0941194 0.995561 0
    outer loop
      vertex 83.8116 46.9941 2
      vertex 83.624 46.9763 7
      vertex 83.8116 46.9941 7
    endloop
  endfacet
  facet normal -0.0941194 0.995561 0
    outer loop
      vertex 83.624 46.9763 7
      vertex 83.8116 46.9941 2
      vertex 83.624 46.9763 2
    endloop
  endfacet
  facet normal 0.999506 -0.0314142 0
    outer loop
      vertex 86.9941 43.8116 7
      vertex 87 44 2
      vertex 87 44 7
    endloop
  endfacet
  facet normal 0.999506 -0.0314142 0
    outer loop
      vertex 87 44 2
      vertex 86.9941 43.8116 7
      vertex 86.9941 43.8116 2
    endloop
  endfacet
  facet normal 0.0940994 -0.995563 0
    outer loop
      vertex 84.1884 41.0059 2
      vertex 84.376 41.0237 7
      vertex 84.1884 41.0059 7
    endloop
  endfacet
  facet normal 0.0940994 -0.995563 0
    outer loop
      vertex 84.376 41.0237 7
      vertex 84.1884 41.0059 2
      vertex 84.376 41.0237 2
    endloop
  endfacet
  facet normal 0.218133 -0.975919 0
    outer loop
      vertex 84.5621 41.0531 2
      vertex 84.7461 41.0942 7
      vertex 84.5621 41.0531 7
    endloop
  endfacet
  facet normal 0.218133 -0.975919 0
    outer loop
      vertex 84.7461 41.0942 7
      vertex 84.5621 41.0531 2
      vertex 84.7461 41.0942 2
    endloop
  endfacet
  facet normal 0.453986 -0.891009 0
    outer loop
      vertex 85.2773 41.2855 2
      vertex 85.4453 41.3711 7
      vertex 85.2773 41.2855 7
    endloop
  endfacet
  facet normal 0.453986 -0.891009 0
    outer loop
      vertex 85.4453 41.3711 7
      vertex 85.2773 41.2855 2
      vertex 85.4453 41.3711 2
    endloop
  endfacet
  facet normal 0.75011 -0.661313 0
    outer loop
      vertex 86.1869 41.9464 7
      vertex 86.3115 42.0877 2
      vertex 86.3115 42.0877 7
    endloop
  endfacet
  facet normal 0.75011 -0.661313 0
    outer loop
      vertex 86.3115 42.0877 2
      vertex 86.1869 41.9464 7
      vertex 86.1869 41.9464 2
    endloop
  endfacet
  facet normal 0.509044 -0.86074 0
    outer loop
      vertex 85.4453 41.3711 2
      vertex 85.6075 41.467 7
      vertex 85.4453 41.3711 7
    endloop
  endfacet
  facet normal 0.509044 -0.86074 0
    outer loop
      vertex 85.6075 41.467 7
      vertex 85.4453 41.3711 2
      vertex 85.6075 41.467 2
    endloop
  endfacet
  facet normal 0.827072 -0.562096 0
    outer loop
      vertex 86.427 42.2366 7
      vertex 86.533 42.3925 2
      vertex 86.533 42.3925 7
    endloop
  endfacet
  facet normal 0.827072 -0.562096 0
    outer loop
      vertex 86.533 42.3925 2
      vertex 86.427 42.2366 7
      vertex 86.427 42.2366 2
    endloop
  endfacet
  facet normal 0.917746 -0.397168 0
    outer loop
      vertex 86.7145 42.7227 7
      vertex 86.7893 42.8956 2
      vertex 86.7893 42.8956 7
    endloop
  endfacet
  facet normal 0.917746 -0.397168 0
    outer loop
      vertex 86.7893 42.8956 2
      vertex 86.7145 42.7227 7
      vertex 86.7145 42.7227 2
    endloop
  endfacet
  facet normal 0.940876 -0.338751 0
    outer loop
      vertex 86.7893 42.8956 7
      vertex 86.8532 43.0729 2
      vertex 86.8532 43.0729 7
    endloop
  endfacet
  facet normal 0.940876 -0.338751 0
    outer loop
      vertex 86.8532 43.0729 2
      vertex 86.7893 42.8956 7
      vertex 86.7893 42.8956 2
    endloop
  endfacet
  facet normal 0.975914 -0.218156 0
    outer loop
      vertex 86.9057 43.2539 7
      vertex 86.9469 43.4379 2
      vertex 86.9469 43.4379 7
    endloop
  endfacet
  facet normal 0.975914 -0.218156 0
    outer loop
      vertex 86.9469 43.4379 2
      vertex 86.9057 43.2539 7
      vertex 86.9057 43.2539 2
    endloop
  endfacet
  facet normal 0.995561 -0.0941194 0
    outer loop
      vertex 86.9763 43.624 7
      vertex 86.9941 43.8116 2
      vertex 86.9941 43.8116 7
    endloop
  endfacet
  facet normal 0.995561 -0.0941194 0
    outer loop
      vertex 86.9941 43.8116 2
      vertex 86.9763 43.624 7
      vertex 86.9763 43.624 2
    endloop
  endfacet
  facet normal -0.562072 -0.827088 0
    outer loop
      vertex 82.2366 41.5729 2
      vertex 82.3925 41.467 7
      vertex 82.2366 41.5729 7
    endloop
  endfacet
  facet normal -0.562072 -0.827088 -0
    outer loop
      vertex 82.3925 41.467 7
      vertex 82.2366 41.5729 2
      vertex 82.3925 41.467 2
    endloop
  endfacet
  facet normal -0.338751 -0.940876 0
    outer loop
      vertex 82.8956 41.2107 2
      vertex 83.073 41.1468 7
      vertex 82.8956 41.2107 7
    endloop
  endfacet
  facet normal -0.338751 -0.940876 -0
    outer loop
      vertex 83.073 41.1468 7
      vertex 82.8956 41.2107 2
      vertex 83.073 41.1468 2
    endloop
  endfacet
  facet normal -0.397144 -0.917756 0
    outer loop
      vertex 82.7227 41.2855 2
      vertex 82.8956 41.2107 7
      vertex 82.7227 41.2855 7
    endloop
  endfacet
  facet normal -0.397144 -0.917756 -0
    outer loop
      vertex 82.8956 41.2107 7
      vertex 82.7227 41.2855 2
      vertex 82.8956 41.2107 2
    endloop
  endfacet
  facet normal -0.156444 -0.987687 0
    outer loop
      vertex 83.4379 41.0531 2
      vertex 83.624 41.0237 7
      vertex 83.4379 41.0531 7
    endloop
  endfacet
  facet normal -0.156444 -0.987687 -0
    outer loop
      vertex 83.624 41.0237 7
      vertex 83.4379 41.0531 2
      vertex 83.624 41.0237 2
    endloop
  endfacet
  facet normal -0.218133 -0.975919 0
    outer loop
      vertex 83.2539 41.0942 2
      vertex 83.4379 41.0531 7
      vertex 83.2539 41.0942 7
    endloop
  endfacet
  facet normal -0.218133 -0.975919 -0
    outer loop
      vertex 83.4379 41.0531 7
      vertex 83.2539 41.0942 2
      vertex 83.4379 41.0531 2
    endloop
  endfacet
  facet normal -0.0314142 -0.999506 0
    outer loop
      vertex 83.8116 41.0059 2
      vertex 84 41 7
      vertex 83.8116 41.0059 7
    endloop
  endfacet
  facet normal -0.0314142 -0.999506 -0
    outer loop
      vertex 84 41 7
      vertex 83.8116 41.0059 2
      vertex 84 41 2
    endloop
  endfacet
  facet normal -0.790165 -0.612895 0
    outer loop
      vertex 81.6885 42.0877 2
      vertex 81.573 42.2366 7
      vertex 81.573 42.2366 2
    endloop
  endfacet
  facet normal -0.790165 -0.612895 0
    outer loop
      vertex 81.573 42.2366 7
      vertex 81.6885 42.0877 2
      vertex 81.6885 42.0877 7
    endloop
  endfacet
  facet normal -0.940876 -0.338751 0
    outer loop
      vertex 81.2107 42.8956 2
      vertex 81.1468 43.0729 7
      vertex 81.1468 43.0729 2
    endloop
  endfacet
  facet normal -0.940876 -0.338751 0
    outer loop
      vertex 81.1468 43.0729 7
      vertex 81.2107 42.8956 2
      vertex 81.2107 42.8956 7
    endloop
  endfacet
  facet normal -0.891021 -0.453961 0
    outer loop
      vertex 81.3711 42.5547 2
      vertex 81.2855 42.7227 7
      vertex 81.2855 42.7227 2
    endloop
  endfacet
  facet normal -0.891021 -0.453961 0
    outer loop
      vertex 81.2855 42.7227 7
      vertex 81.3711 42.5547 2
      vertex 81.3711 42.5547 7
    endloop
  endfacet
  facet normal -0.975914 -0.218156 0
    outer loop
      vertex 81.0943 43.2539 2
      vertex 81.0531 43.4379 7
      vertex 81.0531 43.4379 2
    endloop
  endfacet
  facet normal -0.975914 -0.218156 0
    outer loop
      vertex 81.0531 43.4379 7
      vertex 81.0943 43.2539 2
      vertex 81.0943 43.2539 7
    endloop
  endfacet
  facet normal -0.995561 -0.0941194 0
    outer loop
      vertex 81.0237 43.624 2
      vertex 81.0059 43.8116 7
      vertex 81.0059 43.8116 2
    endloop
  endfacet
  facet normal -0.995561 -0.0941194 0
    outer loop
      vertex 81.0059 43.8116 7
      vertex 81.0237 43.624 2
      vertex 81.0237 43.624 7
    endloop
  endfacet
  facet normal 0.707107 0.707107 0
    outer loop
      vertex 86.1869 46.0536 7
      vertex 86.0536 46.1869 2
      vertex 86.0536 46.1869 7
    endloop
  endfacet
  facet normal 0.707107 0.707107 0
    outer loop
      vertex 86.0536 46.1869 2
      vertex 86.1869 46.0536 7
      vertex 86.1869 46.0536 2
    endloop
  endfacet
  facet normal 0.397144 0.917756 -0
    outer loop
      vertex 85.2773 46.7145 2
      vertex 85.1044 46.7893 7
      vertex 85.2773 46.7145 7
    endloop
  endfacet
  facet normal 0.397144 0.917756 0
    outer loop
      vertex 85.1044 46.7893 7
      vertex 85.2773 46.7145 2
      vertex 85.1044 46.7893 2
    endloop
  endfacet
  facet normal -0.860735 0.509053 0
    outer loop
      vertex 81.3711 45.4453 2
      vertex 81.467 45.6075 7
      vertex 81.467 45.6075 2
    endloop
  endfacet
  facet normal -0.860735 0.509053 0
    outer loop
      vertex 81.467 45.6075 7
      vertex 81.3711 45.4453 2
      vertex 81.3711 45.4453 7
    endloop
  endfacet
  facet normal -0.827079 0.562086 0
    outer loop
      vertex 81.467 45.6075 2
      vertex 81.573 45.7634 7
      vertex 81.573 45.7634 2
    endloop
  endfacet
  facet normal -0.827079 0.562086 0
    outer loop
      vertex 81.573 45.7634 7
      vertex 81.467 45.6075 2
      vertex 81.467 45.6075 7
    endloop
  endfacet
  facet normal -0.999506 -0.0314142 0
    outer loop
      vertex 81.0059 43.8116 2
      vertex 81 44 7
      vertex 81 44 2
    endloop
  endfacet
  facet normal -0.999506 -0.0314142 0
    outer loop
      vertex 81 44 7
      vertex 81.0059 43.8116 2
      vertex 81.0059 43.8116 7
    endloop
  endfacet
  facet normal -0.707107 0.707107 0
    outer loop
      vertex 81.8131 46.0536 2
      vertex 81.9464 46.1869 7
      vertex 81.9464 46.1869 2
    endloop
  endfacet
  facet normal -0.707107 0.707107 0
    outer loop
      vertex 81.9464 46.1869 7
      vertex 81.8131 46.0536 2
      vertex 81.8131 46.0536 7
    endloop
  endfacet
  facet normal 0.156444 -0.987687 0
    outer loop
      vertex 84.376 41.0237 2
      vertex 84.5621 41.0531 7
      vertex 84.376 41.0237 7
    endloop
  endfacet
  facet normal 0.156444 -0.987687 0
    outer loop
      vertex 84.5621 41.0531 7
      vertex 84.376 41.0237 2
      vertex 84.5621 41.0531 2
    endloop
  endfacet
  facet normal 0.278988 -0.960295 0
    outer loop
      vertex 84.7461 41.0942 2
      vertex 84.927 41.1468 7
      vertex 84.7461 41.0942 7
    endloop
  endfacet
  facet normal 0.278988 -0.960295 0
    outer loop
      vertex 84.927 41.1468 7
      vertex 84.7461 41.0942 2
      vertex 84.927 41.1468 2
    endloop
  endfacet
  facet normal 0.397144 -0.917756 0
    outer loop
      vertex 85.1044 41.2107 2
      vertex 85.2773 41.2855 7
      vertex 85.1044 41.2107 7
    endloop
  endfacet
  facet normal 0.397144 -0.917756 0
    outer loop
      vertex 85.2773 41.2855 7
      vertex 85.1044 41.2107 2
      vertex 85.2773 41.2855 2
    endloop
  endfacet
  facet normal 0.860735 -0.509053 0
    outer loop
      vertex 86.533 42.3925 7
      vertex 86.6289 42.5547 2
      vertex 86.6289 42.5547 7
    endloop
  endfacet
  facet normal 0.860735 -0.509053 0
    outer loop
      vertex 86.6289 42.5547 2
      vertex 86.533 42.3925 7
      vertex 86.533 42.3925 2
    endloop
  endfacet
  facet normal -0.661303 -0.750119 0
    outer loop
      vertex 81.9464 41.8131 2
      vertex 82.0877 41.6885 7
      vertex 81.9464 41.8131 7
    endloop
  endfacet
  facet normal -0.661303 -0.750119 -0
    outer loop
      vertex 82.0877 41.6885 7
      vertex 81.9464 41.8131 2
      vertex 82.0877 41.6885 2
    endloop
  endfacet
  facet normal -0.827072 -0.562096 0
    outer loop
      vertex 81.573 42.2366 2
      vertex 81.467 42.3925 7
      vertex 81.467 42.3925 2
    endloop
  endfacet
  facet normal -0.827072 -0.562096 0
    outer loop
      vertex 81.467 42.3925 7
      vertex 81.573 42.2366 2
      vertex 81.573 42.2366 7
    endloop
  endfacet
  facet normal -0.917746 -0.397168 0
    outer loop
      vertex 81.2855 42.7227 2
      vertex 81.2107 42.8956 7
      vertex 81.2107 42.8956 2
    endloop
  endfacet
  facet normal -0.917746 -0.397168 0
    outer loop
      vertex 81.2107 42.8956 7
      vertex 81.2855 42.7227 2
      vertex 81.2855 42.7227 7
    endloop
  endfacet
  facet normal -0.98769 -0.156421 0
    outer loop
      vertex 81.0531 43.4379 2
      vertex 81.0237 43.624 7
      vertex 81.0237 43.624 2
    endloop
  endfacet
  facet normal -0.98769 -0.156421 0
    outer loop
      vertex 81.0237 43.624 7
      vertex 81.0531 43.4379 2
      vertex 81.0531 43.4379 7
    endloop
  endfacet
  facet normal 0.98769 -0.156421 0
    outer loop
      vertex 86.9469 43.4379 7
      vertex 86.9763 43.624 2
      vertex 86.9763 43.624 7
    endloop
  endfacet
  facet normal 0.98769 -0.156421 0
    outer loop
      vertex 86.9763 43.624 2
      vertex 86.9469 43.4379 7
      vertex 86.9469 43.4379 2
    endloop
  endfacet
  facet normal -0.999506 -0.0314142 0
    outer loop
      vertex 10.5 13 2
      vertex 10.497 13.0942 7
      vertex 10.497 13.0942 2
    endloop
  endfacet
  facet normal -0.999506 -0.0314142 0
    outer loop
      vertex 10.497 13.0942 7
      vertex 10.5 13 2
      vertex 10.5 13 7
    endloop
  endfacet
  facet normal 0.0314139 -0.999506 0
    outer loop
      vertex 8.90581 14.497 2
      vertex 9 14.5 7
      vertex 8.90581 14.497 7
    endloop
  endfacet
  facet normal 0.0314139 -0.999506 0
    outer loop
      vertex 9 14.5 7
      vertex 8.90581 14.497 2
      vertex 9 14.5 2
    endloop
  endfacet
  facet normal -0.0314041 0.999507 0
    outer loop
      vertex 9.09418 11.503 2
      vertex 9 11.5 7
      vertex 9.09418 11.503 7
    endloop
  endfacet
  facet normal -0.0314041 0.999507 0
    outer loop
      vertex 9 11.5 7
      vertex 9.09418 11.503 2
      vertex 9 11.5 2
    endloop
  endfacet
  facet normal -0.661313 -0.75011 0
    outer loop
      vertex 9.95614 14.1558 2
      vertex 10.0268 14.0935 7
      vertex 9.95614 14.1558 7
    endloop
  endfacet
  facet normal -0.661313 -0.75011 -0
    outer loop
      vertex 10.0268 14.0935 7
      vertex 9.95614 14.1558 2
      vertex 10.0268 14.0935 2
    endloop
  endfacet
  facet normal 0.75011 -0.661313 0
    outer loop
      vertex 7.84423 13.9561 7
      vertex 7.90655 14.0268 2
      vertex 7.90655 14.0268 7
    endloop
  endfacet
  facet normal 0.75011 -0.661313 0
    outer loop
      vertex 7.90655 14.0268 2
      vertex 7.84423 13.9561 7
      vertex 7.84423 13.9561 2
    endloop
  endfacet
  facet normal 0.453981 -0.891011 0
    outer loop
      vertex 8.27737 14.3145 2
      vertex 8.36133 14.3572 7
      vertex 8.27737 14.3145 7
    endloop
  endfacet
  facet normal 0.453981 -0.891011 0
    outer loop
      vertex 8.36133 14.3572 7
      vertex 8.27737 14.3145 2
      vertex 8.36133 14.3572 2
    endloop
  endfacet
  facet normal -0.75011 0.661313 0
    outer loop
      vertex 10.0935 11.9732 2
      vertex 10.1558 12.0439 7
      vertex 10.1558 12.0439 2
    endloop
  endfacet
  facet normal -0.75011 0.661313 0
    outer loop
      vertex 10.1558 12.0439 7
      vertex 10.0935 11.9732 2
      vertex 10.0935 11.9732 7
    endloop
  endfacet
  facet normal -0.891011 -0.453981 0
    outer loop
      vertex 10.3572 13.6387 2
      vertex 10.3145 13.7226 7
      vertex 10.3145 13.7226 2
    endloop
  endfacet
  facet normal -0.891011 -0.453981 0
    outer loop
      vertex 10.3145 13.7226 7
      vertex 10.3572 13.6387 2
      vertex 10.3572 13.6387 7
    endloop
  endfacet
  facet normal -0.338742 -0.940879 0
    outer loop
      vertex 9.46352 14.4266 2
      vertex 9.55219 14.3947 7
      vertex 9.46352 14.4266 7
    endloop
  endfacet
  facet normal -0.338742 -0.940879 -0
    outer loop
      vertex 9.55219 14.3947 7
      vertex 9.46352 14.4266 2
      vertex 9.55219 14.3947 2
    endloop
  endfacet
  facet normal -0.50905 -0.860737 0
    outer loop
      vertex 9.72263 14.3145 2
      vertex 9.80374 14.2665 7
      vertex 9.72263 14.3145 7
    endloop
  endfacet
  facet normal -0.50905 -0.860737 -0
    outer loop
      vertex 9.80374 14.2665 7
      vertex 9.72263 14.3145 2
      vertex 9.80374 14.2665 2
    endloop
  endfacet
  facet normal 0.940879 -0.338742 0
    outer loop
      vertex 7.57341 13.4635 7
      vertex 7.60534 13.5522 2
      vertex 7.60534 13.5522 7
    endloop
  endfacet
  facet normal 0.940879 -0.338742 0
    outer loop
      vertex 7.60534 13.5522 2
      vertex 7.57341 13.4635 7
      vertex 7.57341 13.4635 2
    endloop
  endfacet
  facet normal 0.218147 -0.975916 0
    outer loop
      vertex 8.62696 14.4529 2
      vertex 8.71893 14.4734 7
      vertex 8.62696 14.4529 7
    endloop
  endfacet
  facet normal 0.218147 -0.975916 0
    outer loop
      vertex 8.71893 14.4734 7
      vertex 8.62696 14.4529 2
      vertex 8.71893 14.4734 2
    endloop
  endfacet
  facet normal -0.975916 -0.218147 0
    outer loop
      vertex 10.4734 13.2811 2
      vertex 10.4529 13.373 7
      vertex 10.4529 13.373 2
    endloop
  endfacet
  facet normal -0.975916 -0.218147 0
    outer loop
      vertex 10.4529 13.373 7
      vertex 10.4734 13.2811 2
      vertex 10.4734 13.2811 7
    endloop
  endfacet
  facet normal -0.790156 -0.612906 0
    outer loop
      vertex 10.2135 13.8817 2
      vertex 10.1558 13.9561 7
      vertex 10.1558 13.9561 2
    endloop
  endfacet
  facet normal -0.790156 -0.612906 0
    outer loop
      vertex 10.1558 13.9561 7
      vertex 10.2135 13.8817 2
      vertex 10.2135 13.8817 7
    endloop
  endfacet
  facet normal -0.75011 -0.661313 0
    outer loop
      vertex 10.1558 13.9561 2
      vertex 10.0935 14.0268 7
      vertex 10.0935 14.0268 2
    endloop
  endfacet
  facet normal -0.75011 -0.661313 0
    outer loop
      vertex 10.0935 14.0268 7
      vertex 10.1558 13.9561 2
      vertex 10.1558 13.9561 7
    endloop
  endfacet
  facet normal -0.827083 -0.562079 0
    outer loop
      vertex 10.2665 13.8037 2
      vertex 10.2135 13.8817 7
      vertex 10.2135 13.8817 2
    endloop
  endfacet
  facet normal -0.827083 -0.562079 0
    outer loop
      vertex 10.2135 13.8817 7
      vertex 10.2665 13.8037 2
      vertex 10.2665 13.8037 7
    endloop
  endfacet
  facet normal -0.156432 -0.987689 0
    outer loop
      vertex 9.188 14.4882 2
      vertex 9.28107 14.4734 7
      vertex 9.188 14.4882 7
    endloop
  endfacet
  facet normal -0.156432 -0.987689 -0
    outer loop
      vertex 9.28107 14.4734 7
      vertex 9.188 14.4882 2
      vertex 9.28107 14.4734 2
    endloop
  endfacet
  facet normal -0.612906 -0.790156 0
    outer loop
      vertex 9.88168 14.2135 2
      vertex 9.95614 14.1558 7
      vertex 9.88168 14.2135 7
    endloop
  endfacet
  facet normal -0.612906 -0.790156 -0
    outer loop
      vertex 9.95614 14.1558 7
      vertex 9.88168 14.2135 2
      vertex 9.95614 14.1558 2
    endloop
  endfacet
  facet normal 0.987689 -0.156432 0
    outer loop
      vertex 7.51183 13.188 7
      vertex 7.52657 13.2811 2
      vertex 7.52657 13.2811 7
    endloop
  endfacet
  facet normal 0.987689 -0.156432 0
    outer loop
      vertex 7.52657 13.2811 2
      vertex 7.51183 13.188 7
      vertex 7.51183 13.188 2
    endloop
  endfacet
  facet normal 0.860737 -0.50905 0
    outer loop
      vertex 7.68554 13.7226 7
      vertex 7.73351 13.8037 2
      vertex 7.73351 13.8037 7
    endloop
  endfacet
  facet normal 0.860737 -0.50905 0
    outer loop
      vertex 7.73351 13.8037 2
      vertex 7.68554 13.7226 7
      vertex 7.68554 13.7226 2
    endloop
  endfacet
  facet normal 0.790156 -0.612906 0
    outer loop
      vertex 7.78647 13.8817 7
      vertex 7.84423 13.9561 2
      vertex 7.84423 13.9561 7
    endloop
  endfacet
  facet normal 0.790156 -0.612906 0
    outer loop
      vertex 7.84423 13.9561 2
      vertex 7.78647 13.8817 7
      vertex 7.78647 13.8817 2
    endloop
  endfacet
  facet normal 0.995562 -0.0941094 0
    outer loop
      vertex 7.50296 13.0942 7
      vertex 7.51183 13.188 2
      vertex 7.51183 13.188 7
    endloop
  endfacet
  facet normal 0.995562 -0.0941094 0
    outer loop
      vertex 7.51183 13.188 2
      vertex 7.50296 13.0942 7
      vertex 7.50296 13.0942 2
    endloop
  endfacet
  facet normal 0.612906 -0.790156 0
    outer loop
      vertex 8.04386 14.1558 2
      vertex 8.11832 14.2135 7
      vertex 8.04386 14.1558 7
    endloop
  endfacet
  facet normal 0.612906 -0.790156 0
    outer loop
      vertex 8.11832 14.2135 7
      vertex 8.04386 14.1558 2
      vertex 8.11832 14.2135 2
    endloop
  endfacet
  facet normal 0.661313 -0.75011 0
    outer loop
      vertex 7.97318 14.0935 2
      vertex 8.04386 14.1558 7
      vertex 7.97318 14.0935 7
    endloop
  endfacet
  facet normal 0.661313 -0.75011 0
    outer loop
      vertex 8.04386 14.1558 7
      vertex 7.97318 14.0935 2
      vertex 8.04386 14.1558 2
    endloop
  endfacet
  facet normal 0.156432 -0.987689 0
    outer loop
      vertex 8.71893 14.4734 2
      vertex 8.812 14.4882 7
      vertex 8.71893 14.4734 7
    endloop
  endfacet
  facet normal 0.156432 -0.987689 0
    outer loop
      vertex 8.812 14.4882 7
      vertex 8.71893 14.4734 2
      vertex 8.812 14.4882 2
    endloop
  endfacet
  facet normal -0.987689 0.156432 0
    outer loop
      vertex 10.4734 12.7189 2
      vertex 10.4882 12.812 7
      vertex 10.4882 12.812 2
    endloop
  endfacet
  facet normal -0.987689 0.156432 0
    outer loop
      vertex 10.4882 12.812 7
      vertex 10.4734 12.7189 2
      vertex 10.4734 12.7189 7
    endloop
  endfacet
  facet normal -0.661313 0.75011 0
    outer loop
      vertex 10.0268 11.9065 2
      vertex 9.95614 11.8442 7
      vertex 10.0268 11.9065 7
    endloop
  endfacet
  facet normal -0.661313 0.75011 0
    outer loop
      vertex 9.95614 11.8442 7
      vertex 10.0268 11.9065 2
      vertex 9.95614 11.8442 2
    endloop
  endfacet
  facet normal -0.790156 0.612906 0
    outer loop
      vertex 10.1558 12.0439 2
      vertex 10.2135 12.1183 7
      vertex 10.2135 12.1183 2
    endloop
  endfacet
  facet normal -0.790156 0.612906 0
    outer loop
      vertex 10.2135 12.1183 7
      vertex 10.1558 12.0439 2
      vertex 10.1558 12.0439 7
    endloop
  endfacet
  facet normal 0.612906 0.790156 -0
    outer loop
      vertex 8.11832 11.7865 2
      vertex 8.04386 11.8442 7
      vertex 8.11832 11.7865 7
    endloop
  endfacet
  facet normal 0.612906 0.790156 0
    outer loop
      vertex 8.04386 11.8442 7
      vertex 8.11832 11.7865 2
      vertex 8.04386 11.8442 2
    endloop
  endfacet
  facet normal 0.0941094 0.995562 -0
    outer loop
      vertex 8.90581 11.503 2
      vertex 8.812 11.5118 7
      vertex 8.90581 11.503 7
    endloop
  endfacet
  facet normal 0.0941094 0.995562 0
    outer loop
      vertex 8.812 11.5118 7
      vertex 8.90581 11.503 2
      vertex 8.812 11.5118 2
    endloop
  endfacet
  facet normal 0.75011 0.661313 0
    outer loop
      vertex 7.90655 11.9732 7
      vertex 7.84423 12.0439 2
      vertex 7.84423 12.0439 7
    endloop
  endfacet
  facet normal 0.75011 0.661313 0
    outer loop
      vertex 7.84423 12.0439 2
      vertex 7.90655 11.9732 7
      vertex 7.90655 11.9732 2
    endloop
  endfacet
  facet normal 0.661313 0.75011 -0
    outer loop
      vertex 8.04386 11.8442 2
      vertex 7.97318 11.9065 7
      vertex 8.04386 11.8442 7
    endloop
  endfacet
  facet normal 0.661313 0.75011 0
    outer loop
      vertex 7.97318 11.9065 7
      vertex 8.04386 11.8442 2
      vertex 7.97318 11.9065 2
    endloop
  endfacet
  facet normal 0.891011 0.453981 0
    outer loop
      vertex 7.68554 12.2774 7
      vertex 7.64276 12.3613 2
      vertex 7.64276 12.3613 7
    endloop
  endfacet
  facet normal 0.891011 0.453981 0
    outer loop
      vertex 7.64276 12.3613 2
      vertex 7.68554 12.2774 7
      vertex 7.68554 12.2774 2
    endloop
  endfacet
  facet normal -0.987689 -0.156432 0
    outer loop
      vertex 10.4882 13.188 2
      vertex 10.4734 13.2811 7
      vertex 10.4734 13.2811 2
    endloop
  endfacet
  facet normal -0.987689 -0.156432 0
    outer loop
      vertex 10.4734 13.2811 7
      vertex 10.4882 13.188 2
      vertex 10.4882 13.188 7
    endloop
  endfacet
  facet normal -0.995562 -0.0941094 0
    outer loop
      vertex 10.497 13.0942 2
      vertex 10.4882 13.188 7
      vertex 10.4882 13.188 2
    endloop
  endfacet
  facet normal -0.995562 -0.0941094 0
    outer loop
      vertex 10.4882 13.188 7
      vertex 10.497 13.0942 2
      vertex 10.497 13.0942 7
    endloop
  endfacet
  facet normal -0.940879 -0.338742 0
    outer loop
      vertex 10.4266 13.4635 2
      vertex 10.3947 13.5522 7
      vertex 10.3947 13.5522 2
    endloop
  endfacet
  facet normal -0.940879 -0.338742 0
    outer loop
      vertex 10.3947 13.5522 7
      vertex 10.4266 13.4635 2
      vertex 10.4266 13.4635 7
    endloop
  endfacet
  facet normal -0.917755 -0.397148 0
    outer loop
      vertex 10.3947 13.5522 2
      vertex 10.3572 13.6387 7
      vertex 10.3572 13.6387 2
    endloop
  endfacet
  facet normal -0.917755 -0.397148 0
    outer loop
      vertex 10.3572 13.6387 7
      vertex 10.3947 13.5522 2
      vertex 10.3947 13.5522 7
    endloop
  endfacet
  facet normal -0.960293 -0.278992 0
    outer loop
      vertex 10.4529 13.373 2
      vertex 10.4266 13.4635 7
      vertex 10.4266 13.4635 2
    endloop
  endfacet
  facet normal -0.960293 -0.278992 0
    outer loop
      vertex 10.4266 13.4635 7
      vertex 10.4529 13.373 2
      vertex 10.4529 13.373 7
    endloop
  endfacet
  facet normal -0.707107 -0.707107 0
    outer loop
      vertex 10.0935 14.0268 2
      vertex 10.0268 14.0935 7
      vertex 10.0268 14.0935 2
    endloop
  endfacet
  facet normal -0.707107 -0.707107 0
    outer loop
      vertex 10.0268 14.0935 7
      vertex 10.0935 14.0268 2
      vertex 10.0935 14.0268 7
    endloop
  endfacet
  facet normal -0.860737 -0.50905 0
    outer loop
      vertex 10.3145 13.7226 2
      vertex 10.2665 13.8037 7
      vertex 10.2665 13.8037 2
    endloop
  endfacet
  facet normal -0.860737 -0.50905 0
    outer loop
      vertex 10.2665 13.8037 7
      vertex 10.3145 13.7226 2
      vertex 10.3145 13.7226 7
    endloop
  endfacet
  facet normal -0.218147 -0.975916 0
    outer loop
      vertex 9.28107 14.4734 2
      vertex 9.37303 14.4529 7
      vertex 9.28107 14.4734 7
    endloop
  endfacet
  facet normal -0.218147 -0.975916 -0
    outer loop
      vertex 9.37303 14.4529 7
      vertex 9.28107 14.4734 2
      vertex 9.37303 14.4529 2
    endloop
  endfacet
  facet normal -0.278992 -0.960293 0
    outer loop
      vertex 9.37303 14.4529 2
      vertex 9.46352 14.4266 7
      vertex 9.37303 14.4529 7
    endloop
  endfacet
  facet normal -0.278992 -0.960293 -0
    outer loop
      vertex 9.46352 14.4266 7
      vertex 9.37303 14.4529 2
      vertex 9.46352 14.4266 2
    endloop
  endfacet
  facet normal -0.0941094 -0.995562 0
    outer loop
      vertex 9.09418 14.497 2
      vertex 9.188 14.4882 7
      vertex 9.09418 14.497 7
    endloop
  endfacet
  facet normal -0.0941094 -0.995562 -0
    outer loop
      vertex 9.188 14.4882 7
      vertex 9.09418 14.497 2
      vertex 9.188 14.4882 2
    endloop
  endfacet
  facet normal -0.0314142 -0.999506 0
    outer loop
      vertex 9 14.5 2
      vertex 9.09418 14.497 7
      vertex 9 14.5 7
    endloop
  endfacet
  facet normal -0.0314142 -0.999506 -0
    outer loop
      vertex 9.09418 14.497 7
      vertex 9 14.5 2
      vertex 9.09418 14.497 2
    endloop
  endfacet
  facet normal -0.453981 -0.891011 0
    outer loop
      vertex 9.63867 14.3572 2
      vertex 9.72263 14.3145 7
      vertex 9.63867 14.3572 7
    endloop
  endfacet
  facet normal -0.453981 -0.891011 -0
    outer loop
      vertex 9.72263 14.3145 7
      vertex 9.63867 14.3572 2
      vertex 9.72263 14.3145 2
    endloop
  endfacet
  facet normal -0.397148 -0.917755 0
    outer loop
      vertex 9.55219 14.3947 2
      vertex 9.63867 14.3572 7
      vertex 9.55219 14.3947 7
    endloop
  endfacet
  facet normal -0.397148 -0.917755 -0
    outer loop
      vertex 9.63867 14.3572 7
      vertex 9.55219 14.3947 2
      vertex 9.63867 14.3572 2
    endloop
  endfacet
  facet normal -0.562079 -0.827083 0
    outer loop
      vertex 9.80374 14.2665 2
      vertex 9.88168 14.2135 7
      vertex 9.80374 14.2665 7
    endloop
  endfacet
  facet normal -0.562079 -0.827083 -0
    outer loop
      vertex 9.88168 14.2135 7
      vertex 9.80374 14.2665 2
      vertex 9.88168 14.2135 2
    endloop
  endfacet
  facet normal 0.827083 -0.562079 0
    outer loop
      vertex 7.73351 13.8037 7
      vertex 7.78647 13.8817 2
      vertex 7.78647 13.8817 7
    endloop
  endfacet
  facet normal 0.827083 -0.562079 0
    outer loop
      vertex 7.78647 13.8817 2
      vertex 7.73351 13.8037 7
      vertex 7.73351 13.8037 2
    endloop
  endfacet
  facet normal 0.917755 -0.397148 0
    outer loop
      vertex 7.60534 13.5522 7
      vertex 7.64276 13.6387 2
      vertex 7.64276 13.6387 7
    endloop
  endfacet
  facet normal 0.917755 -0.397148 0
    outer loop
      vertex 7.64276 13.6387 2
      vertex 7.60534 13.5522 7
      vertex 7.60534 13.5522 2
    endloop
  endfacet
  facet normal 0.891011 -0.453981 0
    outer loop
      vertex 7.64276 13.6387 7
      vertex 7.68554 13.7226 2
      vertex 7.68554 13.7226 7
    endloop
  endfacet
  facet normal 0.891011 -0.453981 0
    outer loop
      vertex 7.68554 13.7226 2
      vertex 7.64276 13.6387 7
      vertex 7.64276 13.6387 2
    endloop
  endfacet
  facet normal 0.975916 -0.218147 0
    outer loop
      vertex 7.52657 13.2811 7
      vertex 7.54712 13.373 2
      vertex 7.54712 13.373 7
    endloop
  endfacet
  facet normal 0.975916 -0.218147 0
    outer loop
      vertex 7.54712 13.373 2
      vertex 7.52657 13.2811 7
      vertex 7.52657 13.2811 2
    endloop
  endfacet
  facet normal 0.960293 -0.278992 0
    outer loop
      vertex 7.54712 13.373 7
      vertex 7.57341 13.4635 2
      vertex 7.57341 13.4635 7
    endloop
  endfacet
  facet normal 0.960293 -0.278992 0
    outer loop
      vertex 7.57341 13.4635 2
      vertex 7.54712 13.373 7
      vertex 7.54712 13.373 2
    endloop
  endfacet
  facet normal 0.999507 -0.0314041 0
    outer loop
      vertex 7.5 13 7
      vertex 7.50296 13.0942 2
      vertex 7.50296 13.0942 7
    endloop
  endfacet
  facet normal 0.999507 -0.0314041 0
    outer loop
      vertex 7.50296 13.0942 2
      vertex 7.5 13 7
      vertex 7.5 13 2
    endloop
  endfacet
  facet normal 0.562079 -0.827083 0
    outer loop
      vertex 8.11832 14.2135 2
      vertex 8.19626 14.2665 7
      vertex 8.11832 14.2135 7
    endloop
  endfacet
  facet normal 0.562079 -0.827083 0
    outer loop
      vertex 8.19626 14.2665 7
      vertex 8.11832 14.2135 2
      vertex 8.19626 14.2665 2
    endloop
  endfacet
  facet normal 0.50905 -0.860737 0
    outer loop
      vertex 8.19626 14.2665 2
      vertex 8.27737 14.3145 7
      vertex 8.19626 14.2665 7
    endloop
  endfacet
  facet normal 0.50905 -0.860737 0
    outer loop
      vertex 8.27737 14.3145 7
      vertex 8.19626 14.2665 2
      vertex 8.27737 14.3145 2
    endloop
  endfacet
  facet normal 0.707107 -0.707107 0
    outer loop
      vertex 7.90655 14.0268 7
      vertex 7.97318 14.0935 2
      vertex 7.97318 14.0935 7
    endloop
  endfacet
  facet normal 0.707107 -0.707107 0
    outer loop
      vertex 7.97318 14.0935 2
      vertex 7.90655 14.0268 7
      vertex 7.90655 14.0268 2
    endloop
  endfacet
  facet normal 0.338742 -0.940879 0
    outer loop
      vertex 8.44781 14.3947 2
      vertex 8.53647 14.4266 7
      vertex 8.44781 14.3947 7
    endloop
  endfacet
  facet normal 0.338742 -0.940879 0
    outer loop
      vertex 8.53647 14.4266 7
      vertex 8.44781 14.3947 2
      vertex 8.53647 14.4266 2
    endloop
  endfacet
  facet normal 0.278992 -0.960293 0
    outer loop
      vertex 8.53647 14.4266 2
      vertex 8.62696 14.4529 7
      vertex 8.53647 14.4266 7
    endloop
  endfacet
  facet normal 0.278992 -0.960293 0
    outer loop
      vertex 8.62696 14.4529 7
      vertex 8.53647 14.4266 2
      vertex 8.62696 14.4529 2
    endloop
  endfacet
  facet normal 0.397148 -0.917755 0
    outer loop
      vertex 8.36133 14.3572 2
      vertex 8.44781 14.3947 7
      vertex 8.36133 14.3572 7
    endloop
  endfacet
  facet normal 0.397148 -0.917755 0
    outer loop
      vertex 8.44781 14.3947 7
      vertex 8.36133 14.3572 2
      vertex 8.44781 14.3947 2
    endloop
  endfacet
  facet normal 0.0941094 -0.995562 0
    outer loop
      vertex 8.812 14.4882 2
      vertex 8.90581 14.497 7
      vertex 8.812 14.4882 7
    endloop
  endfacet
  facet normal 0.0941094 -0.995562 0
    outer loop
      vertex 8.90581 14.497 7
      vertex 8.812 14.4882 2
      vertex 8.90581 14.497 2
    endloop
  endfacet
  facet normal -0.999506 0.0314139 0
    outer loop
      vertex 10.497 12.9058 2
      vertex 10.5 13 7
      vertex 10.5 13 2
    endloop
  endfacet
  facet normal -0.999506 0.0314139 0
    outer loop
      vertex 10.5 13 7
      vertex 10.497 12.9058 2
      vertex 10.497 12.9058 7
    endloop
  endfacet
  facet normal -0.0941094 0.995562 0
    outer loop
      vertex 9.188 11.5118 2
      vertex 9.09418 11.503 7
      vertex 9.188 11.5118 7
    endloop
  endfacet
  facet normal -0.0941094 0.995562 0
    outer loop
      vertex 9.09418 11.503 7
      vertex 9.188 11.5118 2
      vertex 9.09418 11.503 2
    endloop
  endfacet
  facet normal -0.218147 0.975916 0
    outer loop
      vertex 9.37303 11.5471 2
      vertex 9.28107 11.5266 7
      vertex 9.37303 11.5471 7
    endloop
  endfacet
  facet normal -0.218147 0.975916 0
    outer loop
      vertex 9.28107 11.5266 7
      vertex 9.37303 11.5471 2
      vertex 9.28107 11.5266 2
    endloop
  endfacet
  facet normal -0.397148 0.917755 0
    outer loop
      vertex 9.63867 11.6428 2
      vertex 9.55219 11.6053 7
      vertex 9.63867 11.6428 7
    endloop
  endfacet
  facet normal -0.397148 0.917755 0
    outer loop
      vertex 9.55219 11.6053 7
      vertex 9.63867 11.6428 2
      vertex 9.55219 11.6053 2
    endloop
  endfacet
  facet normal -0.278992 0.960293 0
    outer loop
      vertex 9.46352 11.5734 2
      vertex 9.37303 11.5471 7
      vertex 9.46352 11.5734 7
    endloop
  endfacet
  facet normal -0.278992 0.960293 0
    outer loop
      vertex 9.37303 11.5471 7
      vertex 9.46352 11.5734 2
      vertex 9.37303 11.5471 2
    endloop
  endfacet
  facet normal -0.707107 0.707107 0
    outer loop
      vertex 10.0268 11.9065 2
      vertex 10.0935 11.9732 7
      vertex 10.0935 11.9732 2
    endloop
  endfacet
  facet normal -0.707107 0.707107 0
    outer loop
      vertex 10.0935 11.9732 7
      vertex 10.0268 11.9065 2
      vertex 10.0268 11.9065 7
    endloop
  endfacet
  facet normal -0.612906 0.790156 0
    outer loop
      vertex 9.95614 11.8442 2
      vertex 9.88168 11.7865 7
      vertex 9.95614 11.8442 7
    endloop
  endfacet
  facet normal -0.612906 0.790156 0
    outer loop
      vertex 9.88168 11.7865 7
      vertex 9.95614 11.8442 2
      vertex 9.88168 11.7865 2
    endloop
  endfacet
  facet normal -0.50905 0.860737 0
    outer loop
      vertex 9.80374 11.7335 2
      vertex 9.72263 11.6855 7
      vertex 9.80374 11.7335 7
    endloop
  endfacet
  facet normal -0.50905 0.860737 0
    outer loop
      vertex 9.72263 11.6855 7
      vertex 9.80374 11.7335 2
      vertex 9.72263 11.6855 2
    endloop
  endfacet
  facet normal -0.827083 0.562079 0
    outer loop
      vertex 10.2135 12.1183 2
      vertex 10.2665 12.1963 7
      vertex 10.2665 12.1963 2
    endloop
  endfacet
  facet normal -0.827083 0.562079 0
    outer loop
      vertex 10.2665 12.1963 7
      vertex 10.2135 12.1183 2
      vertex 10.2135 12.1183 7
    endloop
  endfacet
  facet normal -0.940879 0.338742 0
    outer loop
      vertex 10.3947 12.4478 2
      vertex 10.4266 12.5365 7
      vertex 10.4266 12.5365 2
    endloop
  endfacet
  facet normal -0.940879 0.338742 0
    outer loop
      vertex 10.4266 12.5365 7
      vertex 10.3947 12.4478 2
      vertex 10.3947 12.4478 7
    endloop
  endfacet
  facet normal -0.891011 0.453981 0
    outer loop
      vertex 10.3145 12.2774 2
      vertex 10.3572 12.3613 7
      vertex 10.3572 12.3613 2
    endloop
  endfacet
  facet normal -0.891011 0.453981 0
    outer loop
      vertex 10.3572 12.3613 7
      vertex 10.3145 12.2774 2
      vertex 10.3145 12.2774 7
    endloop
  endfacet
  facet normal -0.960293 0.278992 0
    outer loop
      vertex 10.4266 12.5365 2
      vertex 10.4529 12.627 7
      vertex 10.4529 12.627 2
    endloop
  endfacet
  facet normal -0.960293 0.278992 0
    outer loop
      vertex 10.4529 12.627 7
      vertex 10.4266 12.5365 2
      vertex 10.4266 12.5365 7
    endloop
  endfacet
  facet normal 0.562079 0.827083 -0
    outer loop
      vertex 8.19626 11.7335 2
      vertex 8.11832 11.7865 7
      vertex 8.19626 11.7335 7
    endloop
  endfacet
  facet normal 0.562079 0.827083 0
    outer loop
      vertex 8.11832 11.7865 7
      vertex 8.19626 11.7335 2
      vertex 8.11832 11.7865 2
    endloop
  endfacet
  facet normal 0.338742 0.940879 -0
    outer loop
      vertex 8.53647 11.5734 2
      vertex 8.44781 11.6053 7
      vertex 8.53647 11.5734 7
    endloop
  endfacet
  facet normal 0.338742 0.940879 0
    outer loop
      vertex 8.44781 11.6053 7
      vertex 8.53647 11.5734 2
      vertex 8.44781 11.6053 2
    endloop
  endfacet
  facet normal 0.453981 0.891011 -0
    outer loop
      vertex 8.36133 11.6428 2
      vertex 8.27737 11.6855 7
      vertex 8.36133 11.6428 7
    endloop
  endfacet
  facet normal 0.453981 0.891011 0
    outer loop
      vertex 8.27737 11.6855 7
      vertex 8.36133 11.6428 2
      vertex 8.27737 11.6855 2
    endloop
  endfacet
  facet normal 0.278992 0.960293 -0
    outer loop
      vertex 8.62696 11.5471 2
      vertex 8.53647 11.5734 7
      vertex 8.62696 11.5471 7
    endloop
  endfacet
  facet normal 0.278992 0.960293 0
    outer loop
      vertex 8.53647 11.5734 7
      vertex 8.62696 11.5471 2
      vertex 8.53647 11.5734 2
    endloop
  endfacet
  facet normal 0.156432 0.987689 -0
    outer loop
      vertex 8.812 11.5118 2
      vertex 8.71893 11.5266 7
      vertex 8.812 11.5118 7
    endloop
  endfacet
  facet normal 0.156432 0.987689 0
    outer loop
      vertex 8.71893 11.5266 7
      vertex 8.812 11.5118 2
      vertex 8.71893 11.5266 2
    endloop
  endfacet
  facet normal 0.0314038 0.999507 -0
    outer loop
      vertex 9 11.5 2
      vertex 8.90581 11.503 7
      vertex 9 11.5 7
    endloop
  endfacet
  facet normal 0.0314038 0.999507 0
    outer loop
      vertex 8.90581 11.503 7
      vertex 9 11.5 2
      vertex 8.90581 11.503 2
    endloop
  endfacet
  facet normal 0.790156 0.612906 0
    outer loop
      vertex 7.84423 12.0439 7
      vertex 7.78647 12.1183 2
      vertex 7.78647 12.1183 7
    endloop
  endfacet
  facet normal 0.790156 0.612906 0
    outer loop
      vertex 7.78647 12.1183 2
      vertex 7.84423 12.0439 7
      vertex 7.84423 12.0439 2
    endloop
  endfacet
  facet normal 0.860737 0.50905 0
    outer loop
      vertex 7.73351 12.1963 7
      vertex 7.68554 12.2774 2
      vertex 7.68554 12.2774 7
    endloop
  endfacet
  facet normal 0.860737 0.50905 0
    outer loop
      vertex 7.68554 12.2774 2
      vertex 7.73351 12.1963 7
      vertex 7.73351 12.1963 2
    endloop
  endfacet
  facet normal 0.827083 0.562079 0
    outer loop
      vertex 7.78647 12.1183 7
      vertex 7.73351 12.1963 2
      vertex 7.73351 12.1963 7
    endloop
  endfacet
  facet normal 0.827083 0.562079 0
    outer loop
      vertex 7.73351 12.1963 2
      vertex 7.78647 12.1183 7
      vertex 7.78647 12.1183 2
    endloop
  endfacet
  facet normal 0.707107 0.707107 0
    outer loop
      vertex 7.97318 11.9065 7
      vertex 7.90655 11.9732 2
      vertex 7.90655 11.9732 7
    endloop
  endfacet
  facet normal 0.707107 0.707107 0
    outer loop
      vertex 7.90655 11.9732 2
      vertex 7.97318 11.9065 7
      vertex 7.97318 11.9065 2
    endloop
  endfacet
  facet normal 0.940879 0.338742 0
    outer loop
      vertex 7.60534 12.4478 7
      vertex 7.57341 12.5365 2
      vertex 7.57341 12.5365 7
    endloop
  endfacet
  facet normal 0.940879 0.338742 0
    outer loop
      vertex 7.57341 12.5365 2
      vertex 7.60534 12.4478 7
      vertex 7.60534 12.4478 2
    endloop
  endfacet
  facet normal 0.960293 0.278992 0
    outer loop
      vertex 7.57341 12.5365 7
      vertex 7.54712 12.627 2
      vertex 7.54712 12.627 7
    endloop
  endfacet
  facet normal 0.960293 0.278992 0
    outer loop
      vertex 7.54712 12.627 2
      vertex 7.57341 12.5365 7
      vertex 7.57341 12.5365 2
    endloop
  endfacet
  facet normal 0.917755 0.397148 0
    outer loop
      vertex 7.64276 12.3613 7
      vertex 7.60534 12.4478 2
      vertex 7.60534 12.4478 7
    endloop
  endfacet
  facet normal 0.917755 0.397148 0
    outer loop
      vertex 7.60534 12.4478 2
      vertex 7.64276 12.3613 7
      vertex 7.64276 12.3613 2
    endloop
  endfacet
  facet normal 0.975916 0.218147 0
    outer loop
      vertex 7.54712 12.627 7
      vertex 7.52657 12.7189 2
      vertex 7.52657 12.7189 7
    endloop
  endfacet
  facet normal 0.975916 0.218147 0
    outer loop
      vertex 7.52657 12.7189 2
      vertex 7.54712 12.627 7
      vertex 7.54712 12.627 2
    endloop
  endfacet
  facet normal 0.995562 0.0941094 0
    outer loop
      vertex 7.51183 12.812 7
      vertex 7.50296 12.9058 2
      vertex 7.50296 12.9058 7
    endloop
  endfacet
  facet normal 0.995562 0.0941094 0
    outer loop
      vertex 7.50296 12.9058 2
      vertex 7.51183 12.812 7
      vertex 7.51183 12.812 2
    endloop
  endfacet
  facet normal 0.999507 0.0314038 0
    outer loop
      vertex 7.50296 12.9058 7
      vertex 7.5 13 2
      vertex 7.5 13 7
    endloop
  endfacet
  facet normal 0.999507 0.0314038 0
    outer loop
      vertex 7.5 13 2
      vertex 7.50296 12.9058 7
      vertex 7.50296 12.9058 2
    endloop
  endfacet
  facet normal -0.156432 0.987689 0
    outer loop
      vertex 9.28107 11.5266 2
      vertex 9.188 11.5118 7
      vertex 9.28107 11.5266 7
    endloop
  endfacet
  facet normal -0.156432 0.987689 0
    outer loop
      vertex 9.188 11.5118 7
      vertex 9.28107 11.5266 2
      vertex 9.188 11.5118 2
    endloop
  endfacet
  facet normal -0.453981 0.891011 0
    outer loop
      vertex 9.72263 11.6855 2
      vertex 9.63867 11.6428 7
      vertex 9.72263 11.6855 7
    endloop
  endfacet
  facet normal -0.453981 0.891011 0
    outer loop
      vertex 9.63867 11.6428 7
      vertex 9.72263 11.6855 2
      vertex 9.63867 11.6428 2
    endloop
  endfacet
  facet normal -0.338742 0.940879 0
    outer loop
      vertex 9.55219 11.6053 2
      vertex 9.46352 11.5734 7
      vertex 9.55219 11.6053 7
    endloop
  endfacet
  facet normal -0.338742 0.940879 0
    outer loop
      vertex 9.46352 11.5734 7
      vertex 9.55219 11.6053 2
      vertex 9.46352 11.5734 2
    endloop
  endfacet
  facet normal -0.562079 0.827083 0
    outer loop
      vertex 9.88168 11.7865 2
      vertex 9.80374 11.7335 7
      vertex 9.88168 11.7865 7
    endloop
  endfacet
  facet normal -0.562079 0.827083 0
    outer loop
      vertex 9.80374 11.7335 7
      vertex 9.88168 11.7865 2
      vertex 9.80374 11.7335 2
    endloop
  endfacet
  facet normal -0.860737 0.50905 0
    outer loop
      vertex 10.2665 12.1963 2
      vertex 10.3145 12.2774 7
      vertex 10.3145 12.2774 2
    endloop
  endfacet
  facet normal -0.860737 0.50905 0
    outer loop
      vertex 10.3145 12.2774 7
      vertex 10.2665 12.1963 2
      vertex 10.2665 12.1963 7
    endloop
  endfacet
  facet normal -0.917755 0.397148 0
    outer loop
      vertex 10.3572 12.3613 2
      vertex 10.3947 12.4478 7
      vertex 10.3947 12.4478 2
    endloop
  endfacet
  facet normal -0.917755 0.397148 0
    outer loop
      vertex 10.3947 12.4478 7
      vertex 10.3572 12.3613 2
      vertex 10.3572 12.3613 7
    endloop
  endfacet
  facet normal -0.995562 0.0941094 0
    outer loop
      vertex 10.4882 12.812 2
      vertex 10.497 12.9058 7
      vertex 10.497 12.9058 2
    endloop
  endfacet
  facet normal -0.995562 0.0941094 0
    outer loop
      vertex 10.497 12.9058 7
      vertex 10.4882 12.812 2
      vertex 10.4882 12.812 7
    endloop
  endfacet
  facet normal -0.975916 0.218147 0
    outer loop
      vertex 10.4529 12.627 2
      vertex 10.4734 12.7189 7
      vertex 10.4734 12.7189 2
    endloop
  endfacet
  facet normal -0.975916 0.218147 0
    outer loop
      vertex 10.4734 12.7189 7
      vertex 10.4529 12.627 2
      vertex 10.4529 12.627 7
    endloop
  endfacet
  facet normal 0.50905 0.860737 -0
    outer loop
      vertex 8.27737 11.6855 2
      vertex 8.19626 11.7335 7
      vertex 8.27737 11.6855 7
    endloop
  endfacet
  facet normal 0.50905 0.860737 0
    outer loop
      vertex 8.19626 11.7335 7
      vertex 8.27737 11.6855 2
      vertex 8.19626 11.7335 2
    endloop
  endfacet
  facet normal 0.397148 0.917755 -0
    outer loop
      vertex 8.44781 11.6053 2
      vertex 8.36133 11.6428 7
      vertex 8.44781 11.6053 7
    endloop
  endfacet
  facet normal 0.397148 0.917755 0
    outer loop
      vertex 8.36133 11.6428 7
      vertex 8.44781 11.6053 2
      vertex 8.36133 11.6428 2
    endloop
  endfacet
  facet normal 0.218147 0.975916 -0
    outer loop
      vertex 8.71893 11.5266 2
      vertex 8.62696 11.5471 7
      vertex 8.71893 11.5266 7
    endloop
  endfacet
  facet normal 0.218147 0.975916 0
    outer loop
      vertex 8.62696 11.5471 7
      vertex 8.71893 11.5266 2
      vertex 8.62696 11.5471 2
    endloop
  endfacet
  facet normal 0.987689 0.156432 0
    outer loop
      vertex 7.52657 12.7189 7
      vertex 7.51183 12.812 2
      vertex 7.51183 12.812 7
    endloop
  endfacet
  facet normal 0.987689 0.156432 0
    outer loop
      vertex 7.51183 12.812 2
      vertex 7.52657 12.7189 7
      vertex 7.52657 12.7189 2
    endloop
  endfacet
  facet normal -0.999506 -0.0314142 0
    outer loop
      vertex 10.5 44 2
      vertex 10.497 44.0942 7
      vertex 10.497 44.0942 2
    endloop
  endfacet
  facet normal -0.999506 -0.0314142 0
    outer loop
      vertex 10.497 44.0942 7
      vertex 10.5 44 2
      vertex 10.5 44 7
    endloop
  endfacet
  facet normal 0.0314139 -0.999506 0
    outer loop
      vertex 8.90581 45.497 2
      vertex 9 45.5 7
      vertex 8.90581 45.497 7
    endloop
  endfacet
  facet normal 0.0314139 -0.999506 0
    outer loop
      vertex 9 45.5 7
      vertex 8.90581 45.497 2
      vertex 9 45.5 2
    endloop
  endfacet
  facet normal -0.0314142 0.999506 0
    outer loop
      vertex 9.09418 42.503 2
      vertex 9 42.5 7
      vertex 9.09418 42.503 7
    endloop
  endfacet
  facet normal -0.0314142 0.999506 0
    outer loop
      vertex 9 42.5 7
      vertex 9.09418 42.503 2
      vertex 9 42.5 2
    endloop
  endfacet
  facet normal -0.661313 -0.75011 0
    outer loop
      vertex 9.95614 45.1558 2
      vertex 10.0268 45.0935 7
      vertex 9.95614 45.1558 7
    endloop
  endfacet
  facet normal -0.661313 -0.75011 -0
    outer loop
      vertex 10.0268 45.0935 7
      vertex 9.95614 45.1558 2
      vertex 10.0268 45.0935 2
    endloop
  endfacet
  facet normal 0.750119 -0.661303 0
    outer loop
      vertex 7.84423 44.9561 7
      vertex 7.90655 45.0268 2
      vertex 7.90655 45.0268 7
    endloop
  endfacet
  facet normal 0.750119 -0.661303 0
    outer loop
      vertex 7.90655 45.0268 2
      vertex 7.84423 44.9561 7
      vertex 7.84423 44.9561 2
    endloop
  endfacet
  facet normal -0.891009 -0.453986 0
    outer loop
      vertex 10.3572 44.6387 2
      vertex 10.3145 44.7226 7
      vertex 10.3145 44.7226 2
    endloop
  endfacet
  facet normal -0.891009 -0.453986 0
    outer loop
      vertex 10.3145 44.7226 7
      vertex 10.3572 44.6387 2
      vertex 10.3572 44.6387 7
    endloop
  endfacet
  facet normal -0.707102 -0.707112 0
    outer loop
      vertex 10.0268 45.0935 2
      vertex 10.0935 45.0268 7
      vertex 10.0268 45.0935 7
    endloop
  endfacet
  facet normal -0.707102 -0.707112 -0
    outer loop
      vertex 10.0935 45.0268 7
      vertex 10.0268 45.0935 2
      vertex 10.0935 45.0268 2
    endloop
  endfacet
  facet normal -0.338715 -0.940889 0
    outer loop
      vertex 9.46352 45.4266 2
      vertex 9.55219 45.3947 7
      vertex 9.46352 45.4266 7
    endloop
  endfacet
  facet normal -0.338715 -0.940889 -0
    outer loop
      vertex 9.55219 45.3947 7
      vertex 9.46352 45.4266 2
      vertex 9.55219 45.3947 2
    endloop
  endfacet
  facet normal 0.891009 -0.453986 0
    outer loop
      vertex 7.64276 44.6387 7
      vertex 7.68554 44.7226 2
      vertex 7.68554 44.7226 7
    endloop
  endfacet
  facet normal 0.891009 -0.453986 0
    outer loop
      vertex 7.68554 44.7226 2
      vertex 7.64276 44.6387 7
      vertex 7.64276 44.6387 2
    endloop
  endfacet
  facet normal 0.707102 -0.707112 0
    outer loop
      vertex 7.90655 45.0268 2
      vertex 7.97318 45.0935 7
      vertex 7.90655 45.0268 7
    endloop
  endfacet
  facet normal 0.707102 -0.707112 0
    outer loop
      vertex 7.97318 45.0935 7
      vertex 7.90655 45.0268 2
      vertex 7.97318 45.0935 2
    endloop
  endfacet
  facet normal 0.218156 -0.975914 0
    outer loop
      vertex 8.62696 45.4529 2
      vertex 8.71893 45.4734 7
      vertex 8.62696 45.4529 7
    endloop
  endfacet
  facet normal 0.218156 -0.975914 0
    outer loop
      vertex 8.71893 45.4734 7
      vertex 8.62696 45.4529 2
      vertex 8.71893 45.4734 2
    endloop
  endfacet
  facet normal -0.891017 0.453969 0
    outer loop
      vertex 10.3145 43.2774 2
      vertex 10.3572 43.3613 7
      vertex 10.3572 43.3613 2
    endloop
  endfacet
  facet normal -0.891017 0.453969 0
    outer loop
      vertex 10.3572 43.3613 7
      vertex 10.3145 43.2774 2
      vertex 10.3145 43.2774 7
    endloop
  endfacet
  facet normal -0.278964 0.960302 0
    outer loop
      vertex 9.46352 42.5734 2
      vertex 9.37303 42.5471 7
      vertex 9.46352 42.5734 7
    endloop
  endfacet
  facet normal -0.278964 0.960302 0
    outer loop
      vertex 9.37303 42.5471 7
      vertex 9.46352 42.5734 2
      vertex 9.37303 42.5471 2
    endloop
  endfacet
  facet normal -0.707102 0.707112 0
    outer loop
      vertex 10.0935 42.9732 2
      vertex 10.0268 42.9065 7
      vertex 10.0935 42.9732 7
    endloop
  endfacet
  facet normal -0.707102 0.707112 0
    outer loop
      vertex 10.0268 42.9065 7
      vertex 10.0935 42.9732 2
      vertex 10.0268 42.9065 2
    endloop
  endfacet
  facet normal 0.278964 0.960302 -0
    outer loop
      vertex 8.62696 42.5471 2
      vertex 8.53647 42.5734 7
      vertex 8.62696 42.5471 7
    endloop
  endfacet
  facet normal 0.278964 0.960302 0
    outer loop
      vertex 8.53647 42.5734 7
      vertex 8.62696 42.5471 2
      vertex 8.53647 42.5734 2
    endloop
  endfacet
  facet normal 0.750101 0.661323 0
    outer loop
      vertex 7.90655 42.9732 7
      vertex 7.84423 43.0439 2
      vertex 7.84423 43.0439 7
    endloop
  endfacet
  facet normal 0.750101 0.661323 0
    outer loop
      vertex 7.84423 43.0439 2
      vertex 7.90655 42.9732 7
      vertex 7.90655 42.9732 2
    endloop
  endfacet
  facet normal -0.975917 -0.218142 0
    outer loop
      vertex 10.4734 44.2811 2
      vertex 10.4529 44.373 7
      vertex 10.4529 44.373 2
    endloop
  endfacet
  facet normal -0.975917 -0.218142 0
    outer loop
      vertex 10.4529 44.373 7
      vertex 10.4734 44.2811 2
      vertex 10.4734 44.2811 7
    endloop
  endfacet
  facet normal -0.960292 -0.278997 0
    outer loop
      vertex 10.4529 44.373 2
      vertex 10.4266 44.4635 7
      vertex 10.4266 44.4635 2
    endloop
  endfacet
  facet normal -0.960292 -0.278997 0
    outer loop
      vertex 10.4266 44.4635 7
      vertex 10.4529 44.373 2
      vertex 10.4529 44.373 7
    endloop
  endfacet
  facet normal -0.79016 -0.612901 0
    outer loop
      vertex 10.2135 44.8817 2
      vertex 10.1558 44.9561 7
      vertex 10.1558 44.9561 2
    endloop
  endfacet
  facet normal -0.79016 -0.612901 0
    outer loop
      vertex 10.1558 44.9561 7
      vertex 10.2135 44.8817 2
      vertex 10.2135 44.8817 7
    endloop
  endfacet
  facet normal -0.156422 -0.98769 0
    outer loop
      vertex 9.188 45.4882 2
      vertex 9.28107 45.4734 7
      vertex 9.188 45.4882 7
    endloop
  endfacet
  facet normal -0.156422 -0.98769 -0
    outer loop
      vertex 9.28107 45.4734 7
      vertex 9.188 45.4882 2
      vertex 9.28107 45.4734 2
    endloop
  endfacet
  facet normal -0.397165 -0.917747 0
    outer loop
      vertex 9.55219 45.3947 2
      vertex 9.63867 45.3572 7
      vertex 9.55219 45.3947 7
    endloop
  endfacet
  facet normal -0.397165 -0.917747 -0
    outer loop
      vertex 9.63867 45.3572 7
      vertex 9.55219 45.3947 2
      vertex 9.63867 45.3572 2
    endloop
  endfacet
  facet normal -0.6129 -0.790161 0
    outer loop
      vertex 9.88168 45.2135 2
      vertex 9.95614 45.1558 7
      vertex 9.88168 45.2135 7
    endloop
  endfacet
  facet normal -0.6129 -0.790161 -0
    outer loop
      vertex 9.95614 45.1558 7
      vertex 9.88168 45.2135 2
      vertex 9.95614 45.1558 2
    endloop
  endfacet
  facet normal 0.987688 -0.156434 0
    outer loop
      vertex 7.51183 44.188 7
      vertex 7.52657 44.2811 2
      vertex 7.52657 44.2811 7
    endloop
  endfacet
  facet normal 0.987688 -0.156434 0
    outer loop
      vertex 7.52657 44.2811 2
      vertex 7.51183 44.188 7
      vertex 7.51183 44.188 2
    endloop
  endfacet
  facet normal 0.79016 -0.612901 0
    outer loop
      vertex 7.78647 44.8817 7
      vertex 7.84423 44.9561 2
      vertex 7.84423 44.9561 7
    endloop
  endfacet
  facet normal 0.79016 -0.612901 0
    outer loop
      vertex 7.84423 44.9561 2
      vertex 7.78647 44.8817 7
      vertex 7.78647 44.8817 2
    endloop
  endfacet
  facet normal 0.940879 -0.338742 0
    outer loop
      vertex 7.57341 44.4635 7
      vertex 7.60534 44.5522 2
      vertex 7.60534 44.5522 7
    endloop
  endfacet
  facet normal 0.940879 -0.338742 0
    outer loop
      vertex 7.60534 44.5522 2
      vertex 7.57341 44.4635 7
      vertex 7.57341 44.4635 2
    endloop
  endfacet
  facet normal 0.995562 -0.0941094 0
    outer loop
      vertex 7.50296 44.0942 7
      vertex 7.51183 44.188 2
      vertex 7.51183 44.188 7
    endloop
  endfacet
  facet normal 0.995562 -0.0941094 0
    outer loop
      vertex 7.51183 44.188 2
      vertex 7.50296 44.0942 7
      vertex 7.50296 44.0942 2
    endloop
  endfacet
  facet normal 0.6129 -0.790161 0
    outer loop
      vertex 8.04386 45.1558 2
      vertex 8.11832 45.2135 7
      vertex 8.04386 45.1558 7
    endloop
  endfacet
  facet normal 0.6129 -0.790161 0
    outer loop
      vertex 8.11832 45.2135 7
      vertex 8.04386 45.1558 2
      vertex 8.11832 45.2135 2
    endloop
  endfacet
  facet normal 0.397165 -0.917747 0
    outer loop
      vertex 8.36133 45.3572 2
      vertex 8.44781 45.3947 7
      vertex 8.36133 45.3572 7
    endloop
  endfacet
  facet normal 0.397165 -0.917747 0
    outer loop
      vertex 8.44781 45.3947 7
      vertex 8.36133 45.3572 2
      vertex 8.44781 45.3947 2
    endloop
  endfacet
  facet normal 0.156422 -0.98769 0
    outer loop
      vertex 8.71893 45.4734 2
      vertex 8.812 45.4882 7
      vertex 8.71893 45.4734 7
    endloop
  endfacet
  facet normal 0.156422 -0.98769 0
    outer loop
      vertex 8.812 45.4882 7
      vertex 8.71893 45.4734 2
      vertex 8.812 45.4882 2
    endloop
  endfacet
  facet normal -0.987689 0.156428 0
    outer loop
      vertex 10.4734 43.7189 2
      vertex 10.4882 43.812 7
      vertex 10.4882 43.812 2
    endloop
  endfacet
  facet normal -0.987689 0.156428 0
    outer loop
      vertex 10.4882 43.812 7
      vertex 10.4734 43.7189 2
      vertex 10.4734 43.7189 7
    endloop
  endfacet
  facet normal -0.661313 0.75011 0
    outer loop
      vertex 10.0268 42.9065 2
      vertex 9.95614 42.8442 7
      vertex 10.0268 42.9065 7
    endloop
  endfacet
  facet normal -0.661313 0.75011 0
    outer loop
      vertex 9.95614 42.8442 7
      vertex 10.0268 42.9065 2
      vertex 9.95614 42.8442 2
    endloop
  endfacet
  facet normal -0.6129 0.790161 0
    outer loop
      vertex 9.95614 42.8442 2
      vertex 9.88168 42.7865 7
      vertex 9.95614 42.8442 7
    endloop
  endfacet
  facet normal -0.6129 0.790161 0
    outer loop
      vertex 9.88168 42.7865 7
      vertex 9.95614 42.8442 2
      vertex 9.88168 42.7865 2
    endloop
  endfacet
  facet normal -0.79016 0.612901 0
    outer loop
      vertex 10.1558 43.0439 2
      vertex 10.2135 43.1183 7
      vertex 10.2135 43.1183 2
    endloop
  endfacet
  facet normal -0.79016 0.612901 0
    outer loop
      vertex 10.2135 43.1183 7
      vertex 10.1558 43.0439 2
      vertex 10.1558 43.0439 7
    endloop
  endfacet
  facet normal 0.6129 0.790161 -0
    outer loop
      vertex 8.11832 42.7865 2
      vertex 8.04386 42.8442 7
      vertex 8.11832 42.7865 7
    endloop
  endfacet
  facet normal 0.6129 0.790161 0
    outer loop
      vertex 8.04386 42.8442 7
      vertex 8.11832 42.7865 2
      vertex 8.04386 42.8442 2
    endloop
  endfacet
  facet normal 0.0940793 0.995565 -0
    outer loop
      vertex 8.90581 42.503 2
      vertex 8.812 42.5118 7
      vertex 8.90581 42.503 7
    endloop
  endfacet
  facet normal 0.0940793 0.995565 0
    outer loop
      vertex 8.812 42.5118 7
      vertex 8.90581 42.503 2
      vertex 8.812 42.5118 2
    endloop
  endfacet
  facet normal 0.860734 0.509055 0
    outer loop
      vertex 7.73351 43.1963 7
      vertex 7.68554 43.2774 2
      vertex 7.68554 43.2774 7
    endloop
  endfacet
  facet normal 0.860734 0.509055 0
    outer loop
      vertex 7.68554 43.2774 2
      vertex 7.73351 43.1963 7
      vertex 7.73351 43.1963 2
    endloop
  endfacet
  facet normal -0.987688 -0.156434 0
    outer loop
      vertex 10.4882 44.188 2
      vertex 10.4734 44.2811 7
      vertex 10.4734 44.2811 2
    endloop
  endfacet
  facet normal -0.987688 -0.156434 0
    outer loop
      vertex 10.4734 44.2811 7
      vertex 10.4882 44.188 2
      vertex 10.4882 44.188 7
    endloop
  endfacet
  facet normal -0.995562 -0.0941094 0
    outer loop
      vertex 10.497 44.0942 2
      vertex 10.4882 44.188 7
      vertex 10.4882 44.188 2
    endloop
  endfacet
  facet normal -0.995562 -0.0941094 0
    outer loop
      vertex 10.4882 44.188 7
      vertex 10.497 44.0942 2
      vertex 10.497 44.0942 7
    endloop
  endfacet
  facet normal -0.917756 -0.397144 0
    outer loop
      vertex 10.3947 44.5522 2
      vertex 10.3572 44.6387 7
      vertex 10.3572 44.6387 2
    endloop
  endfacet
  facet normal -0.917756 -0.397144 0
    outer loop
      vertex 10.3572 44.6387 7
      vertex 10.3947 44.5522 2
      vertex 10.3947 44.5522 7
    endloop
  endfacet
  facet normal -0.940879 -0.338742 0
    outer loop
      vertex 10.4266 44.4635 2
      vertex 10.3947 44.5522 7
      vertex 10.3947 44.5522 2
    endloop
  endfacet
  facet normal -0.940879 -0.338742 0
    outer loop
      vertex 10.3947 44.5522 7
      vertex 10.4266 44.4635 2
      vertex 10.4266 44.4635 7
    endloop
  endfacet
  facet normal -0.750119 -0.661303 0
    outer loop
      vertex 10.1558 44.9561 2
      vertex 10.0935 45.0268 7
      vertex 10.0935 45.0268 2
    endloop
  endfacet
  facet normal -0.750119 -0.661303 0
    outer loop
      vertex 10.0935 45.0268 7
      vertex 10.1558 44.9561 2
      vertex 10.1558 44.9561 7
    endloop
  endfacet
  facet normal -0.82707 -0.562098 0
    outer loop
      vertex 10.2665 44.8037 2
      vertex 10.2135 44.8817 7
      vertex 10.2135 44.8817 2
    endloop
  endfacet
  facet normal -0.82707 -0.562098 0
    outer loop
      vertex 10.2135 44.8817 7
      vertex 10.2665 44.8037 2
      vertex 10.2665 44.8037 7
    endloop
  endfacet
  facet normal -0.860745 -0.509037 0
    outer loop
      vertex 10.3145 44.7226 2
      vertex 10.2665 44.8037 7
      vertex 10.2665 44.8037 2
    endloop
  endfacet
  facet normal -0.860745 -0.509037 0
    outer loop
      vertex 10.2665 44.8037 7
      vertex 10.3145 44.7226 2
      vertex 10.3145 44.7226 7
    endloop
  endfacet
  facet normal -0.279001 -0.960291 0
    outer loop
      vertex 9.37303 45.4529 2
      vertex 9.46352 45.4266 7
      vertex 9.37303 45.4529 7
    endloop
  endfacet
  facet normal -0.279001 -0.960291 -0
    outer loop
      vertex 9.46352 45.4266 7
      vertex 9.37303 45.4529 2
      vertex 9.46352 45.4266 2
    endloop
  endfacet
  facet normal -0.218156 -0.975914 0
    outer loop
      vertex 9.28107 45.4734 2
      vertex 9.37303 45.4529 7
      vertex 9.28107 45.4734 7
    endloop
  endfacet
  facet normal -0.218156 -0.975914 -0
    outer loop
      vertex 9.37303 45.4529 7
      vertex 9.28107 45.4734 2
      vertex 9.37303 45.4529 2
    endloop
  endfacet
  facet normal -0.0941194 -0.995561 0
    outer loop
      vertex 9.09418 45.497 2
      vertex 9.188 45.4882 7
      vertex 9.09418 45.497 7
    endloop
  endfacet
  facet normal -0.0941194 -0.995561 -0
    outer loop
      vertex 9.188 45.4882 7
      vertex 9.09418 45.497 2
      vertex 9.188 45.4882 2
    endloop
  endfacet
  facet normal -0.0314142 -0.999506 0
    outer loop
      vertex 9 45.5 2
      vertex 9.09418 45.497 7
      vertex 9 45.5 7
    endloop
  endfacet
  facet normal -0.0314142 -0.999506 -0
    outer loop
      vertex 9.09418 45.497 7
      vertex 9 45.5 2
      vertex 9.09418 45.497 2
    endloop
  endfacet
  facet normal -0.453965 -0.891019 0
    outer loop
      vertex 9.63867 45.3572 2
      vertex 9.72263 45.3145 7
      vertex 9.63867 45.3572 7
    endloop
  endfacet
  facet normal -0.453965 -0.891019 -0
    outer loop
      vertex 9.72263 45.3145 7
      vertex 9.63867 45.3572 2
      vertex 9.72263 45.3145 2
    endloop
  endfacet
  facet normal -0.509058 -0.860732 0
    outer loop
      vertex 9.72263 45.3145 2
      vertex 9.80374 45.2665 7
      vertex 9.72263 45.3145 7
    endloop
  endfacet
  facet normal -0.509058 -0.860732 -0
    outer loop
      vertex 9.80374 45.2665 7
      vertex 9.72263 45.3145 2
      vertex 9.80374 45.2665 2
    endloop
  endfacet
  facet normal -0.562086 -0.827079 0
    outer loop
      vertex 9.80374 45.2665 2
      vertex 9.88168 45.2135 7
      vertex 9.80374 45.2665 7
    endloop
  endfacet
  facet normal -0.562086 -0.827079 -0
    outer loop
      vertex 9.88168 45.2135 7
      vertex 9.80374 45.2665 2
      vertex 9.88168 45.2135 2
    endloop
  endfacet
  facet normal 0.917756 -0.397144 0
    outer loop
      vertex 7.60534 44.5522 7
      vertex 7.64276 44.6387 2
      vertex 7.64276 44.6387 7
    endloop
  endfacet
  facet normal 0.917756 -0.397144 0
    outer loop
      vertex 7.64276 44.6387 2
      vertex 7.60534 44.5522 7
      vertex 7.60534 44.5522 2
    endloop
  endfacet
  facet normal 0.960292 -0.278997 0
    outer loop
      vertex 7.54712 44.373 7
      vertex 7.57341 44.4635 2
      vertex 7.57341 44.4635 7
    endloop
  endfacet
  facet normal 0.960292 -0.278997 0
    outer loop
      vertex 7.57341 44.4635 2
      vertex 7.54712 44.373 7
      vertex 7.54712 44.373 2
    endloop
  endfacet
  facet normal 0.975917 -0.218142 0
    outer loop
      vertex 7.52657 44.2811 7
      vertex 7.54712 44.373 2
      vertex 7.54712 44.373 7
    endloop
  endfacet
  facet normal 0.975917 -0.218142 0
    outer loop
      vertex 7.54712 44.373 2
      vertex 7.52657 44.2811 7
      vertex 7.52657 44.2811 2
    endloop
  endfacet
  facet normal 0.999507 -0.0314041 0
    outer loop
      vertex 7.5 44 7
      vertex 7.50296 44.0942 2
      vertex 7.50296 44.0942 7
    endloop
  endfacet
  facet normal 0.999507 -0.0314041 0
    outer loop
      vertex 7.50296 44.0942 2
      vertex 7.5 44 7
      vertex 7.5 44 2
    endloop
  endfacet
  facet normal 0.509058 -0.860732 0
    outer loop
      vertex 8.19626 45.2665 2
      vertex 8.27737 45.3145 7
      vertex 8.19626 45.2665 7
    endloop
  endfacet
  facet normal 0.509058 -0.860732 0
    outer loop
      vertex 8.27737 45.3145 7
      vertex 8.19626 45.2665 2
      vertex 8.27737 45.3145 2
    endloop
  endfacet
  facet normal 0.661313 -0.75011 0
    outer loop
      vertex 7.97318 45.0935 2
      vertex 8.04386 45.1558 7
      vertex 7.97318 45.0935 7
    endloop
  endfacet
  facet normal 0.661313 -0.75011 0
    outer loop
      vertex 8.04386 45.1558 7
      vertex 7.97318 45.0935 2
      vertex 8.04386 45.1558 2
    endloop
  endfacet
  facet normal 0.562086 -0.827079 0
    outer loop
      vertex 8.11832 45.2135 2
      vertex 8.19626 45.2665 7
      vertex 8.11832 45.2135 7
    endloop
  endfacet
  facet normal 0.562086 -0.827079 0
    outer loop
      vertex 8.19626 45.2665 7
      vertex 8.11832 45.2135 2
      vertex 8.19626 45.2665 2
    endloop
  endfacet
  facet normal 0.453965 -0.891019 0
    outer loop
      vertex 8.27737 45.3145 2
      vertex 8.36133 45.3572 7
      vertex 8.27737 45.3145 7
    endloop
  endfacet
  facet normal 0.453965 -0.891019 0
    outer loop
      vertex 8.36133 45.3572 7
      vertex 8.27737 45.3145 2
      vertex 8.36133 45.3572 2
    endloop
  endfacet
  facet normal 0.279001 -0.960291 0
    outer loop
      vertex 8.53647 45.4266 2
      vertex 8.62696 45.4529 7
      vertex 8.53647 45.4266 7
    endloop
  endfacet
  facet normal 0.279001 -0.960291 0
    outer loop
      vertex 8.62696 45.4529 7
      vertex 8.53647 45.4266 2
      vertex 8.62696 45.4529 2
    endloop
  endfacet
  facet normal 0.338715 -0.940889 0
    outer loop
      vertex 8.44781 45.3947 2
      vertex 8.53647 45.4266 7
      vertex 8.44781 45.3947 7
    endloop
  endfacet
  facet normal 0.338715 -0.940889 0
    outer loop
      vertex 8.53647 45.4266 7
      vertex 8.44781 45.3947 2
      vertex 8.53647 45.4266 2
    endloop
  endfacet
  facet normal 0.0941194 -0.995561 0
    outer loop
      vertex 8.812 45.4882 2
      vertex 8.90581 45.497 7
      vertex 8.812 45.4882 7
    endloop
  endfacet
  facet normal 0.0941194 -0.995561 0
    outer loop
      vertex 8.90581 45.497 7
      vertex 8.812 45.4882 2
      vertex 8.90581 45.497 2
    endloop
  endfacet
  facet normal -0.999506 0.0314142 0
    outer loop
      vertex 10.497 43.9058 2
      vertex 10.5 44 7
      vertex 10.5 44 2
    endloop
  endfacet
  facet normal -0.999506 0.0314142 0
    outer loop
      vertex 10.5 44 7
      vertex 10.497 43.9058 2
      vertex 10.497 43.9058 7
    endloop
  endfacet
  facet normal -0.0940793 0.995565 0
    outer loop
      vertex 9.188 42.5118 2
      vertex 9.09418 42.503 7
      vertex 9.188 42.5118 7
    endloop
  endfacet
  facet normal -0.0940793 0.995565 0
    outer loop
      vertex 9.09418 42.503 7
      vertex 9.188 42.5118 2
      vertex 9.09418 42.503 2
    endloop
  endfacet
  facet normal -0.218156 0.975914 0
    outer loop
      vertex 9.37303 42.5471 2
      vertex 9.28107 42.5266 7
      vertex 9.37303 42.5471 7
    endloop
  endfacet
  facet normal -0.218156 0.975914 0
    outer loop
      vertex 9.28107 42.5266 7
      vertex 9.37303 42.5471 2
      vertex 9.28107 42.5266 2
    endloop
  endfacet
  facet normal -0.397165 0.917747 0
    outer loop
      vertex 9.63867 42.6428 2
      vertex 9.55219 42.6053 7
      vertex 9.63867 42.6428 7
    endloop
  endfacet
  facet normal -0.397165 0.917747 0
    outer loop
      vertex 9.55219 42.6053 7
      vertex 9.63867 42.6428 2
      vertex 9.55219 42.6053 2
    endloop
  endfacet
  facet normal -0.509058 0.860732 0
    outer loop
      vertex 9.80374 42.7335 2
      vertex 9.72263 42.6855 7
      vertex 9.80374 42.7335 7
    endloop
  endfacet
  facet normal -0.509058 0.860732 0
    outer loop
      vertex 9.72263 42.6855 7
      vertex 9.80374 42.7335 2
      vertex 9.72263 42.6855 2
    endloop
  endfacet
  facet normal -0.827083 0.562079 0
    outer loop
      vertex 10.2135 43.1183 2
      vertex 10.2665 43.1963 7
      vertex 10.2665 43.1963 2
    endloop
  endfacet
  facet normal -0.827083 0.562079 0
    outer loop
      vertex 10.2665 43.1963 7
      vertex 10.2135 43.1183 2
      vertex 10.2135 43.1183 7
    endloop
  endfacet
  facet normal -0.940879 0.338742 0
    outer loop
      vertex 10.3947 43.4478 2
      vertex 10.4266 43.5365 7
      vertex 10.4266 43.5365 2
    endloop
  endfacet
  facet normal -0.940879 0.338742 0
    outer loop
      vertex 10.4266 43.5365 7
      vertex 10.3947 43.4478 2
      vertex 10.3947 43.4478 7
    endloop
  endfacet
  facet normal -0.960292 0.278997 0
    outer loop
      vertex 10.4266 43.5365 2
      vertex 10.4529 43.627 7
      vertex 10.4529 43.627 2
    endloop
  endfacet
  facet normal -0.960292 0.278997 0
    outer loop
      vertex 10.4529 43.627 7
      vertex 10.4266 43.5365 2
      vertex 10.4266 43.5365 7
    endloop
  endfacet
  facet normal 0.562086 0.827079 -0
    outer loop
      vertex 8.19626 42.7335 2
      vertex 8.11832 42.7865 7
      vertex 8.19626 42.7335 7
    endloop
  endfacet
  facet normal 0.562086 0.827079 0
    outer loop
      vertex 8.11832 42.7865 7
      vertex 8.19626 42.7335 2
      vertex 8.11832 42.7865 2
    endloop
  endfacet
  facet normal 0.338751 0.940876 -0
    outer loop
      vertex 8.53647 42.5734 2
      vertex 8.44781 42.6053 7
      vertex 8.53647 42.5734 7
    endloop
  endfacet
  facet normal 0.338751 0.940876 0
    outer loop
      vertex 8.44781 42.6053 7
      vertex 8.53647 42.5734 2
      vertex 8.44781 42.6053 2
    endloop
  endfacet
  facet normal 0.453965 0.891019 -0
    outer loop
      vertex 8.36133 42.6428 2
      vertex 8.27737 42.6855 7
      vertex 8.36133 42.6428 7
    endloop
  endfacet
  facet normal 0.453965 0.891019 0
    outer loop
      vertex 8.27737 42.6855 7
      vertex 8.36133 42.6428 2
      vertex 8.27737 42.6855 2
    endloop
  endfacet
  facet normal 0.156462 0.987684 -0
    outer loop
      vertex 8.812 42.5118 2
      vertex 8.71893 42.5266 7
      vertex 8.812 42.5118 7
    endloop
  endfacet
  facet normal 0.156462 0.987684 0
    outer loop
      vertex 8.71893 42.5266 7
      vertex 8.812 42.5118 2
      vertex 8.71893 42.5266 2
    endloop
  endfacet
  facet normal 0.0314139 0.999506 -0
    outer loop
      vertex 9 42.5 2
      vertex 8.90581 42.503 7
      vertex 9 42.5 7
    endloop
  endfacet
  facet normal 0.0314139 0.999506 0
    outer loop
      vertex 8.90581 42.503 7
      vertex 9 42.5 2
      vertex 8.90581 42.503 2
    endloop
  endfacet
  facet normal 0.707102 0.707112 -0
    outer loop
      vertex 7.97318 42.9065 2
      vertex 7.90655 42.9732 7
      vertex 7.97318 42.9065 7
    endloop
  endfacet
  facet normal 0.707102 0.707112 0
    outer loop
      vertex 7.90655 42.9732 7
      vertex 7.97318 42.9065 2
      vertex 7.90655 42.9732 2
    endloop
  endfacet
  facet normal 0.79016 0.612901 0
    outer loop
      vertex 7.84423 43.0439 7
      vertex 7.78647 43.1183 2
      vertex 7.78647 43.1183 7
    endloop
  endfacet
  facet normal 0.79016 0.612901 0
    outer loop
      vertex 7.78647 43.1183 2
      vertex 7.84423 43.0439 7
      vertex 7.84423 43.0439 2
    endloop
  endfacet
  facet normal 0.891017 0.453969 0
    outer loop
      vertex 7.68554 43.2774 7
      vertex 7.64276 43.3613 2
      vertex 7.64276 43.3613 7
    endloop
  endfacet
  facet normal 0.891017 0.453969 0
    outer loop
      vertex 7.64276 43.3613 2
      vertex 7.68554 43.2774 7
      vertex 7.68554 43.2774 2
    endloop
  endfacet
  facet normal 0.960292 0.278997 0
    outer loop
      vertex 7.57341 43.5365 7
      vertex 7.54712 43.627 2
      vertex 7.54712 43.627 7
    endloop
  endfacet
  facet normal 0.960292 0.278997 0
    outer loop
      vertex 7.54712 43.627 2
      vertex 7.57341 43.5365 7
      vertex 7.57341 43.5365 2
    endloop
  endfacet
  facet normal 0.917756 0.397144 0
    outer loop
      vertex 7.64276 43.3613 7
      vertex 7.60534 43.4478 2
      vertex 7.60534 43.4478 7
    endloop
  endfacet
  facet normal 0.917756 0.397144 0
    outer loop
      vertex 7.60534 43.4478 2
      vertex 7.64276 43.3613 7
      vertex 7.64276 43.3613 2
    endloop
  endfacet
  facet normal 0.975915 0.218151 0
    outer loop
      vertex 7.54712 43.627 7
      vertex 7.52657 43.7189 2
      vertex 7.52657 43.7189 7
    endloop
  endfacet
  facet normal 0.975915 0.218151 0
    outer loop
      vertex 7.52657 43.7189 2
      vertex 7.54712 43.627 7
      vertex 7.54712 43.627 2
    endloop
  endfacet
  facet normal 0.995562 0.0941094 0
    outer loop
      vertex 7.51183 43.812 7
      vertex 7.50296 43.9058 2
      vertex 7.50296 43.9058 7
    endloop
  endfacet
  facet normal 0.995562 0.0941094 0
    outer loop
      vertex 7.50296 43.9058 2
      vertex 7.51183 43.812 7
      vertex 7.51183 43.812 2
    endloop
  endfacet
  facet normal 0.860745 -0.509037 0
    outer loop
      vertex 7.68554 44.7226 7
      vertex 7.73351 44.8037 2
      vertex 7.73351 44.8037 7
    endloop
  endfacet
  facet normal 0.860745 -0.509037 0
    outer loop
      vertex 7.73351 44.8037 2
      vertex 7.68554 44.7226 7
      vertex 7.68554 44.7226 2
    endloop
  endfacet
  facet normal 0.82707 -0.562098 0
    outer loop
      vertex 7.73351 44.8037 7
      vertex 7.78647 44.8817 2
      vertex 7.78647 44.8817 7
    endloop
  endfacet
  facet normal 0.82707 -0.562098 0
    outer loop
      vertex 7.78647 44.8817 2
      vertex 7.73351 44.8037 7
      vertex 7.73351 44.8037 2
    endloop
  endfacet
  facet normal 0.999507 0.0314041 0
    outer loop
      vertex 7.50296 43.9058 7
      vertex 7.5 44 2
      vertex 7.5 44 7
    endloop
  endfacet
  facet normal 0.999507 0.0314041 0
    outer loop
      vertex 7.5 44 2
      vertex 7.50296 43.9058 7
      vertex 7.50296 43.9058 2
    endloop
  endfacet
  facet normal -0.156462 0.987684 0
    outer loop
      vertex 9.28107 42.5266 2
      vertex 9.188 42.5118 7
      vertex 9.28107 42.5266 7
    endloop
  endfacet
  facet normal -0.156462 0.987684 0
    outer loop
      vertex 9.188 42.5118 7
      vertex 9.28107 42.5266 2
      vertex 9.188 42.5118 2
    endloop
  endfacet
  facet normal -0.338751 0.940876 0
    outer loop
      vertex 9.55219 42.6053 2
      vertex 9.46352 42.5734 7
      vertex 9.55219 42.6053 7
    endloop
  endfacet
  facet normal -0.338751 0.940876 0
    outer loop
      vertex 9.46352 42.5734 7
      vertex 9.55219 42.6053 2
      vertex 9.46352 42.5734 2
    endloop
  endfacet
  facet normal -0.453965 0.891019 0
    outer loop
      vertex 9.72263 42.6855 2
      vertex 9.63867 42.6428 7
      vertex 9.72263 42.6855 7
    endloop
  endfacet
  facet normal -0.453965 0.891019 0
    outer loop
      vertex 9.63867 42.6428 7
      vertex 9.72263 42.6855 2
      vertex 9.63867 42.6428 2
    endloop
  endfacet
  facet normal -0.750101 0.661323 0
    outer loop
      vertex 10.0935 42.9732 2
      vertex 10.1558 43.0439 7
      vertex 10.1558 43.0439 2
    endloop
  endfacet
  facet normal -0.750101 0.661323 0
    outer loop
      vertex 10.1558 43.0439 7
      vertex 10.0935 42.9732 2
      vertex 10.0935 42.9732 7
    endloop
  endfacet
  facet normal -0.562086 0.827079 0
    outer loop
      vertex 9.88168 42.7865 2
      vertex 9.80374 42.7335 7
      vertex 9.88168 42.7865 7
    endloop
  endfacet
  facet normal -0.562086 0.827079 0
    outer loop
      vertex 9.80374 42.7335 7
      vertex 9.88168 42.7865 2
      vertex 9.80374 42.7335 2
    endloop
  endfacet
  facet normal -0.860734 0.509055 0
    outer loop
      vertex 10.2665 43.1963 2
      vertex 10.3145 43.2774 7
      vertex 10.3145 43.2774 2
    endloop
  endfacet
  facet normal -0.860734 0.509055 0
    outer loop
      vertex 10.3145 43.2774 7
      vertex 10.2665 43.1963 2
      vertex 10.2665 43.1963 7
    endloop
  endfacet
  facet normal -0.917756 0.397144 0
    outer loop
      vertex 10.3572 43.3613 2
      vertex 10.3947 43.4478 7
      vertex 10.3947 43.4478 2
    endloop
  endfacet
  facet normal -0.917756 0.397144 0
    outer loop
      vertex 10.3947 43.4478 7
      vertex 10.3572 43.3613 2
      vertex 10.3572 43.3613 7
    endloop
  endfacet
  facet normal -0.995562 0.0941094 0
    outer loop
      vertex 10.4882 43.812 2
      vertex 10.497 43.9058 7
      vertex 10.497 43.9058 2
    endloop
  endfacet
  facet normal -0.995562 0.0941094 0
    outer loop
      vertex 10.497 43.9058 7
      vertex 10.4882 43.812 2
      vertex 10.4882 43.812 7
    endloop
  endfacet
  facet normal -0.975915 0.218151 0
    outer loop
      vertex 10.4529 43.627 2
      vertex 10.4734 43.7189 7
      vertex 10.4734 43.7189 2
    endloop
  endfacet
  facet normal -0.975915 0.218151 0
    outer loop
      vertex 10.4734 43.7189 7
      vertex 10.4529 43.627 2
      vertex 10.4529 43.627 7
    endloop
  endfacet
  facet normal 0.509058 0.860732 -0
    outer loop
      vertex 8.27737 42.6855 2
      vertex 8.19626 42.7335 7
      vertex 8.27737 42.6855 7
    endloop
  endfacet
  facet normal 0.509058 0.860732 0
    outer loop
      vertex 8.19626 42.7335 7
      vertex 8.27737 42.6855 2
      vertex 8.19626 42.7335 2
    endloop
  endfacet
  facet normal 0.397165 0.917747 -0
    outer loop
      vertex 8.44781 42.6053 2
      vertex 8.36133 42.6428 7
      vertex 8.44781 42.6053 7
    endloop
  endfacet
  facet normal 0.397165 0.917747 0
    outer loop
      vertex 8.36133 42.6428 7
      vertex 8.44781 42.6053 2
      vertex 8.36133 42.6428 2
    endloop
  endfacet
  facet normal 0.218156 0.975914 -0
    outer loop
      vertex 8.71893 42.5266 2
      vertex 8.62696 42.5471 7
      vertex 8.71893 42.5266 7
    endloop
  endfacet
  facet normal 0.218156 0.975914 0
    outer loop
      vertex 8.62696 42.5471 7
      vertex 8.71893 42.5266 2
      vertex 8.62696 42.5471 2
    endloop
  endfacet
  facet normal 0.661313 0.75011 -0
    outer loop
      vertex 8.04386 42.8442 2
      vertex 7.97318 42.9065 7
      vertex 8.04386 42.8442 7
    endloop
  endfacet
  facet normal 0.661313 0.75011 0
    outer loop
      vertex 7.97318 42.9065 7
      vertex 8.04386 42.8442 2
      vertex 7.97318 42.9065 2
    endloop
  endfacet
  facet normal 0.827083 0.562079 0
    outer loop
      vertex 7.78647 43.1183 7
      vertex 7.73351 43.1963 2
      vertex 7.73351 43.1963 7
    endloop
  endfacet
  facet normal 0.827083 0.562079 0
    outer loop
      vertex 7.73351 43.1963 2
      vertex 7.78647 43.1183 7
      vertex 7.78647 43.1183 2
    endloop
  endfacet
  facet normal 0.940879 0.338742 0
    outer loop
      vertex 7.60534 43.4478 7
      vertex 7.57341 43.5365 2
      vertex 7.57341 43.5365 7
    endloop
  endfacet
  facet normal 0.940879 0.338742 0
    outer loop
      vertex 7.57341 43.5365 2
      vertex 7.60534 43.4478 7
      vertex 7.60534 43.4478 2
    endloop
  endfacet
  facet normal 0.987689 0.156428 0
    outer loop
      vertex 7.52657 43.7189 7
      vertex 7.51183 43.812 2
      vertex 7.51183 43.812 7
    endloop
  endfacet
  facet normal 0.987689 0.156428 0
    outer loop
      vertex 7.51183 43.812 2
      vertex 7.52657 43.7189 7
      vertex 7.52657 43.7189 2
    endloop
  endfacet
  facet normal -0.999506 -0.0314142 0
    outer loop
      vertex 85.5 13 2
      vertex 85.497 13.0942 7
      vertex 85.497 13.0942 2
    endloop
  endfacet
  facet normal -0.999506 -0.0314142 0
    outer loop
      vertex 85.497 13.0942 7
      vertex 85.5 13 2
      vertex 85.5 13 7
    endloop
  endfacet
  facet normal 0.0314142 -0.999506 0
    outer loop
      vertex 83.9058 14.497 2
      vertex 84 14.5 7
      vertex 83.9058 14.497 7
    endloop
  endfacet
  facet normal 0.0314142 -0.999506 0
    outer loop
      vertex 84 14.5 7
      vertex 83.9058 14.497 2
      vertex 84 14.5 2
    endloop
  endfacet
  facet normal -0.661343 -0.750084 0
    outer loop
      vertex 84.9561 14.1558 2
      vertex 85.0268 14.0935 7
      vertex 84.9561 14.1558 7
    endloop
  endfacet
  facet normal -0.661343 -0.750084 -0
    outer loop
      vertex 85.0268 14.0935 7
      vertex 84.9561 14.1558 2
      vertex 85.0268 14.0935 2
    endloop
  endfacet
  facet normal 0.75011 -0.661313 0
    outer loop
      vertex 82.8442 13.9561 7
      vertex 82.9065 14.0268 2
      vertex 82.9065 14.0268 7
    endloop
  endfacet
  facet normal 0.75011 -0.661313 0
    outer loop
      vertex 82.9065 14.0268 2
      vertex 82.8442 13.9561 7
      vertex 82.8442 13.9561 2
    endloop
  endfacet
  facet normal -0.891019 -0.453965 0
    outer loop
      vertex 85.3572 13.6387 2
      vertex 85.3145 13.7226 7
      vertex 85.3145 13.7226 2
    endloop
  endfacet
  facet normal -0.891019 -0.453965 0
    outer loop
      vertex 85.3145 13.7226 7
      vertex 85.3572 13.6387 2
      vertex 85.3572 13.6387 7
    endloop
  endfacet
  facet normal -0.338742 -0.940879 0
    outer loop
      vertex 84.4635 14.4266 2
      vertex 84.5522 14.3947 7
      vertex 84.4635 14.4266 7
    endloop
  endfacet
  facet normal -0.338742 -0.940879 -0
    outer loop
      vertex 84.5522 14.3947 7
      vertex 84.4635 14.4266 2
      vertex 84.5522 14.3947 2
    endloop
  endfacet
  facet normal 0.891019 -0.453965 0
    outer loop
      vertex 82.6428 13.6387 7
      vertex 82.6855 13.7226 2
      vertex 82.6855 13.7226 7
    endloop
  endfacet
  facet normal 0.891019 -0.453965 0
    outer loop
      vertex 82.6855 13.7226 2
      vertex 82.6428 13.6387 7
      vertex 82.6428 13.6387 2
    endloop
  endfacet
  facet normal 0.82706 -0.562114 0
    outer loop
      vertex 82.7335 13.8037 7
      vertex 82.7865 13.8817 2
      vertex 82.7865 13.8817 7
    endloop
  endfacet
  facet normal 0.82706 -0.562114 0
    outer loop
      vertex 82.7865 13.8817 2
      vertex 82.7335 13.8037 7
      vertex 82.7335 13.8037 2
    endloop
  endfacet
  facet normal 0.218159 -0.975913 0
    outer loop
      vertex 83.627 14.4529 2
      vertex 83.7189 14.4734 7
      vertex 83.627 14.4529 7
    endloop
  endfacet
  facet normal 0.218159 -0.975913 0
    outer loop
      vertex 83.7189 14.4734 7
      vertex 83.627 14.4529 2
      vertex 83.7189 14.4734 2
    endloop
  endfacet
  facet normal -0.891019 0.453965 0
    outer loop
      vertex 85.3145 12.2774 2
      vertex 85.3572 12.3613 7
      vertex 85.3572 12.3613 2
    endloop
  endfacet
  facet normal -0.891019 0.453965 0
    outer loop
      vertex 85.3572 12.3613 7
      vertex 85.3145 12.2774 2
      vertex 85.3145 12.2774 7
    endloop
  endfacet
  facet normal -0.278986 0.960295 0
    outer loop
      vertex 84.4635 11.5734 2
      vertex 84.373 11.5471 7
      vertex 84.4635 11.5734 7
    endloop
  endfacet
  facet normal -0.278986 0.960295 0
    outer loop
      vertex 84.373 11.5471 7
      vertex 84.4635 11.5734 2
      vertex 84.373 11.5471 2
    endloop
  endfacet
  facet normal -0.75011 0.661313 0
    outer loop
      vertex 85.0935 11.9732 2
      vertex 85.1558 12.0439 7
      vertex 85.1558 12.0439 2
    endloop
  endfacet
  facet normal -0.75011 0.661313 0
    outer loop
      vertex 85.1558 12.0439 7
      vertex 85.0935 11.9732 2
      vertex 85.0935 11.9732 7
    endloop
  endfacet
  facet normal 0.278986 0.960295 -0
    outer loop
      vertex 83.627 11.5471 2
      vertex 83.5365 11.5734 7
      vertex 83.627 11.5471 7
    endloop
  endfacet
  facet normal 0.278986 0.960295 0
    outer loop
      vertex 83.5365 11.5734 7
      vertex 83.627 11.5471 2
      vertex 83.5365 11.5734 2
    endloop
  endfacet
  facet normal 0.707132 0.707081 0
    outer loop
      vertex 82.9732 11.9065 7
      vertex 82.9065 11.9732 2
      vertex 82.9065 11.9732 7
    endloop
  endfacet
  facet normal 0.707132 0.707081 0
    outer loop
      vertex 82.9065 11.9732 2
      vertex 82.9732 11.9065 7
      vertex 82.9732 11.9065 2
    endloop
  endfacet
  facet normal -0.975905 -0.218195 0
    outer loop
      vertex 85.4734 13.2811 2
      vertex 85.4529 13.373 7
      vertex 85.4529 13.373 2
    endloop
  endfacet
  facet normal -0.975905 -0.218195 0
    outer loop
      vertex 85.4529 13.373 7
      vertex 85.4734 13.2811 2
      vertex 85.4734 13.2811 7
    endloop
  endfacet
  facet normal -0.790161 -0.6129 0
    outer loop
      vertex 85.2135 13.8817 2
      vertex 85.1558 13.9561 7
      vertex 85.1558 13.9561 2
    endloop
  endfacet
  facet normal -0.790161 -0.6129 0
    outer loop
      vertex 85.1558 13.9561 7
      vertex 85.2135 13.8817 2
      vertex 85.2135 13.8817 7
    endloop
  endfacet
  facet normal -0.75011 -0.661313 0
    outer loop
      vertex 85.1558 13.9561 2
      vertex 85.0935 14.0268 7
      vertex 85.0935 14.0268 2
    endloop
  endfacet
  facet normal -0.75011 -0.661313 0
    outer loop
      vertex 85.0935 14.0268 7
      vertex 85.1558 13.9561 2
      vertex 85.1558 13.9561 7
    endloop
  endfacet
  facet normal -0.156434 -0.987688 0
    outer loop
      vertex 84.188 14.4882 2
      vertex 84.2811 14.4734 7
      vertex 84.188 14.4882 7
    endloop
  endfacet
  facet normal -0.156434 -0.987688 -0
    outer loop
      vertex 84.2811 14.4734 7
      vertex 84.188 14.4882 2
      vertex 84.2811 14.4734 2
    endloop
  endfacet
  facet normal -0.218159 -0.975913 0
    outer loop
      vertex 84.2811 14.4734 2
      vertex 84.373 14.4529 7
      vertex 84.2811 14.4734 7
    endloop
  endfacet
  facet normal -0.218159 -0.975913 -0
    outer loop
      vertex 84.373 14.4529 7
      vertex 84.2811 14.4734 2
      vertex 84.373 14.4529 2
    endloop
  endfacet
  facet normal -0.612881 -0.790175 0
    outer loop
      vertex 84.8817 14.2135 2
      vertex 84.9561 14.1558 7
      vertex 84.8817 14.2135 7
    endloop
  endfacet
  facet normal -0.612881 -0.790175 -0
    outer loop
      vertex 84.9561 14.1558 7
      vertex 84.8817 14.2135 2
      vertex 84.9561 14.1558 2
    endloop
  endfacet
  facet normal 0.98769 -0.156422 0
    outer loop
      vertex 82.5118 13.188 7
      vertex 82.5266 13.2811 2
      vertex 82.5266 13.2811 7
    endloop
  endfacet
  facet normal 0.98769 -0.156422 0
    outer loop
      vertex 82.5266 13.2811 2
      vertex 82.5118 13.188 7
      vertex 82.5118 13.188 2
    endloop
  endfacet
  facet normal 0.790161 -0.6129 0
    outer loop
      vertex 82.7865 13.8817 7
      vertex 82.8442 13.9561 2
      vertex 82.8442 13.9561 7
    endloop
  endfacet
  facet normal 0.790161 -0.6129 0
    outer loop
      vertex 82.8442 13.9561 2
      vertex 82.7865 13.8817 7
      vertex 82.7865 13.8817 2
    endloop
  endfacet
  facet normal 0.940902 -0.338679 0
    outer loop
      vertex 82.5734 13.4635 7
      vertex 82.6053 13.5522 2
      vertex 82.6053 13.5522 7
    endloop
  endfacet
  facet normal 0.940902 -0.338679 0
    outer loop
      vertex 82.6053 13.5522 2
      vertex 82.5734 13.4635 7
      vertex 82.5734 13.4635 2
    endloop
  endfacet
  facet normal 0.917733 -0.397199 0
    outer loop
      vertex 82.6053 13.5522 7
      vertex 82.6428 13.6387 2
      vertex 82.6428 13.6387 7
    endloop
  endfacet
  facet normal 0.917733 -0.397199 0
    outer loop
      vertex 82.6428 13.6387 2
      vertex 82.6053 13.5522 7
      vertex 82.6053 13.5522 2
    endloop
  endfacet
  facet normal 0.975905 -0.218195 0
    outer loop
      vertex 82.5266 13.2811 7
      vertex 82.5471 13.373 2
      vertex 82.5471 13.373 7
    endloop
  endfacet
  facet normal 0.975905 -0.218195 0
    outer loop
      vertex 82.5471 13.373 2
      vertex 82.5266 13.2811 7
      vertex 82.5266 13.2811 2
    endloop
  endfacet
  facet normal 0.995565 -0.0940793 0
    outer loop
      vertex 82.503 13.0942 7
      vertex 82.5118 13.188 2
      vertex 82.5118 13.188 7
    endloop
  endfacet
  facet normal 0.995565 -0.0940793 0
    outer loop
      vertex 82.5118 13.188 2
      vertex 82.503 13.0942 7
      vertex 82.503 13.0942 2
    endloop
  endfacet
  facet normal 0.562098 -0.82707 0
    outer loop
      vertex 83.1183 14.2135 2
      vertex 83.1963 14.2665 7
      vertex 83.1183 14.2135 7
    endloop
  endfacet
  facet normal 0.562098 -0.82707 0
    outer loop
      vertex 83.1963 14.2665 7
      vertex 83.1183 14.2135 2
      vertex 83.1963 14.2665 2
    endloop
  endfacet
  facet normal 0.612881 -0.790175 0
    outer loop
      vertex 83.0439 14.1558 2
      vertex 83.1183 14.2135 7
      vertex 83.0439 14.1558 7
    endloop
  endfacet
  facet normal 0.612881 -0.790175 0
    outer loop
      vertex 83.1183 14.2135 7
      vertex 83.0439 14.1558 2
      vertex 83.1183 14.2135 2
    endloop
  endfacet
  facet normal 0.661303 -0.750119 0
    outer loop
      vertex 82.9732 14.0935 2
      vertex 83.0439 14.1558 7
      vertex 82.9732 14.0935 7
    endloop
  endfacet
  facet normal 0.661303 -0.750119 0
    outer loop
      vertex 83.0439 14.1558 7
      vertex 82.9732 14.0935 2
      vertex 83.0439 14.1558 2
    endloop
  endfacet
  facet normal 0.156434 -0.987688 0
    outer loop
      vertex 83.7189 14.4734 2
      vertex 83.812 14.4882 7
      vertex 83.7189 14.4734 7
    endloop
  endfacet
  facet normal 0.156434 -0.987688 0
    outer loop
      vertex 83.812 14.4882 7
      vertex 83.7189 14.4734 2
      vertex 83.812 14.4882 2
    endloop
  endfacet
  facet normal -0.98769 0.156422 0
    outer loop
      vertex 85.4734 12.7189 2
      vertex 85.4882 12.812 7
      vertex 85.4882 12.812 2
    endloop
  endfacet
  facet normal -0.98769 0.156422 0
    outer loop
      vertex 85.4882 12.812 7
      vertex 85.4734 12.7189 2
      vertex 85.4734 12.7189 7
    endloop
  endfacet
  facet normal -0.661343 0.750084 0
    outer loop
      vertex 85.0268 11.9065 2
      vertex 84.9561 11.8442 7
      vertex 85.0268 11.9065 7
    endloop
  endfacet
  facet normal -0.661343 0.750084 0
    outer loop
      vertex 84.9561 11.8442 7
      vertex 85.0268 11.9065 2
      vertex 84.9561 11.8442 2
    endloop
  endfacet
  facet normal -0.790161 0.6129 0
    outer loop
      vertex 85.1558 12.0439 2
      vertex 85.2135 12.1183 7
      vertex 85.2135 12.1183 2
    endloop
  endfacet
  facet normal -0.790161 0.6129 0
    outer loop
      vertex 85.2135 12.1183 7
      vertex 85.1558 12.0439 2
      vertex 85.1558 12.0439 7
    endloop
  endfacet
  facet normal -0.960291 0.279001 0
    outer loop
      vertex 85.4266 12.5365 2
      vertex 85.4529 12.627 7
      vertex 85.4529 12.627 2
    endloop
  endfacet
  facet normal -0.960291 0.279001 0
    outer loop
      vertex 85.4529 12.627 7
      vertex 85.4266 12.5365 2
      vertex 85.4266 12.5365 7
    endloop
  endfacet
  facet normal 0.612881 0.790175 -0
    outer loop
      vertex 83.1183 11.7865 2
      vertex 83.0439 11.8442 7
      vertex 83.1183 11.7865 7
    endloop
  endfacet
  facet normal 0.612881 0.790175 0
    outer loop
      vertex 83.0439 11.8442 7
      vertex 83.1183 11.7865 2
      vertex 83.0439 11.8442 2
    endloop
  endfacet
  facet normal 0.562098 0.82707 -0
    outer loop
      vertex 83.1963 11.7335 2
      vertex 83.1183 11.7865 7
      vertex 83.1963 11.7335 7
    endloop
  endfacet
  facet normal 0.562098 0.82707 0
    outer loop
      vertex 83.1183 11.7865 7
      vertex 83.1963 11.7335 2
      vertex 83.1183 11.7865 2
    endloop
  endfacet
  facet normal 0.0941056 0.995562 -0
    outer loop
      vertex 83.9058 11.503 2
      vertex 83.812 11.5118 7
      vertex 83.9058 11.503 7
    endloop
  endfacet
  facet normal 0.0941056 0.995562 0
    outer loop
      vertex 83.812 11.5118 7
      vertex 83.9058 11.503 2
      vertex 83.812 11.5118 2
    endloop
  endfacet
  facet normal 0.790161 0.6129 0
    outer loop
      vertex 82.8442 12.0439 7
      vertex 82.7865 12.1183 2
      vertex 82.7865 12.1183 7
    endloop
  endfacet
  facet normal 0.790161 0.6129 0
    outer loop
      vertex 82.7865 12.1183 2
      vertex 82.8442 12.0439 7
      vertex 82.8442 12.0439 2
    endloop
  endfacet
  facet normal 0.75011 0.661313 0
    outer loop
      vertex 82.9065 11.9732 7
      vertex 82.8442 12.0439 2
      vertex 82.8442 12.0439 7
    endloop
  endfacet
  facet normal 0.75011 0.661313 0
    outer loop
      vertex 82.8442 12.0439 2
      vertex 82.9065 11.9732 7
      vertex 82.9065 11.9732 2
    endloop
  endfacet
  facet normal 0.917733 0.397199 0
    outer loop
      vertex 82.6428 12.3613 7
      vertex 82.6053 12.4478 2
      vertex 82.6053 12.4478 7
    endloop
  endfacet
  facet normal 0.917733 0.397199 0
    outer loop
      vertex 82.6053 12.4478 2
      vertex 82.6428 12.3613 7
      vertex 82.6428 12.3613 2
    endloop
  endfacet
  facet normal -0.98769 -0.156422 0
    outer loop
      vertex 85.4882 13.188 2
      vertex 85.4734 13.2811 7
      vertex 85.4734 13.2811 2
    endloop
  endfacet
  facet normal -0.98769 -0.156422 0
    outer loop
      vertex 85.4734 13.2811 7
      vertex 85.4882 13.188 2
      vertex 85.4882 13.188 7
    endloop
  endfacet
  facet normal -0.995565 -0.0940793 0
    outer loop
      vertex 85.497 13.0942 2
      vertex 85.4882 13.188 7
      vertex 85.4882 13.188 2
    endloop
  endfacet
  facet normal -0.995565 -0.0940793 0
    outer loop
      vertex 85.4882 13.188 7
      vertex 85.497 13.0942 2
      vertex 85.497 13.0942 7
    endloop
  endfacet
  facet normal -0.960291 -0.279001 0
    outer loop
      vertex 85.4529 13.373 2
      vertex 85.4266 13.4635 7
      vertex 85.4266 13.4635 2
    endloop
  endfacet
  facet normal -0.960291 -0.279001 0
    outer loop
      vertex 85.4266 13.4635 7
      vertex 85.4529 13.373 2
      vertex 85.4529 13.373 7
    endloop
  endfacet
  facet normal -0.940876 -0.338751 0
    outer loop
      vertex 85.4266 13.4635 2
      vertex 85.3947 13.5522 7
      vertex 85.3947 13.5522 2
    endloop
  endfacet
  facet normal -0.940876 -0.338751 0
    outer loop
      vertex 85.3947 13.5522 7
      vertex 85.4266 13.4635 2
      vertex 85.4266 13.4635 7
    endloop
  endfacet
  facet normal -0.82706 -0.562114 0
    outer loop
      vertex 85.2665 13.8037 2
      vertex 85.2135 13.8817 7
      vertex 85.2135 13.8817 2
    endloop
  endfacet
  facet normal -0.82706 -0.562114 0
    outer loop
      vertex 85.2135 13.8817 7
      vertex 85.2665 13.8037 2
      vertex 85.2665 13.8037 7
    endloop
  endfacet
  facet normal -0.86075 -0.509028 0
    outer loop
      vertex 85.3145 13.7226 2
      vertex 85.2665 13.8037 7
      vertex 85.2665 13.8037 2
    endloop
  endfacet
  facet normal -0.86075 -0.509028 0
    outer loop
      vertex 85.2665 13.8037 7
      vertex 85.3145 13.7226 2
      vertex 85.3145 13.7226 7
    endloop
  endfacet
  facet normal -0.278986 -0.960295 0
    outer loop
      vertex 84.373 14.4529 2
      vertex 84.4635 14.4266 7
      vertex 84.373 14.4529 7
    endloop
  endfacet
  facet normal -0.278986 -0.960295 -0
    outer loop
      vertex 84.4635 14.4266 7
      vertex 84.373 14.4529 2
      vertex 84.4635 14.4266 2
    endloop
  endfacet
  facet normal -0.0314142 -0.999506 0
    outer loop
      vertex 84 14.5 2
      vertex 84.0942 14.497 7
      vertex 84 14.5 7
    endloop
  endfacet
  facet normal -0.0314142 -0.999506 -0
    outer loop
      vertex 84.0942 14.497 7
      vertex 84 14.5 2
      vertex 84.0942 14.497 2
    endloop
  endfacet
  facet normal -0.453986 -0.891009 0
    outer loop
      vertex 84.6387 14.3572 2
      vertex 84.7226 14.3145 7
      vertex 84.6387 14.3572 7
    endloop
  endfacet
  facet normal -0.453986 -0.891009 -0
    outer loop
      vertex 84.7226 14.3145 7
      vertex 84.6387 14.3572 2
      vertex 84.7226 14.3145 2
    endloop
  endfacet
  facet normal -0.397129 -0.917763 0
    outer loop
      vertex 84.5522 14.3947 2
      vertex 84.6387 14.3572 7
      vertex 84.5522 14.3947 7
    endloop
  endfacet
  facet normal -0.397129 -0.917763 -0
    outer loop
      vertex 84.6387 14.3572 7
      vertex 84.5522 14.3947 2
      vertex 84.6387 14.3572 2
    endloop
  endfacet
  facet normal -0.509055 -0.860734 0
    outer loop
      vertex 84.7226 14.3145 2
      vertex 84.8037 14.2665 7
      vertex 84.7226 14.3145 7
    endloop
  endfacet
  facet normal -0.509055 -0.860734 -0
    outer loop
      vertex 84.8037 14.2665 7
      vertex 84.7226 14.3145 2
      vertex 84.8037 14.2665 2
    endloop
  endfacet
  facet normal -0.562098 -0.82707 0
    outer loop
      vertex 84.8037 14.2665 2
      vertex 84.8817 14.2135 7
      vertex 84.8037 14.2665 7
    endloop
  endfacet
  facet normal -0.562098 -0.82707 -0
    outer loop
      vertex 84.8817 14.2135 7
      vertex 84.8037 14.2665 2
      vertex 84.8817 14.2135 2
    endloop
  endfacet
  facet normal 0.999506 -0.0314142 0
    outer loop
      vertex 82.5 13 7
      vertex 82.503 13.0942 2
      vertex 82.503 13.0942 7
    endloop
  endfacet
  facet normal 0.999506 -0.0314142 0
    outer loop
      vertex 82.503 13.0942 2
      vertex 82.5 13 7
      vertex 82.5 13 2
    endloop
  endfacet
  facet normal 0.453986 -0.891009 0
    outer loop
      vertex 83.2774 14.3145 2
      vertex 83.3613 14.3572 7
      vertex 83.2774 14.3145 7
    endloop
  endfacet
  facet normal 0.453986 -0.891009 0
    outer loop
      vertex 83.3613 14.3572 7
      vertex 83.2774 14.3145 2
      vertex 83.3613 14.3572 2
    endloop
  endfacet
  facet normal 0.278986 -0.960295 0
    outer loop
      vertex 83.5365 14.4266 2
      vertex 83.627 14.4529 7
      vertex 83.5365 14.4266 7
    endloop
  endfacet
  facet normal 0.278986 -0.960295 0
    outer loop
      vertex 83.627 14.4529 7
      vertex 83.5365 14.4266 2
      vertex 83.627 14.4529 2
    endloop
  endfacet
  facet normal 0.338742 -0.940879 0
    outer loop
      vertex 83.4478 14.3947 2
      vertex 83.5365 14.4266 7
      vertex 83.4478 14.3947 7
    endloop
  endfacet
  facet normal 0.338742 -0.940879 0
    outer loop
      vertex 83.5365 14.4266 7
      vertex 83.4478 14.3947 2
      vertex 83.5365 14.4266 2
    endloop
  endfacet
  facet normal 0.397129 -0.917763 0
    outer loop
      vertex 83.3613 14.3572 2
      vertex 83.4478 14.3947 7
      vertex 83.3613 14.3572 7
    endloop
  endfacet
  facet normal 0.397129 -0.917763 0
    outer loop
      vertex 83.4478 14.3947 7
      vertex 83.3613 14.3572 2
      vertex 83.4478 14.3947 2
    endloop
  endfacet
  facet normal 0.0941056 -0.995562 0
    outer loop
      vertex 83.812 14.4882 2
      vertex 83.9058 14.497 7
      vertex 83.812 14.4882 7
    endloop
  endfacet
  facet normal 0.0941056 -0.995562 0
    outer loop
      vertex 83.9058 14.497 7
      vertex 83.812 14.4882 2
      vertex 83.9058 14.497 2
    endloop
  endfacet
  facet normal -0.0941056 0.995562 0
    outer loop
      vertex 84.188 11.5118 2
      vertex 84.0942 11.503 7
      vertex 84.188 11.5118 7
    endloop
  endfacet
  facet normal -0.0941056 0.995562 0
    outer loop
      vertex 84.0942 11.503 7
      vertex 84.188 11.5118 2
      vertex 84.0942 11.503 2
    endloop
  endfacet
  facet normal -0.218159 0.975913 0
    outer loop
      vertex 84.373 11.5471 2
      vertex 84.2811 11.5266 7
      vertex 84.373 11.5471 7
    endloop
  endfacet
  facet normal -0.218159 0.975913 0
    outer loop
      vertex 84.2811 11.5266 7
      vertex 84.373 11.5471 2
      vertex 84.2811 11.5266 2
    endloop
  endfacet
  facet normal -0.397129 0.917763 0
    outer loop
      vertex 84.6387 11.6428 2
      vertex 84.5522 11.6053 7
      vertex 84.6387 11.6428 7
    endloop
  endfacet
  facet normal -0.397129 0.917763 0
    outer loop
      vertex 84.5522 11.6053 7
      vertex 84.6387 11.6428 2
      vertex 84.5522 11.6053 2
    endloop
  endfacet
  facet normal -0.453986 0.891009 0
    outer loop
      vertex 84.7226 11.6855 2
      vertex 84.6387 11.6428 7
      vertex 84.7226 11.6855 7
    endloop
  endfacet
  facet normal -0.453986 0.891009 0
    outer loop
      vertex 84.6387 11.6428 7
      vertex 84.7226 11.6855 2
      vertex 84.6387 11.6428 2
    endloop
  endfacet
  facet normal -0.338742 0.940879 0
    outer loop
      vertex 84.5522 11.6053 2
      vertex 84.4635 11.5734 7
      vertex 84.5522 11.6053 7
    endloop
  endfacet
  facet normal -0.338742 0.940879 0
    outer loop
      vertex 84.4635 11.5734 7
      vertex 84.5522 11.6053 2
      vertex 84.4635 11.5734 2
    endloop
  endfacet
  facet normal -0.707092 0.707122 0
    outer loop
      vertex 85.0935 11.9732 2
      vertex 85.0268 11.9065 7
      vertex 85.0935 11.9732 7
    endloop
  endfacet
  facet normal -0.707092 0.707122 0
    outer loop
      vertex 85.0268 11.9065 7
      vertex 85.0935 11.9732 2
      vertex 85.0268 11.9065 2
    endloop
  endfacet
  facet normal -0.509055 0.860734 0
    outer loop
      vertex 84.8037 11.7335 2
      vertex 84.7226 11.6855 7
      vertex 84.8037 11.7335 7
    endloop
  endfacet
  facet normal -0.509055 0.860734 0
    outer loop
      vertex 84.7226 11.6855 7
      vertex 84.8037 11.7335 2
      vertex 84.7226 11.6855 2
    endloop
  endfacet
  facet normal -0.612881 0.790175 0
    outer loop
      vertex 84.9561 11.8442 2
      vertex 84.8817 11.7865 7
      vertex 84.9561 11.8442 7
    endloop
  endfacet
  facet normal -0.612881 0.790175 0
    outer loop
      vertex 84.8817 11.7865 7
      vertex 84.9561 11.8442 2
      vertex 84.8817 11.7865 2
    endloop
  endfacet
  facet normal -0.562098 0.82707 0
    outer loop
      vertex 84.8817 11.7865 2
      vertex 84.8037 11.7335 7
      vertex 84.8817 11.7865 7
    endloop
  endfacet
  facet normal -0.562098 0.82707 0
    outer loop
      vertex 84.8037 11.7335 7
      vertex 84.8817 11.7865 2
      vertex 84.8037 11.7335 2
    endloop
  endfacet
  facet normal -0.940876 0.338751 0
    outer loop
      vertex 85.3947 12.4478 2
      vertex 85.4266 12.5365 7
      vertex 85.4266 12.5365 2
    endloop
  endfacet
  facet normal -0.940876 0.338751 0
    outer loop
      vertex 85.4266 12.5365 7
      vertex 85.3947 12.4478 2
      vertex 85.3947 12.4478 7
    endloop
  endfacet
  facet normal -0.917762 0.397131 0
    outer loop
      vertex 85.3572 12.3613 2
      vertex 85.3947 12.4478 7
      vertex 85.3947 12.4478 2
    endloop
  endfacet
  facet normal -0.917762 0.397131 0
    outer loop
      vertex 85.3947 12.4478 7
      vertex 85.3572 12.3613 2
      vertex 85.3572 12.3613 7
    endloop
  endfacet
  facet normal 0.453986 0.891009 -0
    outer loop
      vertex 83.3613 11.6428 2
      vertex 83.2774 11.6855 7
      vertex 83.3613 11.6428 7
    endloop
  endfacet
  facet normal 0.453986 0.891009 0
    outer loop
      vertex 83.2774 11.6855 7
      vertex 83.3613 11.6428 2
      vertex 83.2774 11.6855 2
    endloop
  endfacet
  facet normal 0.338742 0.940879 -0
    outer loop
      vertex 83.5365 11.5734 2
      vertex 83.4478 11.6053 7
      vertex 83.5365 11.5734 7
    endloop
  endfacet
  facet normal 0.338742 0.940879 0
    outer loop
      vertex 83.4478 11.6053 7
      vertex 83.5365 11.5734 2
      vertex 83.4478 11.6053 2
    endloop
  endfacet
  facet normal 0.397129 0.917763 -0
    outer loop
      vertex 83.4478 11.6053 2
      vertex 83.3613 11.6428 7
      vertex 83.4478 11.6053 7
    endloop
  endfacet
  facet normal 0.397129 0.917763 0
    outer loop
      vertex 83.3613 11.6428 7
      vertex 83.4478 11.6053 2
      vertex 83.3613 11.6428 2
    endloop
  endfacet
  facet normal 0.156434 0.987688 -0
    outer loop
      vertex 83.812 11.5118 2
      vertex 83.7189 11.5266 7
      vertex 83.812 11.5118 7
    endloop
  endfacet
  facet normal 0.156434 0.987688 0
    outer loop
      vertex 83.7189 11.5266 7
      vertex 83.812 11.5118 2
      vertex 83.7189 11.5266 2
    endloop
  endfacet
  facet normal 0.218159 0.975913 -0
    outer loop
      vertex 83.7189 11.5266 2
      vertex 83.627 11.5471 7
      vertex 83.7189 11.5266 7
    endloop
  endfacet
  facet normal 0.218159 0.975913 0
    outer loop
      vertex 83.627 11.5471 7
      vertex 83.7189 11.5266 2
      vertex 83.627 11.5471 2
    endloop
  endfacet
  facet normal 0.0314041 0.999507 -0
    outer loop
      vertex 84 11.5 2
      vertex 83.9058 11.503 7
      vertex 84 11.5 7
    endloop
  endfacet
  facet normal 0.0314041 0.999507 0
    outer loop
      vertex 83.9058 11.503 7
      vertex 84 11.5 2
      vertex 83.9058 11.503 2
    endloop
  endfacet
  facet normal 0.661303 0.750119 -0
    outer loop
      vertex 83.0439 11.8442 2
      vertex 82.9732 11.9065 7
      vertex 83.0439 11.8442 7
    endloop
  endfacet
  facet normal 0.661303 0.750119 0
    outer loop
      vertex 82.9732 11.9065 7
      vertex 83.0439 11.8442 2
      vertex 82.9732 11.9065 2
    endloop
  endfacet
  facet normal 0.86075 0.509028 0
    outer loop
      vertex 82.7335 12.1963 7
      vertex 82.6855 12.2774 2
      vertex 82.6855 12.2774 7
    endloop
  endfacet
  facet normal 0.86075 0.509028 0
    outer loop
      vertex 82.6855 12.2774 2
      vertex 82.7335 12.1963 7
      vertex 82.7335 12.1963 2
    endloop
  endfacet
  facet normal 0.891019 0.453965 0
    outer loop
      vertex 82.6855 12.2774 7
      vertex 82.6428 12.3613 2
      vertex 82.6428 12.3613 7
    endloop
  endfacet
  facet normal 0.891019 0.453965 0
    outer loop
      vertex 82.6428 12.3613 2
      vertex 82.6855 12.2774 7
      vertex 82.6855 12.2774 2
    endloop
  endfacet
  facet normal 0.960291 0.279001 0
    outer loop
      vertex 82.5734 12.5365 7
      vertex 82.5471 12.627 2
      vertex 82.5471 12.627 7
    endloop
  endfacet
  facet normal 0.960291 0.279001 0
    outer loop
      vertex 82.5471 12.627 2
      vertex 82.5734 12.5365 7
      vertex 82.5734 12.5365 2
    endloop
  endfacet
  facet normal 0.975905 0.218195 0
    outer loop
      vertex 82.5471 12.627 7
      vertex 82.5266 12.7189 2
      vertex 82.5266 12.7189 7
    endloop
  endfacet
  facet normal 0.975905 0.218195 0
    outer loop
      vertex 82.5266 12.7189 2
      vertex 82.5471 12.627 7
      vertex 82.5471 12.627 2
    endloop
  endfacet
  facet normal 0.995565 0.0940793 0
    outer loop
      vertex 82.5118 12.812 7
      vertex 82.503 12.9058 2
      vertex 82.503 12.9058 7
    endloop
  endfacet
  facet normal 0.995565 0.0940793 0
    outer loop
      vertex 82.503 12.9058 2
      vertex 82.5118 12.812 7
      vertex 82.5118 12.812 2
    endloop
  endfacet
  facet normal -0.917762 -0.397131 0
    outer loop
      vertex 85.3947 13.5522 2
      vertex 85.3572 13.6387 7
      vertex 85.3572 13.6387 2
    endloop
  endfacet
  facet normal -0.917762 -0.397131 0
    outer loop
      vertex 85.3572 13.6387 7
      vertex 85.3947 13.5522 2
      vertex 85.3947 13.5522 7
    endloop
  endfacet
  facet normal -0.707092 -0.707122 0
    outer loop
      vertex 85.0268 14.0935 2
      vertex 85.0935 14.0268 7
      vertex 85.0268 14.0935 7
    endloop
  endfacet
  facet normal -0.707092 -0.707122 -0
    outer loop
      vertex 85.0935 14.0268 7
      vertex 85.0268 14.0935 2
      vertex 85.0935 14.0268 2
    endloop
  endfacet
  facet normal -0.0941056 -0.995562 0
    outer loop
      vertex 84.0942 14.497 2
      vertex 84.188 14.4882 7
      vertex 84.0942 14.497 7
    endloop
  endfacet
  facet normal -0.0941056 -0.995562 -0
    outer loop
      vertex 84.188 14.4882 7
      vertex 84.0942 14.497 2
      vertex 84.188 14.4882 2
    endloop
  endfacet
  facet normal 0.86075 -0.509028 0
    outer loop
      vertex 82.6855 13.7226 7
      vertex 82.7335 13.8037 2
      vertex 82.7335 13.8037 7
    endloop
  endfacet
  facet normal 0.86075 -0.509028 0
    outer loop
      vertex 82.7335 13.8037 2
      vertex 82.6855 13.7226 7
      vertex 82.6855 13.7226 2
    endloop
  endfacet
  facet normal 0.960291 -0.279001 0
    outer loop
      vertex 82.5471 13.373 7
      vertex 82.5734 13.4635 2
      vertex 82.5734 13.4635 7
    endloop
  endfacet
  facet normal 0.960291 -0.279001 0
    outer loop
      vertex 82.5734 13.4635 2
      vertex 82.5471 13.373 7
      vertex 82.5471 13.373 2
    endloop
  endfacet
  facet normal 0.999506 0.0314139 0
    outer loop
      vertex 82.503 12.9058 7
      vertex 82.5 13 2
      vertex 82.5 13 7
    endloop
  endfacet
  facet normal 0.999506 0.0314139 0
    outer loop
      vertex 82.5 13 2
      vertex 82.503 12.9058 7
      vertex 82.503 12.9058 2
    endloop
  endfacet
  facet normal 0.707132 -0.707081 0
    outer loop
      vertex 82.9065 14.0268 7
      vertex 82.9732 14.0935 2
      vertex 82.9732 14.0935 7
    endloop
  endfacet
  facet normal 0.707132 -0.707081 0
    outer loop
      vertex 82.9732 14.0935 2
      vertex 82.9065 14.0268 7
      vertex 82.9065 14.0268 2
    endloop
  endfacet
  facet normal 0.509055 -0.860734 0
    outer loop
      vertex 83.1963 14.2665 2
      vertex 83.2774 14.3145 7
      vertex 83.1963 14.2665 7
    endloop
  endfacet
  facet normal 0.509055 -0.860734 0
    outer loop
      vertex 83.2774 14.3145 7
      vertex 83.1963 14.2665 2
      vertex 83.2774 14.3145 2
    endloop
  endfacet
  facet normal -0.156434 0.987688 0
    outer loop
      vertex 84.2811 11.5266 2
      vertex 84.188 11.5118 7
      vertex 84.2811 11.5266 7
    endloop
  endfacet
  facet normal -0.156434 0.987688 0
    outer loop
      vertex 84.188 11.5118 7
      vertex 84.2811 11.5266 2
      vertex 84.188 11.5118 2
    endloop
  endfacet
  facet normal -0.86075 0.509028 0
    outer loop
      vertex 85.2665 12.1963 2
      vertex 85.3145 12.2774 7
      vertex 85.3145 12.2774 2
    endloop
  endfacet
  facet normal -0.86075 0.509028 0
    outer loop
      vertex 85.3145 12.2774 7
      vertex 85.2665 12.1963 2
      vertex 85.2665 12.1963 7
    endloop
  endfacet
  facet normal -0.82706 0.562114 0
    outer loop
      vertex 85.2135 12.1183 2
      vertex 85.2665 12.1963 7
      vertex 85.2665 12.1963 2
    endloop
  endfacet
  facet normal -0.82706 0.562114 0
    outer loop
      vertex 85.2665 12.1963 7
      vertex 85.2135 12.1183 2
      vertex 85.2135 12.1183 7
    endloop
  endfacet
  facet normal -0.995565 0.0940793 0
    outer loop
      vertex 85.4882 12.812 2
      vertex 85.497 12.9058 7
      vertex 85.497 12.9058 2
    endloop
  endfacet
  facet normal -0.995565 0.0940793 0
    outer loop
      vertex 85.497 12.9058 7
      vertex 85.4882 12.812 2
      vertex 85.4882 12.812 7
    endloop
  endfacet
  facet normal -0.975905 0.218195 0
    outer loop
      vertex 85.4529 12.627 2
      vertex 85.4734 12.7189 7
      vertex 85.4734 12.7189 2
    endloop
  endfacet
  facet normal -0.975905 0.218195 0
    outer loop
      vertex 85.4734 12.7189 7
      vertex 85.4529 12.627 2
      vertex 85.4529 12.627 7
    endloop
  endfacet
  facet normal 0.509055 0.860734 -0
    outer loop
      vertex 83.2774 11.6855 2
      vertex 83.1963 11.7335 7
      vertex 83.2774 11.6855 7
    endloop
  endfacet
  facet normal 0.509055 0.860734 0
    outer loop
      vertex 83.1963 11.7335 7
      vertex 83.2774 11.6855 2
      vertex 83.1963 11.7335 2
    endloop
  endfacet
  facet normal -0.0314041 0.999507 0
    outer loop
      vertex 84.0942 11.503 2
      vertex 84 11.5 7
      vertex 84.0942 11.503 7
    endloop
  endfacet
  facet normal -0.0314041 0.999507 0
    outer loop
      vertex 84 11.5 7
      vertex 84.0942 11.503 2
      vertex 84 11.5 2
    endloop
  endfacet
  facet normal 0.82706 0.562114 0
    outer loop
      vertex 82.7865 12.1183 7
      vertex 82.7335 12.1963 2
      vertex 82.7335 12.1963 7
    endloop
  endfacet
  facet normal 0.82706 0.562114 0
    outer loop
      vertex 82.7335 12.1963 2
      vertex 82.7865 12.1183 7
      vertex 82.7865 12.1183 2
    endloop
  endfacet
  facet normal 0.940902 0.338679 0
    outer loop
      vertex 82.6053 12.4478 7
      vertex 82.5734 12.5365 2
      vertex 82.5734 12.5365 7
    endloop
  endfacet
  facet normal 0.940902 0.338679 0
    outer loop
      vertex 82.5734 12.5365 2
      vertex 82.6053 12.4478 7
      vertex 82.6053 12.4478 2
    endloop
  endfacet
  facet normal 0.98769 0.156422 0
    outer loop
      vertex 82.5266 12.7189 7
      vertex 82.5118 12.812 2
      vertex 82.5118 12.812 7
    endloop
  endfacet
  facet normal 0.98769 0.156422 0
    outer loop
      vertex 82.5118 12.812 2
      vertex 82.5266 12.7189 7
      vertex 82.5266 12.7189 2
    endloop
  endfacet
  facet normal -0.999506 0.0314139 0
    outer loop
      vertex 85.497 12.9058 2
      vertex 85.5 13 7
      vertex 85.5 13 2
    endloop
  endfacet
  facet normal -0.999506 0.0314139 0
    outer loop
      vertex 85.5 13 7
      vertex 85.497 12.9058 2
      vertex 85.497 12.9058 7
    endloop
  endfacet
  facet normal -0.999506 -0.0314142 0
    outer loop
      vertex 85.5 44 2
      vertex 85.497 44.0942 7
      vertex 85.497 44.0942 2
    endloop
  endfacet
  facet normal -0.999506 -0.0314142 0
    outer loop
      vertex 85.497 44.0942 7
      vertex 85.5 44 2
      vertex 85.5 44 7
    endloop
  endfacet
  facet normal 0.0314142 -0.999506 0
    outer loop
      vertex 83.9058 45.497 2
      vertex 84 45.5 7
      vertex 83.9058 45.497 7
    endloop
  endfacet
  facet normal 0.0314142 -0.999506 0
    outer loop
      vertex 84 45.5 7
      vertex 83.9058 45.497 2
      vertex 84 45.5 2
    endloop
  endfacet
  facet normal -0.0314142 0.999506 0
    outer loop
      vertex 84.0942 42.503 2
      vertex 84 42.5 7
      vertex 84.0942 42.503 7
    endloop
  endfacet
  facet normal -0.0314142 0.999506 0
    outer loop
      vertex 84 42.5 7
      vertex 84.0942 42.503 2
      vertex 84 42.5 2
    endloop
  endfacet
  facet normal 0.661303 0.750119 -0
    outer loop
      vertex 83.0439 42.8442 2
      vertex 82.9732 42.9065 7
      vertex 83.0439 42.8442 7
    endloop
  endfacet
  facet normal 0.661303 0.750119 0
    outer loop
      vertex 82.9732 42.9065 7
      vertex 83.0439 42.8442 2
      vertex 82.9732 42.9065 2
    endloop
  endfacet
  facet normal -0.661343 -0.750084 0
    outer loop
      vertex 84.9561 45.1558 2
      vertex 85.0268 45.0935 7
      vertex 84.9561 45.1558 7
    endloop
  endfacet
  facet normal -0.661343 -0.750084 -0
    outer loop
      vertex 85.0268 45.0935 7
      vertex 84.9561 45.1558 2
      vertex 85.0268 45.0935 2
    endloop
  endfacet
  facet normal 0.750119 -0.661303 0
    outer loop
      vertex 82.8442 44.9561 7
      vertex 82.9065 45.0268 2
      vertex 82.9065 45.0268 7
    endloop
  endfacet
  facet normal 0.750119 -0.661303 0
    outer loop
      vertex 82.9065 45.0268 2
      vertex 82.8442 44.9561 7
      vertex 82.8442 44.9561 2
    endloop
  endfacet
  facet normal -0.891017 -0.453969 0
    outer loop
      vertex 85.3572 44.6387 2
      vertex 85.3145 44.7226 7
      vertex 85.3145 44.7226 2
    endloop
  endfacet
  facet normal -0.891017 -0.453969 0
    outer loop
      vertex 85.3145 44.7226 7
      vertex 85.3572 44.6387 2
      vertex 85.3572 44.6387 7
    endloop
  endfacet
  facet normal -0.707087 -0.707127 0
    outer loop
      vertex 85.0268 45.0935 2
      vertex 85.0935 45.0268 7
      vertex 85.0268 45.0935 7
    endloop
  endfacet
  facet normal -0.707087 -0.707127 -0
    outer loop
      vertex 85.0935 45.0268 7
      vertex 85.0268 45.0935 2
      vertex 85.0935 45.0268 2
    endloop
  endfacet
  facet normal -0.338715 -0.940889 0
    outer loop
      vertex 84.4635 45.4266 2
      vertex 84.5522 45.3947 7
      vertex 84.4635 45.4266 7
    endloop
  endfacet
  facet normal -0.338715 -0.940889 -0
    outer loop
      vertex 84.5522 45.3947 7
      vertex 84.4635 45.4266 2
      vertex 84.5522 45.3947 2
    endloop
  endfacet
  facet normal 0.891017 -0.453969 0
    outer loop
      vertex 82.6428 44.6387 7
      vertex 82.6855 44.7226 2
      vertex 82.6855 44.7226 7
    endloop
  endfacet
  facet normal 0.891017 -0.453969 0
    outer loop
      vertex 82.6855 44.7226 2
      vertex 82.6428 44.6387 7
      vertex 82.6428 44.6387 2
    endloop
  endfacet
  facet normal 0.707127 -0.707087 0
    outer loop
      vertex 82.9065 45.0268 7
      vertex 82.9732 45.0935 2
      vertex 82.9732 45.0935 7
    endloop
  endfacet
  facet normal 0.707127 -0.707087 0
    outer loop
      vertex 82.9732 45.0935 2
      vertex 82.9065 45.0268 7
      vertex 82.9065 45.0268 2
    endloop
  endfacet
  facet normal 0.218169 -0.975911 0
    outer loop
      vertex 83.627 45.4529 2
      vertex 83.7189 45.4734 7
      vertex 83.627 45.4529 7
    endloop
  endfacet
  facet normal 0.218169 -0.975911 0
    outer loop
      vertex 83.7189 45.4734 7
      vertex 83.627 45.4529 2
      vertex 83.7189 45.4734 2
    endloop
  endfacet
  facet normal -0.891026 0.453953 0
    outer loop
      vertex 85.3145 43.2774 2
      vertex 85.3572 43.3613 7
      vertex 85.3572 43.3613 2
    endloop
  endfacet
  facet normal -0.891026 0.453953 0
    outer loop
      vertex 85.3572 43.3613 7
      vertex 85.3145 43.2774 2
      vertex 85.3145 43.2774 7
    endloop
  endfacet
  facet normal -0.278958 0.960303 0
    outer loop
      vertex 84.4635 42.5734 2
      vertex 84.373 42.5471 7
      vertex 84.4635 42.5734 7
    endloop
  endfacet
  facet normal -0.278958 0.960303 0
    outer loop
      vertex 84.373 42.5471 7
      vertex 84.4635 42.5734 2
      vertex 84.373 42.5471 2
    endloop
  endfacet
  facet normal -0.707087 0.707127 0
    outer loop
      vertex 85.0935 42.9732 2
      vertex 85.0268 42.9065 7
      vertex 85.0935 42.9732 7
    endloop
  endfacet
  facet normal -0.707087 0.707127 0
    outer loop
      vertex 85.0268 42.9065 7
      vertex 85.0935 42.9732 2
      vertex 85.0268 42.9065 2
    endloop
  endfacet
  facet normal 0.278958 0.960303 -0
    outer loop
      vertex 83.627 42.5471 2
      vertex 83.5365 42.5734 7
      vertex 83.627 42.5471 7
    endloop
  endfacet
  facet normal 0.278958 0.960303 0
    outer loop
      vertex 83.5365 42.5734 7
      vertex 83.627 42.5471 2
      vertex 83.5365 42.5734 2
    endloop
  endfacet
  facet normal 0.750101 0.661323 0
    outer loop
      vertex 82.9065 42.9732 7
      vertex 82.8442 43.0439 2
      vertex 82.8442 43.0439 7
    endloop
  endfacet
  facet normal 0.750101 0.661323 0
    outer loop
      vertex 82.8442 43.0439 2
      vertex 82.9065 42.9732 7
      vertex 82.9065 42.9732 2
    endloop
  endfacet
  facet normal -0.975906 -0.21819 0
    outer loop
      vertex 85.4734 44.2811 2
      vertex 85.4529 44.373 7
      vertex 85.4529 44.373 2
    endloop
  endfacet
  facet normal -0.975906 -0.21819 0
    outer loop
      vertex 85.4529 44.373 7
      vertex 85.4734 44.2811 2
      vertex 85.4734 44.2811 7
    endloop
  endfacet
  facet normal -0.960289 -0.279007 0
    outer loop
      vertex 85.4529 44.373 2
      vertex 85.4266 44.4635 7
      vertex 85.4266 44.4635 2
    endloop
  endfacet
  facet normal -0.960289 -0.279007 0
    outer loop
      vertex 85.4266 44.4635 7
      vertex 85.4529 44.373 2
      vertex 85.4529 44.373 7
    endloop
  endfacet
  facet normal -0.790165 -0.612895 0
    outer loop
      vertex 85.2135 44.8817 2
      vertex 85.1558 44.9561 7
      vertex 85.1558 44.9561 2
    endloop
  endfacet
  facet normal -0.790165 -0.612895 0
    outer loop
      vertex 85.1558 44.9561 7
      vertex 85.2135 44.8817 2
      vertex 85.2135 44.8817 7
    endloop
  endfacet
  facet normal -0.156424 -0.98769 0
    outer loop
      vertex 84.188 45.4882 2
      vertex 84.2811 45.4734 7
      vertex 84.188 45.4882 7
    endloop
  endfacet
  facet normal -0.156424 -0.98769 -0
    outer loop
      vertex 84.2811 45.4734 7
      vertex 84.188 45.4882 2
      vertex 84.2811 45.4734 2
    endloop
  endfacet
  facet normal -0.397146 -0.917755 0
    outer loop
      vertex 84.5522 45.3947 2
      vertex 84.6387 45.3572 7
      vertex 84.5522 45.3947 7
    endloop
  endfacet
  facet normal -0.397146 -0.917755 -0
    outer loop
      vertex 84.6387 45.3572 7
      vertex 84.5522 45.3947 2
      vertex 84.6387 45.3572 2
    endloop
  endfacet
  facet normal -0.612875 -0.79018 0
    outer loop
      vertex 84.8817 45.2135 2
      vertex 84.9561 45.1558 7
      vertex 84.8817 45.2135 7
    endloop
  endfacet
  facet normal -0.612875 -0.79018 -0
    outer loop
      vertex 84.9561 45.1558 7
      vertex 84.8817 45.2135 2
      vertex 84.9561 45.1558 2
    endloop
  endfacet
  facet normal 0.98769 -0.156424 0
    outer loop
      vertex 82.5118 44.188 7
      vertex 82.5266 44.2811 2
      vertex 82.5266 44.2811 7
    endloop
  endfacet
  facet normal 0.98769 -0.156424 0
    outer loop
      vertex 82.5266 44.2811 2
      vertex 82.5118 44.188 7
      vertex 82.5118 44.188 2
    endloop
  endfacet
  facet normal 0.790165 -0.612895 0
    outer loop
      vertex 82.7865 44.8817 7
      vertex 82.8442 44.9561 2
      vertex 82.8442 44.9561 7
    endloop
  endfacet
  facet normal 0.790165 -0.612895 0
    outer loop
      vertex 82.8442 44.9561 2
      vertex 82.7865 44.8817 7
      vertex 82.7865 44.8817 2
    endloop
  endfacet
  facet normal 0.940902 -0.338679 0
    outer loop
      vertex 82.5734 44.4635 7
      vertex 82.6053 44.5522 2
      vertex 82.6053 44.5522 7
    endloop
  endfacet
  facet normal 0.940902 -0.338679 0
    outer loop
      vertex 82.6053 44.5522 2
      vertex 82.5734 44.4635 7
      vertex 82.5734 44.4635 2
    endloop
  endfacet
  facet normal 0.995565 -0.0940793 0
    outer loop
      vertex 82.503 44.0942 7
      vertex 82.5118 44.188 2
      vertex 82.5118 44.188 7
    endloop
  endfacet
  facet normal 0.995565 -0.0940793 0
    outer loop
      vertex 82.5118 44.188 2
      vertex 82.503 44.0942 7
      vertex 82.503 44.0942 2
    endloop
  endfacet
  facet normal 0.612875 -0.79018 0
    outer loop
      vertex 83.0439 45.1558 2
      vertex 83.1183 45.2135 7
      vertex 83.0439 45.1558 7
    endloop
  endfacet
  facet normal 0.612875 -0.79018 0
    outer loop
      vertex 83.1183 45.2135 7
      vertex 83.0439 45.1558 2
      vertex 83.1183 45.2135 2
    endloop
  endfacet
  facet normal 0.397146 -0.917755 0
    outer loop
      vertex 83.3613 45.3572 2
      vertex 83.4478 45.3947 7
      vertex 83.3613 45.3572 7
    endloop
  endfacet
  facet normal 0.397146 -0.917755 0
    outer loop
      vertex 83.4478 45.3947 7
      vertex 83.3613 45.3572 2
      vertex 83.4478 45.3947 2
    endloop
  endfacet
  facet normal 0.156424 -0.98769 0
    outer loop
      vertex 83.7189 45.4734 2
      vertex 83.812 45.4882 7
      vertex 83.7189 45.4734 7
    endloop
  endfacet
  facet normal 0.156424 -0.98769 0
    outer loop
      vertex 83.812 45.4882 7
      vertex 83.7189 45.4734 2
      vertex 83.812 45.4882 2
    endloop
  endfacet
  facet normal -0.987691 0.156418 0
    outer loop
      vertex 85.4734 43.7189 2
      vertex 85.4882 43.812 7
      vertex 85.4882 43.812 2
    endloop
  endfacet
  facet normal -0.987691 0.156418 0
    outer loop
      vertex 85.4882 43.812 7
      vertex 85.4734 43.7189 2
      vertex 85.4734 43.7189 7
    endloop
  endfacet
  facet normal -0.661343 0.750084 0
    outer loop
      vertex 85.0268 42.9065 2
      vertex 84.9561 42.8442 7
      vertex 85.0268 42.9065 7
    endloop
  endfacet
  facet normal -0.661343 0.750084 0
    outer loop
      vertex 84.9561 42.8442 7
      vertex 85.0268 42.9065 2
      vertex 84.9561 42.8442 2
    endloop
  endfacet
  facet normal -0.612875 0.79018 0
    outer loop
      vertex 84.9561 42.8442 2
      vertex 84.8817 42.7865 7
      vertex 84.9561 42.8442 7
    endloop
  endfacet
  facet normal -0.612875 0.79018 0
    outer loop
      vertex 84.8817 42.7865 7
      vertex 84.9561 42.8442 2
      vertex 84.8817 42.7865 2
    endloop
  endfacet
  facet normal -0.790165 0.612895 0
    outer loop
      vertex 85.1558 43.0439 2
      vertex 85.2135 43.1183 7
      vertex 85.2135 43.1183 2
    endloop
  endfacet
  facet normal -0.790165 0.612895 0
    outer loop
      vertex 85.2135 43.1183 7
      vertex 85.1558 43.0439 2
      vertex 85.1558 43.0439 7
    endloop
  endfacet
  facet normal 0.612875 0.79018 -0
    outer loop
      vertex 83.1183 42.7865 2
      vertex 83.0439 42.8442 7
      vertex 83.1183 42.7865 7
    endloop
  endfacet
  facet normal 0.612875 0.79018 0
    outer loop
      vertex 83.0439 42.8442 7
      vertex 83.1183 42.7865 2
      vertex 83.0439 42.8442 2
    endloop
  endfacet
  facet normal 0.0940755 0.995565 -0
    outer loop
      vertex 83.9058 42.503 2
      vertex 83.812 42.5118 7
      vertex 83.9058 42.503 7
    endloop
  endfacet
  facet normal 0.0940755 0.995565 0
    outer loop
      vertex 83.812 42.5118 7
      vertex 83.9058 42.503 2
      vertex 83.812 42.5118 2
    endloop
  endfacet
  facet normal 0.860748 0.509032 0
    outer loop
      vertex 82.7335 43.1963 7
      vertex 82.6855 43.2774 2
      vertex 82.6855 43.2774 7
    endloop
  endfacet
  facet normal 0.860748 0.509032 0
    outer loop
      vertex 82.6855 43.2774 2
      vertex 82.7335 43.1963 7
      vertex 82.7335 43.1963 2
    endloop
  endfacet
  facet normal -0.98769 -0.156424 0
    outer loop
      vertex 85.4882 44.188 2
      vertex 85.4734 44.2811 7
      vertex 85.4734 44.2811 2
    endloop
  endfacet
  facet normal -0.98769 -0.156424 0
    outer loop
      vertex 85.4734 44.2811 7
      vertex 85.4882 44.188 2
      vertex 85.4882 44.188 7
    endloop
  endfacet
  facet normal -0.995565 -0.0940793 0
    outer loop
      vertex 85.497 44.0942 2
      vertex 85.4882 44.188 7
      vertex 85.4882 44.188 2
    endloop
  endfacet
  facet normal -0.995565 -0.0940793 0
    outer loop
      vertex 85.4882 44.188 7
      vertex 85.497 44.0942 2
      vertex 85.497 44.0942 7
    endloop
  endfacet
  facet normal -0.917764 -0.397127 0
    outer loop
      vertex 85.3947 44.5522 2
      vertex 85.3572 44.6387 7
      vertex 85.3572 44.6387 2
    endloop
  endfacet
  facet normal -0.917764 -0.397127 0
    outer loop
      vertex 85.3572 44.6387 7
      vertex 85.3947 44.5522 2
      vertex 85.3947 44.5522 7
    endloop
  endfacet
  facet normal -0.940876 -0.338751 0
    outer loop
      vertex 85.4266 44.4635 2
      vertex 85.3947 44.5522 7
      vertex 85.3947 44.5522 2
    endloop
  endfacet
  facet normal -0.940876 -0.338751 0
    outer loop
      vertex 85.3947 44.5522 7
      vertex 85.4266 44.4635 2
      vertex 85.4266 44.4635 7
    endloop
  endfacet
  facet normal -0.750119 -0.661303 0
    outer loop
      vertex 85.1558 44.9561 2
      vertex 85.0935 45.0268 7
      vertex 85.0935 45.0268 2
    endloop
  endfacet
  facet normal -0.750119 -0.661303 0
    outer loop
      vertex 85.0935 45.0268 7
      vertex 85.1558 44.9561 2
      vertex 85.1558 44.9561 7
    endloop
  endfacet
  facet normal -0.827047 -0.562133 0
    outer loop
      vertex 85.2665 44.8037 2
      vertex 85.2135 44.8817 7
      vertex 85.2135 44.8817 2
    endloop
  endfacet
  facet normal -0.827047 -0.562133 0
    outer loop
      vertex 85.2135 44.8817 7
      vertex 85.2665 44.8037 2
      vertex 85.2665 44.8037 7
    endloop
  endfacet
  facet normal -0.860758 -0.509014 0
    outer loop
      vertex 85.3145 44.7226 2
      vertex 85.2665 44.8037 7
      vertex 85.2665 44.8037 2
    endloop
  endfacet
  facet normal -0.860758 -0.509014 0
    outer loop
      vertex 85.2665 44.8037 7
      vertex 85.3145 44.7226 2
      vertex 85.3145 44.7226 7
    endloop
  endfacet
  facet normal -0.278996 -0.960292 0
    outer loop
      vertex 84.373 45.4529 2
      vertex 84.4635 45.4266 7
      vertex 84.373 45.4529 7
    endloop
  endfacet
  facet normal -0.278996 -0.960292 -0
    outer loop
      vertex 84.4635 45.4266 7
      vertex 84.373 45.4529 2
      vertex 84.4635 45.4266 2
    endloop
  endfacet
  facet normal -0.218169 -0.975911 0
    outer loop
      vertex 84.2811 45.4734 2
      vertex 84.373 45.4529 7
      vertex 84.2811 45.4734 7
    endloop
  endfacet
  facet normal -0.218169 -0.975911 -0
    outer loop
      vertex 84.373 45.4529 7
      vertex 84.2811 45.4734 2
      vertex 84.373 45.4529 2
    endloop
  endfacet
  facet normal -0.0941156 -0.995561 0
    outer loop
      vertex 84.0942 45.497 2
      vertex 84.188 45.4882 7
      vertex 84.0942 45.497 7
    endloop
  endfacet
  facet normal -0.0941156 -0.995561 -0
    outer loop
      vertex 84.188 45.4882 7
      vertex 84.0942 45.497 2
      vertex 84.188 45.4882 2
    endloop
  endfacet
  facet normal -0.0314142 -0.999506 0
    outer loop
      vertex 84 45.5 2
      vertex 84.0942 45.497 7
      vertex 84 45.5 7
    endloop
  endfacet
  facet normal -0.0314142 -0.999506 -0
    outer loop
      vertex 84.0942 45.497 7
      vertex 84 45.5 2
      vertex 84.0942 45.497 2
    endloop
  endfacet
  facet normal -0.453969 -0.891017 0
    outer loop
      vertex 84.6387 45.3572 2
      vertex 84.7226 45.3145 7
      vertex 84.6387 45.3572 7
    endloop
  endfacet
  facet normal -0.453969 -0.891017 -0
    outer loop
      vertex 84.7226 45.3145 7
      vertex 84.6387 45.3572 2
      vertex 84.7226 45.3145 2
    endloop
  endfacet
  facet normal -0.509062 -0.86073 0
    outer loop
      vertex 84.7226 45.3145 2
      vertex 84.8037 45.2665 7
      vertex 84.7226 45.3145 7
    endloop
  endfacet
  facet normal -0.509062 -0.86073 -0
    outer loop
      vertex 84.8037 45.2665 7
      vertex 84.7226 45.3145 2
      vertex 84.8037 45.2665 2
    endloop
  endfacet
  facet normal -0.562105 -0.827066 0
    outer loop
      vertex 84.8037 45.2665 2
      vertex 84.8817 45.2135 7
      vertex 84.8037 45.2665 7
    endloop
  endfacet
  facet normal -0.562105 -0.827066 -0
    outer loop
      vertex 84.8817 45.2135 7
      vertex 84.8037 45.2665 2
      vertex 84.8817 45.2135 2
    endloop
  endfacet
  facet normal 0.917734 -0.397195 0
    outer loop
      vertex 82.6053 44.5522 7
      vertex 82.6428 44.6387 2
      vertex 82.6428 44.6387 7
    endloop
  endfacet
  facet normal 0.917734 -0.397195 0
    outer loop
      vertex 82.6428 44.6387 2
      vertex 82.6053 44.5522 7
      vertex 82.6053 44.5522 2
    endloop
  endfacet
  facet normal 0.960289 -0.279007 0
    outer loop
      vertex 82.5471 44.373 7
      vertex 82.5734 44.4635 2
      vertex 82.5734 44.4635 7
    endloop
  endfacet
  facet normal 0.960289 -0.279007 0
    outer loop
      vertex 82.5734 44.4635 2
      vertex 82.5471 44.373 7
      vertex 82.5471 44.373 2
    endloop
  endfacet
  facet normal 0.975906 -0.21819 0
    outer loop
      vertex 82.5266 44.2811 7
      vertex 82.5471 44.373 2
      vertex 82.5471 44.373 7
    endloop
  endfacet
  facet normal 0.975906 -0.21819 0
    outer loop
      vertex 82.5471 44.373 2
      vertex 82.5266 44.2811 7
      vertex 82.5266 44.2811 2
    endloop
  endfacet
  facet normal 0.999506 -0.0314142 0
    outer loop
      vertex 82.5 44 7
      vertex 82.503 44.0942 2
      vertex 82.503 44.0942 7
    endloop
  endfacet
  facet normal 0.999506 -0.0314142 0
    outer loop
      vertex 82.503 44.0942 2
      vertex 82.5 44 7
      vertex 82.5 44 2
    endloop
  endfacet
  facet normal 0.509062 -0.86073 0
    outer loop
      vertex 83.1963 45.2665 2
      vertex 83.2774 45.3145 7
      vertex 83.1963 45.2665 7
    endloop
  endfacet
  facet normal 0.509062 -0.86073 0
    outer loop
      vertex 83.2774 45.3145 7
      vertex 83.1963 45.2665 2
      vertex 83.2774 45.3145 2
    endloop
  endfacet
  facet normal 0.661303 -0.750119 0
    outer loop
      vertex 82.9732 45.0935 2
      vertex 83.0439 45.1558 7
      vertex 82.9732 45.0935 7
    endloop
  endfacet
  facet normal 0.661303 -0.750119 0
    outer loop
      vertex 83.0439 45.1558 7
      vertex 82.9732 45.0935 2
      vertex 83.0439 45.1558 2
    endloop
  endfacet
  facet normal 0.562105 -0.827066 0
    outer loop
      vertex 83.1183 45.2135 2
      vertex 83.1963 45.2665 7
      vertex 83.1183 45.2135 7
    endloop
  endfacet
  facet normal 0.562105 -0.827066 0
    outer loop
      vertex 83.1963 45.2665 7
      vertex 83.1183 45.2135 2
      vertex 83.1963 45.2665 2
    endloop
  endfacet
  facet normal 0.453969 -0.891017 0
    outer loop
      vertex 83.2774 45.3145 2
      vertex 83.3613 45.3572 7
      vertex 83.2774 45.3145 7
    endloop
  endfacet
  facet normal 0.453969 -0.891017 0
    outer loop
      vertex 83.3613 45.3572 7
      vertex 83.2774 45.3145 2
      vertex 83.3613 45.3572 2
    endloop
  endfacet
  facet normal 0.278996 -0.960292 0
    outer loop
      vertex 83.5365 45.4266 2
      vertex 83.627 45.4529 7
      vertex 83.5365 45.4266 7
    endloop
  endfacet
  facet normal 0.278996 -0.960292 0
    outer loop
      vertex 83.627 45.4529 7
      vertex 83.5365 45.4266 2
      vertex 83.627 45.4529 2
    endloop
  endfacet
  facet normal 0.338715 -0.940889 0
    outer loop
      vertex 83.4478 45.3947 2
      vertex 83.5365 45.4266 7
      vertex 83.4478 45.3947 7
    endloop
  endfacet
  facet normal 0.338715 -0.940889 0
    outer loop
      vertex 83.5365 45.4266 7
      vertex 83.4478 45.3947 2
      vertex 83.5365 45.4266 2
    endloop
  endfacet
  facet normal 0.0941156 -0.995561 0
    outer loop
      vertex 83.812 45.4882 2
      vertex 83.9058 45.497 7
      vertex 83.812 45.4882 7
    endloop
  endfacet
  facet normal 0.0941156 -0.995561 0
    outer loop
      vertex 83.9058 45.497 7
      vertex 83.812 45.4882 2
      vertex 83.9058 45.497 2
    endloop
  endfacet
  facet normal -0.0940755 0.995565 0
    outer loop
      vertex 84.188 42.5118 2
      vertex 84.0942 42.503 7
      vertex 84.188 42.5118 7
    endloop
  endfacet
  facet normal -0.0940755 0.995565 0
    outer loop
      vertex 84.0942 42.503 7
      vertex 84.188 42.5118 2
      vertex 84.0942 42.503 2
    endloop
  endfacet
  facet normal -0.218169 0.975911 0
    outer loop
      vertex 84.373 42.5471 2
      vertex 84.2811 42.5266 7
      vertex 84.373 42.5471 7
    endloop
  endfacet
  facet normal -0.218169 0.975911 0
    outer loop
      vertex 84.2811 42.5266 7
      vertex 84.373 42.5471 2
      vertex 84.2811 42.5266 2
    endloop
  endfacet
  facet normal -0.397146 0.917755 0
    outer loop
      vertex 84.6387 42.6428 2
      vertex 84.5522 42.6053 7
      vertex 84.6387 42.6428 7
    endloop
  endfacet
  facet normal -0.397146 0.917755 0
    outer loop
      vertex 84.5522 42.6053 7
      vertex 84.6387 42.6428 2
      vertex 84.5522 42.6053 2
    endloop
  endfacet
  facet normal -0.509062 0.86073 0
    outer loop
      vertex 84.8037 42.7335 2
      vertex 84.7226 42.6855 7
      vertex 84.8037 42.7335 7
    endloop
  endfacet
  facet normal -0.509062 0.86073 0
    outer loop
      vertex 84.7226 42.6855 7
      vertex 84.8037 42.7335 2
      vertex 84.7226 42.6855 2
    endloop
  endfacet
  facet normal -0.82706 0.562114 0
    outer loop
      vertex 85.2135 43.1183 2
      vertex 85.2665 43.1963 7
      vertex 85.2665 43.1963 2
    endloop
  endfacet
  facet normal -0.82706 0.562114 0
    outer loop
      vertex 85.2665 43.1963 7
      vertex 85.2135 43.1183 2
      vertex 85.2135 43.1183 7
    endloop
  endfacet
  facet normal -0.940876 0.338751 0
    outer loop
      vertex 85.3947 43.4478 2
      vertex 85.4266 43.5365 7
      vertex 85.4266 43.5365 2
    endloop
  endfacet
  facet normal -0.940876 0.338751 0
    outer loop
      vertex 85.4266 43.5365 7
      vertex 85.3947 43.4478 2
      vertex 85.3947 43.4478 7
    endloop
  endfacet
  facet normal -0.960289 0.279007 0
    outer loop
      vertex 85.4266 43.5365 2
      vertex 85.4529 43.627 7
      vertex 85.4529 43.627 2
    endloop
  endfacet
  facet normal -0.960289 0.279007 0
    outer loop
      vertex 85.4529 43.627 7
      vertex 85.4266 43.5365 2
      vertex 85.4266 43.5365 7
    endloop
  endfacet
  facet normal 0.562105 0.827066 -0
    outer loop
      vertex 83.1963 42.7335 2
      vertex 83.1183 42.7865 7
      vertex 83.1963 42.7335 7
    endloop
  endfacet
  facet normal 0.562105 0.827066 0
    outer loop
      vertex 83.1183 42.7865 7
      vertex 83.1963 42.7335 2
      vertex 83.1183 42.7865 2
    endloop
  endfacet
  facet normal 0.338751 0.940876 -0
    outer loop
      vertex 83.5365 42.5734 2
      vertex 83.4478 42.6053 7
      vertex 83.5365 42.5734 7
    endloop
  endfacet
  facet normal 0.338751 0.940876 0
    outer loop
      vertex 83.4478 42.6053 7
      vertex 83.5365 42.5734 2
      vertex 83.4478 42.6053 2
    endloop
  endfacet
  facet normal 0.453969 0.891017 -0
    outer loop
      vertex 83.3613 42.6428 2
      vertex 83.2774 42.6855 7
      vertex 83.3613 42.6428 7
    endloop
  endfacet
  facet normal 0.453969 0.891017 0
    outer loop
      vertex 83.2774 42.6855 7
      vertex 83.3613 42.6428 2
      vertex 83.2774 42.6855 2
    endloop
  endfacet
  facet normal 0.156464 0.987684 -0
    outer loop
      vertex 83.812 42.5118 2
      vertex 83.7189 42.5266 7
      vertex 83.812 42.5118 7
    endloop
  endfacet
  facet normal 0.156464 0.987684 0
    outer loop
      vertex 83.7189 42.5266 7
      vertex 83.812 42.5118 2
      vertex 83.7189 42.5266 2
    endloop
  endfacet
  facet normal 0.0314142 0.999506 -0
    outer loop
      vertex 84 42.5 2
      vertex 83.9058 42.503 7
      vertex 84 42.5 7
    endloop
  endfacet
  facet normal 0.0314142 0.999506 0
    outer loop
      vertex 83.9058 42.503 7
      vertex 84 42.5 2
      vertex 83.9058 42.503 2
    endloop
  endfacet
  facet normal 0.707127 0.707087 0
    outer loop
      vertex 82.9732 42.9065 7
      vertex 82.9065 42.9732 2
      vertex 82.9065 42.9732 7
    endloop
  endfacet
  facet normal 0.707127 0.707087 0
    outer loop
      vertex 82.9065 42.9732 2
      vertex 82.9732 42.9065 7
      vertex 82.9732 42.9065 2
    endloop
  endfacet
  facet normal 0.790165 0.612895 0
    outer loop
      vertex 82.8442 43.0439 7
      vertex 82.7865 43.1183 2
      vertex 82.7865 43.1183 7
    endloop
  endfacet
  facet normal 0.790165 0.612895 0
    outer loop
      vertex 82.7865 43.1183 2
      vertex 82.8442 43.0439 7
      vertex 82.8442 43.0439 2
    endloop
  endfacet
  facet normal 0.891026 0.453953 0
    outer loop
      vertex 82.6855 43.2774 7
      vertex 82.6428 43.3613 2
      vertex 82.6428 43.3613 7
    endloop
  endfacet
  facet normal 0.891026 0.453953 0
    outer loop
      vertex 82.6428 43.3613 2
      vertex 82.6855 43.2774 7
      vertex 82.6855 43.2774 2
    endloop
  endfacet
  facet normal 0.940902 0.338679 0
    outer loop
      vertex 82.6053 43.4478 7
      vertex 82.5734 43.5365 2
      vertex 82.5734 43.5365 7
    endloop
  endfacet
  facet normal 0.940902 0.338679 0
    outer loop
      vertex 82.5734 43.5365 2
      vertex 82.6053 43.4478 7
      vertex 82.6053 43.4478 2
    endloop
  endfacet
  facet normal 0.960289 0.279007 0
    outer loop
      vertex 82.5734 43.5365 7
      vertex 82.5471 43.627 2
      vertex 82.5471 43.627 7
    endloop
  endfacet
  facet normal 0.960289 0.279007 0
    outer loop
      vertex 82.5471 43.627 2
      vertex 82.5734 43.5365 7
      vertex 82.5734 43.5365 2
    endloop
  endfacet
  facet normal 0.917734 0.397195 0
    outer loop
      vertex 82.6428 43.3613 7
      vertex 82.6053 43.4478 2
      vertex 82.6053 43.4478 7
    endloop
  endfacet
  facet normal 0.917734 0.397195 0
    outer loop
      vertex 82.6053 43.4478 2
      vertex 82.6428 43.3613 7
      vertex 82.6428 43.3613 2
    endloop
  endfacet
  facet normal 0.975904 0.218199 0
    outer loop
      vertex 82.5471 43.627 7
      vertex 82.5266 43.7189 2
      vertex 82.5266 43.7189 7
    endloop
  endfacet
  facet normal 0.975904 0.218199 0
    outer loop
      vertex 82.5266 43.7189 2
      vertex 82.5471 43.627 7
      vertex 82.5471 43.627 2
    endloop
  endfacet
  facet normal 0.995565 0.0940793 0
    outer loop
      vertex 82.5118 43.812 7
      vertex 82.503 43.9058 2
      vertex 82.503 43.9058 7
    endloop
  endfacet
  facet normal 0.995565 0.0940793 0
    outer loop
      vertex 82.503 43.9058 2
      vertex 82.5118 43.812 7
      vertex 82.5118 43.812 2
    endloop
  endfacet
  facet normal 0.860758 -0.509014 0
    outer loop
      vertex 82.6855 44.7226 7
      vertex 82.7335 44.8037 2
      vertex 82.7335 44.8037 7
    endloop
  endfacet
  facet normal 0.860758 -0.509014 0
    outer loop
      vertex 82.7335 44.8037 2
      vertex 82.6855 44.7226 7
      vertex 82.6855 44.7226 2
    endloop
  endfacet
  facet normal 0.827047 -0.562133 0
    outer loop
      vertex 82.7335 44.8037 7
      vertex 82.7865 44.8817 2
      vertex 82.7865 44.8817 7
    endloop
  endfacet
  facet normal 0.827047 -0.562133 0
    outer loop
      vertex 82.7865 44.8817 2
      vertex 82.7335 44.8037 7
      vertex 82.7335 44.8037 2
    endloop
  endfacet
  facet normal 0.999506 0.0314142 0
    outer loop
      vertex 82.503 43.9058 7
      vertex 82.5 44 2
      vertex 82.5 44 7
    endloop
  endfacet
  facet normal 0.999506 0.0314142 0
    outer loop
      vertex 82.5 44 2
      vertex 82.503 43.9058 7
      vertex 82.503 43.9058 2
    endloop
  endfacet
  facet normal -0.156464 0.987684 0
    outer loop
      vertex 84.2811 42.5266 2
      vertex 84.188 42.5118 7
      vertex 84.2811 42.5266 7
    endloop
  endfacet
  facet normal -0.156464 0.987684 0
    outer loop
      vertex 84.188 42.5118 7
      vertex 84.2811 42.5266 2
      vertex 84.188 42.5118 2
    endloop
  endfacet
  facet normal -0.338751 0.940876 0
    outer loop
      vertex 84.5522 42.6053 2
      vertex 84.4635 42.5734 7
      vertex 84.5522 42.6053 7
    endloop
  endfacet
  facet normal -0.338751 0.940876 0
    outer loop
      vertex 84.4635 42.5734 7
      vertex 84.5522 42.6053 2
      vertex 84.4635 42.5734 2
    endloop
  endfacet
  facet normal -0.453969 0.891017 0
    outer loop
      vertex 84.7226 42.6855 2
      vertex 84.6387 42.6428 7
      vertex 84.7226 42.6855 7
    endloop
  endfacet
  facet normal -0.453969 0.891017 0
    outer loop
      vertex 84.6387 42.6428 7
      vertex 84.7226 42.6855 2
      vertex 84.6387 42.6428 2
    endloop
  endfacet
  facet normal -0.750101 0.661323 0
    outer loop
      vertex 85.0935 42.9732 2
      vertex 85.1558 43.0439 7
      vertex 85.1558 43.0439 2
    endloop
  endfacet
  facet normal -0.750101 0.661323 0
    outer loop
      vertex 85.1558 43.0439 7
      vertex 85.0935 42.9732 2
      vertex 85.0935 42.9732 7
    endloop
  endfacet
  facet normal -0.562105 0.827066 0
    outer loop
      vertex 84.8817 42.7865 2
      vertex 84.8037 42.7335 7
      vertex 84.8817 42.7865 7
    endloop
  endfacet
  facet normal -0.562105 0.827066 0
    outer loop
      vertex 84.8037 42.7335 7
      vertex 84.8817 42.7865 2
      vertex 84.8037 42.7335 2
    endloop
  endfacet
  facet normal -0.860748 0.509032 0
    outer loop
      vertex 85.2665 43.1963 2
      vertex 85.3145 43.2774 7
      vertex 85.3145 43.2774 2
    endloop
  endfacet
  facet normal -0.860748 0.509032 0
    outer loop
      vertex 85.3145 43.2774 7
      vertex 85.2665 43.1963 2
      vertex 85.2665 43.1963 7
    endloop
  endfacet
  facet normal -0.917764 0.397127 0
    outer loop
      vertex 85.3572 43.3613 2
      vertex 85.3947 43.4478 7
      vertex 85.3947 43.4478 2
    endloop
  endfacet
  facet normal -0.917764 0.397127 0
    outer loop
      vertex 85.3947 43.4478 7
      vertex 85.3572 43.3613 2
      vertex 85.3572 43.3613 7
    endloop
  endfacet
  facet normal -0.995565 0.0940793 0
    outer loop
      vertex 85.4882 43.812 2
      vertex 85.497 43.9058 7
      vertex 85.497 43.9058 2
    endloop
  endfacet
  facet normal -0.995565 0.0940793 0
    outer loop
      vertex 85.497 43.9058 7
      vertex 85.4882 43.812 2
      vertex 85.4882 43.812 7
    endloop
  endfacet
  facet normal -0.975904 0.218199 0
    outer loop
      vertex 85.4529 43.627 2
      vertex 85.4734 43.7189 7
      vertex 85.4734 43.7189 2
    endloop
  endfacet
  facet normal -0.975904 0.218199 0
    outer loop
      vertex 85.4734 43.7189 7
      vertex 85.4529 43.627 2
      vertex 85.4529 43.627 7
    endloop
  endfacet
  facet normal 0.509062 0.86073 -0
    outer loop
      vertex 83.2774 42.6855 2
      vertex 83.1963 42.7335 7
      vertex 83.2774 42.6855 7
    endloop
  endfacet
  facet normal 0.509062 0.86073 0
    outer loop
      vertex 83.1963 42.7335 7
      vertex 83.2774 42.6855 2
      vertex 83.1963 42.7335 2
    endloop
  endfacet
  facet normal 0.397146 0.917755 -0
    outer loop
      vertex 83.4478 42.6053 2
      vertex 83.3613 42.6428 7
      vertex 83.4478 42.6053 7
    endloop
  endfacet
  facet normal 0.397146 0.917755 0
    outer loop
      vertex 83.3613 42.6428 7
      vertex 83.4478 42.6053 2
      vertex 83.3613 42.6428 2
    endloop
  endfacet
  facet normal 0.218169 0.975911 -0
    outer loop
      vertex 83.7189 42.5266 2
      vertex 83.627 42.5471 7
      vertex 83.7189 42.5266 7
    endloop
  endfacet
  facet normal 0.218169 0.975911 0
    outer loop
      vertex 83.627 42.5471 7
      vertex 83.7189 42.5266 2
      vertex 83.627 42.5471 2
    endloop
  endfacet
  facet normal 0.82706 0.562114 0
    outer loop
      vertex 82.7865 43.1183 7
      vertex 82.7335 43.1963 2
      vertex 82.7335 43.1963 7
    endloop
  endfacet
  facet normal 0.82706 0.562114 0
    outer loop
      vertex 82.7335 43.1963 2
      vertex 82.7865 43.1183 7
      vertex 82.7865 43.1183 2
    endloop
  endfacet
  facet normal 0.987691 0.156418 0
    outer loop
      vertex 82.5266 43.7189 7
      vertex 82.5118 43.812 2
      vertex 82.5118 43.812 7
    endloop
  endfacet
  facet normal 0.987691 0.156418 0
    outer loop
      vertex 82.5118 43.812 2
      vertex 82.5266 43.7189 7
      vertex 82.5266 43.7189 2
    endloop
  endfacet
  facet normal -0.999506 0.0314142 0
    outer loop
      vertex 85.497 43.9058 2
      vertex 85.5 44 7
      vertex 85.5 44 2
    endloop
  endfacet
  facet normal -0.999506 0.0314142 0
    outer loop
      vertex 85.5 44 7
      vertex 85.497 43.9058 2
      vertex 85.497 43.9058 7
    endloop
  endfacet
endsolid OpenSCAD_Model
